/* Derived from Go's src/vendor/golang.org/x/text/unicode/norm/tables17.0.0.go.
 * Go source: go1.27.1, golang.org/x/text v0.37.0.
 *
 * Generated by tools/gen-xtext-norm.sh from the Go tables. Do not edit.
 *
 * Copyright 2011 The Go Authors. All rights reserved.
 * Copyright 2026 The burrow Authors. All rights reserved.
 * Use of this source code is governed by a BSD-style licence that can be found
 * in the LICENSE file. */

#include "norm.h"
#include "norm_tables.h"

/* clang-format off */

const uint8_t burrow__norm_ccc_table[56] = {
    0, 1, 6, 7, 8, 9, 10, 11, 12, 13, 14, 15, 16, 17, 18, 19,
    20, 21, 22, 23, 24, 25, 26, 27, 28, 29, 30, 31, 32, 33, 34, 35,
    36, 84, 91, 103, 107, 118, 122, 129, 130, 132, 202, 214, 216, 218, 220, 222,
    224, 226, 228, 230, 232, 233, 234, 240,
};

const uint8_t burrow__norm_decomps[19650] = {
    0x0, 0x41, 0x20, 0x41, 0x21, 0x41, 0x22, 0x41, 0x23, 0x41, 0x24, 0x41, 0x25, 0x41, 0x26, 0x41,
    0x27, 0x41, 0x28, 0x41, 0x29, 0x41, 0x2a, 0x41, 0x2b, 0x41, 0x2c, 0x41, 0x2d, 0x41, 0x2e, 0x41,
    0x2f, 0x41, 0x30, 0x41, 0x31, 0x41, 0x32, 0x41, 0x33, 0x41, 0x34, 0x41, 0x35, 0x41, 0x36, 0x41,
    0x37, 0x41, 0x38, 0x41, 0x39, 0x41, 0x3a, 0x41, 0x3b, 0x41, 0x3c, 0x41, 0x3d, 0x41, 0x3e, 0x41,
    0x3f, 0x41, 0x40, 0x41, 0x41, 0x41, 0x42, 0x41, 0x43, 0x41, 0x44, 0x41, 0x45, 0x41, 0x46, 0x41,
    0x47, 0x41, 0x48, 0x41, 0x49, 0x41, 0x4a, 0x41, 0x4b, 0x41, 0x4c, 0x41, 0x4d, 0x41, 0x4e, 0x41,
    0x4f, 0x41, 0x50, 0x41, 0x51, 0x41, 0x52, 0x41, 0x53, 0x41, 0x54, 0x41, 0x55, 0x41, 0x56, 0x41,
    0x57, 0x41, 0x58, 0x41, 0x59, 0x41, 0x5a, 0x41, 0x5b, 0x41, 0x5c, 0x41, 0x5d, 0x41, 0x5e, 0x41,
    0x5f, 0x41, 0x60, 0x41, 0x61, 0x41, 0x62, 0x41, 0x63, 0x41, 0x64, 0x41, 0x65, 0x41, 0x66, 0x41,
    0x67, 0x41, 0x68, 0x41, 0x69, 0x41, 0x6a, 0x41, 0x6b, 0x41, 0x6c, 0x41, 0x6d, 0x41, 0x6e, 0x41,
    0x6f, 0x41, 0x70, 0x41, 0x71, 0x41, 0x72, 0x41, 0x73, 0x41, 0x74, 0x41, 0x75, 0x41, 0x76, 0x41,
    0x77, 0x41, 0x78, 0x41, 0x79, 0x41, 0x7a, 0x41, 0x7b, 0x41, 0x7c, 0x41, 0x7d, 0x41, 0x7e, 0x42,
    0xc2, 0xa2, 0x42, 0xc2, 0xa3, 0x42, 0xc2, 0xa5, 0x42, 0xc2, 0xa6, 0x42, 0xc2, 0xac, 0x42, 0xc2,
    0xb7, 0x42, 0xc3, 0x86, 0x42, 0xc3, 0xa6, 0x42, 0xc3, 0xb0, 0x42, 0xc3, 0xb8, 0x42, 0xc4, 0xa6,
    0x42, 0xc4, 0xa7, 0x42, 0xc4, 0xb1, 0x42, 0xc5, 0x8b, 0x42, 0xc5, 0x93, 0x42, 0xc6, 0x8e, 0x42,
    0xc6, 0x90, 0x42, 0xc6, 0xab, 0x42, 0xc7, 0x80, 0x42, 0xc7, 0x81, 0x42, 0xc7, 0x82, 0x42, 0xc8,
    0xa2, 0x42, 0xc8, 0xb7, 0x42, 0xc9, 0x90, 0x42, 0xc9, 0x91, 0x42, 0xc9, 0x92, 0x42, 0xc9, 0x93,
    0x42, 0xc9, 0x94, 0x42, 0xc9, 0x95, 0x42, 0xc9, 0x96, 0x42, 0xc9, 0x97, 0x42, 0xc9, 0x98, 0x42,
    0xc9, 0x99, 0x42, 0xc9, 0x9b, 0x42, 0xc9, 0x9c, 0x42, 0xc9, 0x9e, 0x42, 0xc9, 0x9f, 0x42, 0xc9,
    0xa0, 0x42, 0xc9, 0xa1, 0x42, 0xc9, 0xa2, 0x42, 0xc9, 0xa3, 0x42, 0xc9, 0xa4, 0x42, 0xc9, 0xa5,
    0x42, 0xc9, 0xa6, 0x42, 0xc9, 0xa7, 0x42, 0xc9, 0xa8, 0x42, 0xc9, 0xa9, 0x42, 0xc9, 0xaa, 0x42,
    0xc9, 0xab, 0x42, 0xc9, 0xac, 0x42, 0xc9, 0xad, 0x42, 0xc9, 0xae, 0x42, 0xc9, 0xaf, 0x42, 0xc9,
    0xb0, 0x42, 0xc9, 0xb1, 0x42, 0xc9, 0xb2, 0x42, 0xc9, 0xb3, 0x42, 0xc9, 0xb4, 0x42, 0xc9, 0xb5,
    0x42, 0xc9, 0xb6, 0x42, 0xc9, 0xb7, 0x42, 0xc9, 0xb8, 0x42, 0xc9, 0xb9, 0x42, 0xc9, 0xba, 0x42,
    0xc9, 0xbb, 0x42, 0xc9, 0xbd, 0x42, 0xc9, 0xbe, 0x42, 0xca, 0x80, 0x42, 0xca, 0x81, 0x42, 0xca,
    0x82, 0x42, 0xca, 0x83, 0x42, 0xca, 0x84, 0x42, 0xca, 0x88, 0x42, 0xca, 0x89, 0x42, 0xca, 0x8a,
    0x42, 0xca, 0x8b, 0x42, 0xca, 0x8c, 0x42, 0xca, 0x8d, 0x42, 0xca, 0x8e, 0x42, 0xca, 0x8f, 0x42,
    0xca, 0x90, 0x42, 0xca, 0x91, 0x42, 0xca, 0x92, 0x42, 0xca, 0x95, 0x42, 0xca, 0x98, 0x42, 0xca,
    0x99, 0x42, 0xca, 0x9b, 0x42, 0xca, 0x9c, 0x42, 0xca, 0x9d, 0x42, 0xca, 0x9f, 0x42, 0xca, 0xa1,
    0x42, 0xca, 0xa2, 0x42, 0xca, 0xa3, 0x42, 0xca, 0xa4, 0x42, 0xca, 0xa5, 0x42, 0xca, 0xa6, 0x42,
    0xca, 0xa7, 0x42, 0xca, 0xa8, 0x42, 0xca, 0xa9, 0x42, 0xca, 0xaa, 0x42, 0xca, 0xab, 0x42, 0xca,
    0xb9, 0x42, 0xcb, 0x90, 0x42, 0xcb, 0x91, 0x42, 0xce, 0x91, 0x42, 0xce, 0x92, 0x42, 0xce, 0x93,
    0x42, 0xce, 0x94, 0x42, 0xce, 0x95, 0x42, 0xce, 0x96, 0x42, 0xce, 0x97, 0x42, 0xce, 0x98, 0x42,
    0xce, 0x99, 0x42, 0xce, 0x9a, 0x42, 0xce, 0x9b, 0x42, 0xce, 0x9c, 0x42, 0xce, 0x9d, 0x42, 0xce,
    0x9e, 0x42, 0xce, 0x9f, 0x42, 0xce, 0xa0, 0x42, 0xce, 0xa1, 0x42, 0xce, 0xa3, 0x42, 0xce, 0xa4,
    0x42, 0xce, 0xa5, 0x42, 0xce, 0xa6, 0x42, 0xce, 0xa7, 0x42, 0xce, 0xa8, 0x42, 0xce, 0xa9, 0x42,
    0xce, 0xb1, 0x42, 0xce, 0xb2, 0x42, 0xce, 0xb3, 0x42, 0xce, 0xb4, 0x42, 0xce, 0xb5, 0x42, 0xce,
    0xb6, 0x42, 0xce, 0xb7, 0x42, 0xce, 0xb8, 0x42, 0xce, 0xb9, 0x42, 0xce, 0xba, 0x42, 0xce, 0xbb,
    0x42, 0xce, 0xbc, 0x42, 0xce, 0xbd, 0x42, 0xce, 0xbe, 0x42, 0xce, 0xbf, 0x42, 0xcf, 0x80, 0x42,
    0xcf, 0x81, 0x42, 0xcf, 0x82, 0x42, 0xcf, 0x83, 0x42, 0xcf, 0x84, 0x42, 0xcf, 0x85, 0x42, 0xcf,
    0x86, 0x42, 0xcf, 0x87, 0x42, 0xcf, 0x88, 0x42, 0xcf, 0x89, 0x42, 0xcf, 0x9c, 0x42, 0xcf, 0x9d,
    0x42, 0xd0, 0xb0, 0x42, 0xd0, 0xb1, 0x42, 0xd0, 0xb2, 0x42, 0xd0, 0xb3, 0x42, 0xd0, 0xb4, 0x42,
    0xd0, 0xb5, 0x42, 0xd0, 0xb6, 0x42, 0xd0, 0xb7, 0x42, 0xd0, 0xb8, 0x42, 0xd0, 0xba, 0x42, 0xd0,
    0xbb, 0x42, 0xd0, 0xbc, 0x42, 0xd0, 0xbd, 0x42, 0xd0, 0xbe, 0x42, 0xd0, 0xbf, 0x42, 0xd1, 0x80,
    0x42, 0xd1, 0x81, 0x42, 0xd1, 0x82, 0x42, 0xd1, 0x83, 0x42, 0xd1, 0x84, 0x42, 0xd1, 0x85, 0x42,
    0xd1, 0x86, 0x42, 0xd1, 0x87, 0x42, 0xd1, 0x88, 0x42, 0xd1, 0x8a, 0x42, 0xd1, 0x8b, 0x42, 0xd1,
    0x8c, 0x42, 0xd1, 0x8d, 0x42, 0xd1, 0x8e, 0x42, 0xd1, 0x95, 0x42, 0xd1, 0x96, 0x42, 0xd1, 0x98,
    0x42, 0xd1, 0x9f, 0x42, 0xd2, 0x91, 0x42, 0xd2, 0xab, 0x42, 0xd2, 0xaf, 0x42, 0xd2, 0xb1, 0x42,
    0xd3, 0x8f, 0x42, 0xd3, 0x99, 0x42, 0xd3, 0xa9, 0x42, 0xd7, 0x90, 0x42, 0xd7, 0x91, 0x42, 0xd7,
    0x92, 0x42, 0xd7, 0x93, 0x42, 0xd7, 0x94, 0x42, 0xd7, 0x9b, 0x42, 0xd7, 0x9c, 0x42, 0xd7, 0x9d,
    0x42, 0xd7, 0xa2, 0x42, 0xd7, 0xa8, 0x42, 0xd7, 0xaa, 0x42, 0xd8, 0xa1, 0x42, 0xd8, 0xa7, 0x42,
    0xd8, 0xa8, 0x42, 0xd8, 0xa9, 0x42, 0xd8, 0xaa, 0x42, 0xd8, 0xab, 0x42, 0xd8, 0xac, 0x42, 0xd8,
    0xad, 0x42, 0xd8, 0xae, 0x42, 0xd8, 0xaf, 0x42, 0xd8, 0xb0, 0x42, 0xd8, 0xb1, 0x42, 0xd8, 0xb2,
    0x42, 0xd8, 0xb3, 0x42, 0xd8, 0xb4, 0x42, 0xd8, 0xb5, 0x42, 0xd8, 0xb6, 0x42, 0xd8, 0xb7, 0x42,
    0xd8, 0xb8, 0x42, 0xd8, 0xb9, 0x42, 0xd8, 0xba, 0x42, 0xd9, 0x81, 0x42, 0xd9, 0x82, 0x42, 0xd9,
    0x83, 0x42, 0xd9, 0x84, 0x42, 0xd9, 0x85, 0x42, 0xd9, 0x86, 0x42, 0xd9, 0x87, 0x42, 0xd9, 0x88,
    0x42, 0xd9, 0x89, 0x42, 0xd9, 0x8a, 0x42, 0xd9, 0xae, 0x42, 0xd9, 0xaf, 0x42, 0xd9, 0xb1, 0x42,
    0xd9, 0xb9, 0x42, 0xd9, 0xba, 0x42, 0xd9, 0xbb, 0x42, 0xd9, 0xbe, 0x42, 0xd9, 0xbf, 0x42, 0xda,
    0x80, 0x42, 0xda, 0x83, 0x42, 0xda, 0x84, 0x42, 0xda, 0x86, 0x42, 0xda, 0x87, 0x42, 0xda, 0x88,
    0x42, 0xda, 0x8c, 0x42, 0xda, 0x8d, 0x42, 0xda, 0x8e, 0x42, 0xda, 0x91, 0x42, 0xda, 0x98, 0x42,
    0xda, 0xa1, 0x42, 0xda, 0xa4, 0x42, 0xda, 0xa6, 0x42, 0xda, 0xa9, 0x42, 0xda, 0xad, 0x42, 0xda,
    0xaf, 0x42, 0xda, 0xb1, 0x42, 0xda, 0xb3, 0x42, 0xda, 0xba, 0x42, 0xda, 0xbb, 0x42, 0xda, 0xbe,
    0x42, 0xdb, 0x81, 0x42, 0xdb, 0x85, 0x42, 0xdb, 0x86, 0x42, 0xdb, 0x87, 0x42, 0xdb, 0x88, 0x42,
    0xdb, 0x89, 0x42, 0xdb, 0x8b, 0x42, 0xdb, 0x8c, 0x42, 0xdb, 0x90, 0x42, 0xdb, 0x92, 0x43, 0xe0,
    0xbc, 0x8b, 0x43, 0xe1, 0x83, 0x9c, 0x43, 0xe1, 0x84, 0x80, 0x43, 0xe1, 0x84, 0x81, 0x43, 0xe1,
    0x84, 0x82, 0x43, 0xe1, 0x84, 0x83, 0x43, 0xe1, 0x84, 0x84, 0x43, 0xe1, 0x84, 0x85, 0x43, 0xe1,
    0x84, 0x86, 0x43, 0xe1, 0x84, 0x87, 0x43, 0xe1, 0x84, 0x88, 0x43, 0xe1, 0x84, 0x89, 0x43, 0xe1,
    0x84, 0x8a, 0x43, 0xe1, 0x84, 0x8b, 0x43, 0xe1, 0x84, 0x8c, 0x43, 0xe1, 0x84, 0x8d, 0x43, 0xe1,
    0x84, 0x8e, 0x43, 0xe1, 0x84, 0x8f, 0x43, 0xe1, 0x84, 0x90, 0x43, 0xe1, 0x84, 0x91, 0x43, 0xe1,
    0x84, 0x92, 0x43, 0xe1, 0x84, 0x94, 0x43, 0xe1, 0x84, 0x95, 0x43, 0xe1, 0x84, 0x9a, 0x43, 0xe1,
    0x84, 0x9c, 0x43, 0xe1, 0x84, 0x9d, 0x43, 0xe1, 0x84, 0x9e, 0x43, 0xe1, 0x84, 0xa0, 0x43, 0xe1,
    0x84, 0xa1, 0x43, 0xe1, 0x84, 0xa2, 0x43, 0xe1, 0x84, 0xa3, 0x43, 0xe1, 0x84, 0xa7, 0x43, 0xe1,
    0x84, 0xa9, 0x43, 0xe1, 0x84, 0xab, 0x43, 0xe1, 0x84, 0xac, 0x43, 0xe1, 0x84, 0xad, 0x43, 0xe1,
    0x84, 0xae, 0x43, 0xe1, 0x84, 0xaf, 0x43, 0xe1, 0x84, 0xb2, 0x43, 0xe1, 0x84, 0xb6, 0x43, 0xe1,
    0x85, 0x80, 0x43, 0xe1, 0x85, 0x87, 0x43, 0xe1, 0x85, 0x8c, 0x43, 0xe1, 0x85, 0x97, 0x43, 0xe1,
    0x85, 0x98, 0x43, 0xe1, 0x85, 0x99, 0x43, 0xe1, 0x85, 0xa0, 0x43, 0xe1, 0x86, 0x84, 0x43, 0xe1,
    0x86, 0x85, 0x43, 0xe1, 0x86, 0x88, 0x43, 0xe1, 0x86, 0x91, 0x43, 0xe1, 0x86, 0x92, 0x43, 0xe1,
    0x86, 0x94, 0x43, 0xe1, 0x86, 0x9e, 0x43, 0xe1, 0x86, 0xa1, 0x43, 0xe1, 0x87, 0x87, 0x43, 0xe1,
    0x87, 0x88, 0x43, 0xe1, 0x87, 0x8c, 0x43, 0xe1, 0x87, 0x8e, 0x43, 0xe1, 0x87, 0x93, 0x43, 0xe1,
    0x87, 0x97, 0x43, 0xe1, 0x87, 0x99, 0x43, 0xe1, 0x87, 0x9d, 0x43, 0xe1, 0x87, 0x9f, 0x43, 0xe1,
    0x87, 0xb1, 0x43, 0xe1, 0x87, 0xb2, 0x43, 0xe1, 0xb4, 0x82, 0x43, 0xe1, 0xb4, 0x96, 0x43, 0xe1,
    0xb4, 0x97, 0x43, 0xe1, 0xb4, 0x9c, 0x43, 0xe1, 0xb4, 0x9d, 0x43, 0xe1, 0xb4, 0xa5, 0x43, 0xe1,
    0xb5, 0xbb, 0x43, 0xe1, 0xb6, 0x85, 0x43, 0xe1, 0xb6, 0x91, 0x43, 0xe2, 0x80, 0x82, 0x43, 0xe2,
    0x80, 0x83, 0x43, 0xe2, 0x80, 0x90, 0x43, 0xe2, 0x80, 0x93, 0x43, 0xe2, 0x80, 0x94, 0x43, 0xe2,
    0x82, 0xa9, 0x43, 0xe2, 0x86, 0x90, 0x43, 0xe2, 0x86, 0x91, 0x43, 0xe2, 0x86, 0x92, 0x43, 0xe2,
    0x86, 0x93, 0x43, 0xe2, 0x88, 0x82, 0x43, 0xe2, 0x88, 0x87, 0x43, 0xe2, 0x88, 0x91, 0x43, 0xe2,
    0x88, 0x92, 0x43, 0xe2, 0x94, 0x82, 0x43, 0xe2, 0x96, 0xa0, 0x43, 0xe2, 0x97, 0x8b, 0x43, 0xe2,
    0xa6, 0x85, 0x43, 0xe2, 0xa6, 0x86, 0x43, 0xe2, 0xb1, 0xb1, 0x43, 0xe2, 0xb5, 0xa1, 0x43, 0xe3,
    0x80, 0x81, 0x43, 0xe3, 0x80, 0x82, 0x43, 0xe3, 0x80, 0x88, 0x43, 0xe3, 0x80, 0x89, 0x43, 0xe3,
    0x80, 0x8a, 0x43, 0xe3, 0x80, 0x8b, 0x43, 0xe3, 0x80, 0x8c, 0x43, 0xe3, 0x80, 0x8d, 0x43, 0xe3,
    0x80, 0x8e, 0x43, 0xe3, 0x80, 0x8f, 0x43, 0xe3, 0x80, 0x90, 0x43, 0xe3, 0x80, 0x91, 0x43, 0xe3,
    0x80, 0x92, 0x43, 0xe3, 0x80, 0x94, 0x43, 0xe3, 0x80, 0x95, 0x43, 0xe3, 0x80, 0x96, 0x43, 0xe3,
    0x80, 0x97, 0x43, 0xe3, 0x82, 0xa1, 0x43, 0xe3, 0x82, 0xa2, 0x43, 0xe3, 0x82, 0xa3, 0x43, 0xe3,
    0x82, 0xa4, 0x43, 0xe3, 0x82, 0xa5, 0x43, 0xe3, 0x82, 0xa6, 0x43, 0xe3, 0x82, 0xa7, 0x43, 0xe3,
    0x82, 0xa8, 0x43, 0xe3, 0x82, 0xa9, 0x43, 0xe3, 0x82, 0xaa, 0x43, 0xe3, 0x82, 0xab, 0x43, 0xe3,
    0x82, 0xad, 0x43, 0xe3, 0x82, 0xaf, 0x43, 0xe3, 0x82, 0xb1, 0x43, 0xe3, 0x82, 0xb3, 0x43, 0xe3,
    0x82, 0xb5, 0x43, 0xe3, 0x82, 0xb7, 0x43, 0xe3, 0x82, 0xb9, 0x43, 0xe3, 0x82, 0xbb, 0x43, 0xe3,
    0x82, 0xbd, 0x43, 0xe3, 0x82, 0xbf, 0x43, 0xe3, 0x83, 0x81, 0x43, 0xe3, 0x83, 0x83, 0x43, 0xe3,
    0x83, 0x84, 0x43, 0xe3, 0x83, 0x86, 0x43, 0xe3, 0x83, 0x88, 0x43, 0xe3, 0x83, 0x8a, 0x43, 0xe3,
    0x83, 0x8b, 0x43, 0xe3, 0x83, 0x8c, 0x43, 0xe3, 0x83, 0x8d, 0x43, 0xe3, 0x83, 0x8e, 0x43, 0xe3,
    0x83, 0x8f, 0x43, 0xe3, 0x83, 0x92, 0x43, 0xe3, 0x83, 0x95, 0x43, 0xe3, 0x83, 0x98, 0x43, 0xe3,
    0x83, 0x9b, 0x43, 0xe3, 0x83, 0x9e, 0x43, 0xe3, 0x83, 0x9f, 0x43, 0xe3, 0x83, 0xa0, 0x43, 0xe3,
    0x83, 0xa1, 0x43, 0xe3, 0x83, 0xa2, 0x43, 0xe3, 0x83, 0xa3, 0x43, 0xe3, 0x83, 0xa4, 0x43, 0xe3,
    0x83, 0xa5, 0x43, 0xe3, 0x83, 0xa6, 0x43, 0xe3, 0x83, 0xa7, 0x43, 0xe3, 0x83, 0xa8, 0x43, 0xe3,
    0x83, 0xa9, 0x43, 0xe3, 0x83, 0xaa, 0x43, 0xe3, 0x83, 0xab, 0x43, 0xe3, 0x83, 0xac, 0x43, 0xe3,
    0x83, 0xad, 0x43, 0xe3, 0x83, 0xaf, 0x43, 0xe3, 0x83, 0xb0, 0x43, 0xe3, 0x83, 0xb1, 0x43, 0xe3,
    0x83, 0xb2, 0x43, 0xe3, 0x83, 0xb3, 0x43, 0xe3, 0x83, 0xbb, 0x43, 0xe3, 0x83, 0xbc, 0x43, 0xe3,
    0x92, 0x9e, 0x43, 0xe3, 0x92, 0xb9, 0x43, 0xe3, 0x92, 0xbb, 0x43, 0xe3, 0x93, 0x9f, 0x43, 0xe3,
    0x94, 0x95, 0x43, 0xe3, 0x9b, 0xae, 0x43, 0xe3, 0x9b, 0xbc, 0x43, 0xe3, 0x9e, 0x81, 0x43, 0xe3,
    0xa0, 0xaf, 0x43, 0xe3, 0xa1, 0xa2, 0x43, 0xe3, 0xa1, 0xbc, 0x43, 0xe3, 0xa3, 0x87, 0x43, 0xe3,
    0xa3, 0xa3, 0x43, 0xe3, 0xa4, 0x9c, 0x43, 0xe3, 0xa4, 0xba, 0x43, 0xe3, 0xa8, 0xae, 0x43, 0xe3,
    0xa9, 0xac, 0x43, 0xe3, 0xab, 0xa4, 0x43, 0xe3, 0xac, 0x88, 0x43, 0xe3, 0xac, 0x99, 0x43, 0xe3,
    0xad, 0x89, 0x43, 0xe3, 0xae, 0x9d, 0x43, 0xe3, 0xb0, 0x98, 0x43, 0xe3, 0xb1, 0x8e, 0x43, 0xe3,
    0xb4, 0xb3, 0x43, 0xe3, 0xb6, 0x96, 0x43, 0xe3, 0xba, 0xac, 0x43, 0xe3, 0xba, 0xb8, 0x43, 0xe3,
    0xbc, 0x9b, 0x43, 0xe3, 0xbf, 0xbc, 0x43, 0xe4, 0x80, 0x88, 0x43, 0xe4, 0x80, 0x98, 0x43, 0xe4,
    0x80, 0xb9, 0x43, 0xe4, 0x81, 0x86, 0x43, 0xe4, 0x82, 0x96, 0x43, 0xe4, 0x83, 0xa3, 0x43, 0xe4,
    0x84, 0xaf, 0x43, 0xe4, 0x88, 0x82, 0x43, 0xe4, 0x88, 0xa7, 0x43, 0xe4, 0x8a, 0xa0, 0x43, 0xe4,
    0x8c, 0x81, 0x43, 0xe4, 0x8c, 0xb4, 0x43, 0xe4, 0x8d, 0x99, 0x43, 0xe4, 0x8f, 0x95, 0x43, 0xe4,
    0x8f, 0x99, 0x43, 0xe4, 0x90, 0x8b, 0x43, 0xe4, 0x91, 0xab, 0x43, 0xe4, 0x94, 0xab, 0x43, 0xe4,
    0x95, 0x9d, 0x43, 0xe4, 0x95, 0xa1, 0x43, 0xe4, 0x95, 0xab, 0x43, 0xe4, 0x97, 0x97, 0x43, 0xe4,
    0x97, 0xb9, 0x43, 0xe4, 0x98, 0xb5, 0x43, 0xe4, 0x9a, 0xbe, 0x43, 0xe4, 0x9b, 0x87, 0x43, 0xe4,
    0xa6, 0x95, 0x43, 0xe4, 0xa7, 0xa6, 0x43, 0xe4, 0xa9, 0xae, 0x43, 0xe4, 0xa9, 0xb6, 0x43, 0xe4,
    0xaa, 0xb2, 0x43, 0xe4, 0xac, 0xb3, 0x43, 0xe4, 0xaf, 0x8e, 0x43, 0xe4, 0xb3, 0x8e, 0x43, 0xe4,
    0xb3, 0xad, 0x43, 0xe4, 0xb3, 0xb8, 0x43, 0xe4, 0xb5, 0x96, 0x43, 0xe4, 0xb8, 0x80, 0x43, 0xe4,
    0xb8, 0x81, 0x43, 0xe4, 0xb8, 0x83, 0x43, 0xe4, 0xb8, 0x89, 0x43, 0xe4, 0xb8, 0x8a, 0x43, 0xe4,
    0xb8, 0x8b, 0x43, 0xe4, 0xb8, 0x8d, 0x43, 0xe4, 0xb8, 0x99, 0x43, 0xe4, 0xb8, 0xa6, 0x43, 0xe4,
    0xb8, 0xa8, 0x43, 0xe4, 0xb8, 0xad, 0x43, 0xe4, 0xb8, 0xb2, 0x43, 0xe4, 0xb8, 0xb6, 0x43, 0xe4,
    0xb8, 0xb8, 0x43, 0xe4, 0xb8, 0xb9, 0x43, 0xe4, 0xb8, 0xbd, 0x43, 0xe4, 0xb8, 0xbf, 0x43, 0xe4,
    0xb9, 0x81, 0x43, 0xe4, 0xb9, 0x99, 0x43, 0xe4, 0xb9, 0x9d, 0x43, 0xe4, 0xba, 0x82, 0x43, 0xe4,
    0xba, 0x85, 0x43, 0xe4, 0xba, 0x86, 0x43, 0xe4, 0xba, 0x8c, 0x43, 0xe4, 0xba, 0x94, 0x43, 0xe4,
    0xba, 0xa0, 0x43, 0xe4, 0xba, 0xa4, 0x43, 0xe4, 0xba, 0xae, 0x43, 0xe4, 0xba, 0xba, 0x43, 0xe4,
    0xbb, 0x80, 0x43, 0xe4, 0xbb, 0x8c, 0x43, 0xe4, 0xbb, 0xa4, 0x43, 0xe4, 0xbc, 0x81, 0x43, 0xe4,
    0xbc, 0x91, 0x43, 0xe4, 0xbd, 0xa0, 0x43, 0xe4, 0xbe, 0x80, 0x43, 0xe4, 0xbe, 0x86, 0x43, 0xe4,
    0xbe, 0x8b, 0x43, 0xe4, 0xbe, 0xae, 0x43, 0xe4, 0xbe, 0xbb, 0x43, 0xe4, 0xbe, 0xbf, 0x43, 0xe5,
    0x80, 0x82, 0x43, 0xe5, 0x80, 0xab, 0x43, 0xe5, 0x81, 0xba, 0x43, 0xe5, 0x82, 0x99, 0x43, 0xe5,
    0x83, 0x8f, 0x43, 0xe5, 0x83, 0x9a, 0x43, 0xe5, 0x83, 0xa7, 0x43, 0xe5, 0x84, 0xaa, 0x43, 0xe5,
    0x84, 0xbf, 0x43, 0xe5, 0x85, 0x80, 0x43, 0xe5, 0x85, 0x85, 0x43, 0xe5, 0x85, 0x8d, 0x43, 0xe5,
    0x85, 0x94, 0x43, 0xe5, 0x85, 0xa4, 0x43, 0xe5, 0x85, 0xa5, 0x43, 0xe5, 0x85, 0xa7, 0x43, 0xe5,
    0x85, 0xa8, 0x43, 0xe5, 0x85, 0xa9, 0x43, 0xe5, 0x85, 0xab, 0x43, 0xe5, 0x85, 0xad, 0x43, 0xe5,
    0x85, 0xb7, 0x43, 0xe5, 0x86, 0x80, 0x43, 0xe5, 0x86, 0x82, 0x43, 0xe5, 0x86, 0x8d, 0x43, 0xe5,
    0x86, 0x92, 0x43, 0xe5, 0x86, 0x95, 0x43, 0xe5, 0x86, 0x96, 0x43, 0xe5, 0x86, 0x97, 0x43, 0xe5,
    0x86, 0x99, 0x43, 0xe5, 0x86, 0xa4, 0x43, 0xe5, 0x86, 0xab, 0x43, 0xe5, 0x86, 0xac, 0x43, 0xe5,
    0x86, 0xb5, 0x43, 0xe5, 0x86, 0xb7, 0x43, 0xe5, 0x87, 0x89, 0x43, 0xe5, 0x87, 0x8c, 0x43, 0xe5,
    0x87, 0x9c, 0x43, 0xe5, 0x87, 0x9e, 0x43, 0xe5, 0x87, 0xa0, 0x43, 0xe5, 0x87, 0xb5, 0x43, 0xe5,
    0x88, 0x80, 0x43, 0xe5, 0x88, 0x83, 0x43, 0xe5, 0x88, 0x87, 0x43, 0xe5, 0x88, 0x97, 0x43, 0xe5,
    0x88, 0x9d, 0x43, 0xe5, 0x88, 0xa9, 0x43, 0xe5, 0x88, 0xba, 0x43, 0xe5, 0x88, 0xbb, 0x43, 0xe5,
    0x89, 0x86, 0x43, 0xe5, 0x89, 0x8d, 0x43, 0xe5, 0x89, 0xb2, 0x43, 0xe5, 0x89, 0xb7, 0x43, 0xe5,
    0x8a, 0x89, 0x43, 0xe5, 0x8a, 0x9b, 0x43, 0xe5, 0x8a, 0xa3, 0x43, 0xe5, 0x8a, 0xb3, 0x43, 0xe5,
    0x8a, 0xb4, 0x43, 0xe5, 0x8b, 0x87, 0x43, 0xe5, 0x8b, 0x89, 0x43, 0xe5, 0x8b, 0x92, 0x43, 0xe5,
    0x8b, 0x9e, 0x43, 0xe5, 0x8b, 0xa4, 0x43, 0xe5, 0x8b, 0xb5, 0x43, 0xe5, 0x8b, 0xb9, 0x43, 0xe5,
    0x8b, 0xba, 0x43, 0xe5, 0x8c, 0x85, 0x43, 0xe5, 0x8c, 0x86, 0x43, 0xe5, 0x8c, 0x95, 0x43, 0xe5,
    0x8c, 0x97, 0x43, 0xe5, 0x8c, 0x9a, 0x43, 0xe5, 0x8c, 0xb8, 0x43, 0xe5, 0x8c, 0xbb, 0x43, 0xe5,
    0x8c, 0xbf, 0x43, 0xe5, 0x8d, 0x81, 0x43, 0xe5, 0x8d, 0x84, 0x43, 0xe5, 0x8d, 0x85, 0x43, 0xe5,
    0x8d, 0x89, 0x43, 0xe5, 0x8d, 0x91, 0x43, 0xe5, 0x8d, 0x94, 0x43, 0xe5, 0x8d, 0x9a, 0x43, 0xe5,
    0x8d, 0x9c, 0x43, 0xe5, 0x8d, 0xa9, 0x43, 0xe5, 0x8d, 0xb0, 0x43, 0xe5, 0x8d, 0xb3, 0x43, 0xe5,
    0x8d, 0xb5, 0x43, 0xe5, 0x8d, 0xbd, 0x43, 0xe5, 0x8d, 0xbf, 0x43, 0xe5, 0x8e, 0x82, 0x43, 0xe5,
    0x8e, 0xb6, 0x43, 0xe5, 0x8f, 0x83, 0x43, 0xe5, 0x8f, 0x88, 0x43, 0xe5, 0x8f, 0x8a, 0x43, 0xe5,
    0x8f, 0x8c, 0x43, 0xe5, 0x8f, 0x9f, 0x43, 0xe5, 0x8f, 0xa3, 0x43, 0xe5, 0x8f, 0xa5, 0x43, 0xe5,
    0x8f, 0xab, 0x43, 0xe5, 0x8f, 0xaf, 0x43, 0xe5, 0x8f, 0xb1, 0x43, 0xe5, 0x8f, 0xb3, 0x43, 0xe5,
    0x90, 0x86, 0x43, 0xe5, 0x90, 0x88, 0x43, 0xe5, 0x90, 0x8d, 0x43, 0xe5, 0x90, 0x8f, 0x43, 0xe5,
    0x90, 0x9d, 0x43, 0xe5, 0x90, 0xb8, 0x43, 0xe5, 0x90, 0xb9, 0x43, 0xe5, 0x91, 0x82, 0x43, 0xe5,
    0x91, 0x88, 0x43, 0xe5, 0x91, 0xa8, 0x43, 0xe5, 0x92, 0x9e, 0x43, 0xe5, 0x92, 0xa2, 0x43, 0xe5,
    0x92, 0xbd, 0x43, 0xe5, 0x93, 0xb6, 0x43, 0xe5, 0x94, 0x90, 0x43, 0xe5, 0x95, 0x8f, 0x43, 0xe5,
    0x95, 0x93, 0x43, 0xe5, 0x95, 0x95, 0x43, 0xe5, 0x95, 0xa3, 0x43, 0xe5, 0x96, 0x84, 0x43, 0xe5,
    0x96, 0x87, 0x43, 0xe5, 0x96, 0x99, 0x43, 0xe5, 0x96, 0x9d, 0x43, 0xe5, 0x96, 0xab, 0x43, 0xe5,
    0x96, 0xb3, 0x43, 0xe5, 0x96, 0xb6, 0x43, 0xe5, 0x97, 0x80, 0x43, 0xe5, 0x97, 0x82, 0x43, 0xe5,
    0x97, 0xa2, 0x43, 0xe5, 0x98, 0x86, 0x43, 0xe5, 0x99, 0x91, 0x43, 0xe5, 0x99, 0xa8, 0x43, 0xe5,
    0x99, 0xb4, 0x43, 0xe5, 0x9b, 0x97, 0x43, 0xe5, 0x9b, 0x9b, 0x43, 0xe5, 0x9b, 0xb9, 0x43, 0xe5,
    0x9c, 0x96, 0x43, 0xe5, 0x9c, 0x97, 0x43, 0xe5, 0x9c, 0x9f, 0x43, 0xe5, 0x9c, 0xb0, 0x43, 0xe5,
    0x9e, 0x8b, 0x43, 0xe5, 0x9f, 0x8e, 0x43, 0xe5, 0x9f, 0xb4, 0x43, 0xe5, 0xa0, 0x8d, 0x43, 0xe5,
    0xa0, 0xb1, 0x43, 0xe5, 0xa0, 0xb2, 0x43, 0xe5, 0xa1, 0x80, 0x43, 0xe5, 0xa1, 0x9a, 0x43, 0xe5,
    0xa1, 0x9e, 0x43, 0xe5, 0xa2, 0xa8, 0x43, 0xe5, 0xa2, 0xac, 0x43, 0xe5, 0xa2, 0xb3, 0x43, 0xe5,
    0xa3, 0x98, 0x43, 0xe5, 0xa3, 0x9f, 0x43, 0xe5, 0xa3, 0xab, 0x43, 0xe5, 0xa3, 0xae, 0x43, 0xe5,
    0xa3, 0xb0, 0x43, 0xe5, 0xa3, 0xb2, 0x43, 0xe5, 0xa3, 0xb7, 0x43, 0xe5, 0xa4, 0x82, 0x43, 0xe5,
    0xa4, 0x86, 0x43, 0xe5, 0xa4, 0x8a, 0x43, 0xe5, 0xa4, 0x95, 0x43, 0xe5, 0xa4, 0x9a, 0x43, 0xe5,
    0xa4, 0x9c, 0x43, 0xe5, 0xa4, 0xa2, 0x43, 0xe5, 0xa4, 0xa7, 0x43, 0xe5, 0xa4, 0xa9, 0x43, 0xe5,
    0xa5, 0x84, 0x43, 0xe5, 0xa5, 0x88, 0x43, 0xe5, 0xa5, 0x91, 0x43, 0xe5, 0xa5, 0x94, 0x43, 0xe5,
    0xa5, 0xa2, 0x43, 0xe5, 0xa5, 0xb3, 0x43, 0xe5, 0xa7, 0x98, 0x43, 0xe5, 0xa7, 0xac, 0x43, 0xe5,
    0xa8, 0x9b, 0x43, 0xe5, 0xa8, 0xa7, 0x43, 0xe5, 0xa9, 0xa2, 0x43, 0xe5, 0xa9, 0xa6, 0x43, 0xe5,
    0xaa, 0xb5, 0x43, 0xe5, 0xac, 0x88, 0x43, 0xe5, 0xac, 0xa8, 0x43, 0xe5, 0xac, 0xbe, 0x43, 0xe5,
    0xad, 0x90, 0x43, 0xe5, 0xad, 0x97, 0x43, 0xe5, 0xad, 0xa6, 0x43, 0xe5, 0xae, 0x80, 0x43, 0xe5,
    0xae, 0x85, 0x43, 0xe5, 0xae, 0x97, 0x43, 0xe5, 0xaf, 0x83, 0x43, 0xe5, 0xaf, 0x98, 0x43, 0xe5,
    0xaf, 0xa7, 0x43, 0xe5, 0xaf, 0xae, 0x43, 0xe5, 0xaf, 0xb3, 0x43, 0xe5, 0xaf, 0xb8, 0x43, 0xe5,
    0xaf, 0xbf, 0x43, 0xe5, 0xb0, 0x86, 0x43, 0xe5, 0xb0, 0x8f, 0x43, 0xe5, 0xb0, 0xa2, 0x43, 0xe5,
    0xb0, 0xb8, 0x43, 0xe5, 0xb0, 0xbf, 0x43, 0xe5, 0xb1, 0xa0, 0x43, 0xe5, 0xb1, 0xa2, 0x43, 0xe5,
    0xb1, 0xa4, 0x43, 0xe5, 0xb1, 0xa5, 0x43, 0xe5, 0xb1, 0xae, 0x43, 0xe5, 0xb1, 0xb1, 0x43, 0xe5,
    0xb2, 0x8d, 0x43, 0xe5, 0xb3, 0x80, 0x43, 0xe5, 0xb4, 0x99, 0x43, 0xe5, 0xb5, 0x83, 0x43, 0xe5,
    0xb5, 0x90, 0x43, 0xe5, 0xb5, 0xab, 0x43, 0xe5, 0xb5, 0xae, 0x43, 0xe5, 0xb5, 0xbc, 0x43, 0xe5,
    0xb6, 0xb2, 0x43, 0xe5, 0xb6, 0xba, 0x43, 0xe5, 0xb7, 0x9b, 0x43, 0xe5, 0xb7, 0xa1, 0x43, 0xe5,
    0xb7, 0xa2, 0x43, 0xe5, 0xb7, 0xa5, 0x43, 0xe5, 0xb7, 0xa6, 0x43, 0xe5, 0xb7, 0xb1, 0x43, 0xe5,
    0xb7, 0xbd, 0x43, 0xe5, 0xb7, 0xbe, 0x43, 0xe5, 0xb8, 0xa8, 0x43, 0xe5, 0xb8, 0xbd, 0x43, 0xe5,
    0xb9, 0xa9, 0x43, 0xe5, 0xb9, 0xb2, 0x43, 0xe5, 0xb9, 0xb4, 0x43, 0xe5, 0xb9, 0xba, 0x43, 0xe5,
    0xb9, 0xbc, 0x43, 0xe5, 0xb9, 0xbf, 0x43, 0xe5, 0xba, 0xa6, 0x43, 0xe5, 0xba, 0xb0, 0x43, 0xe5,
    0xba, 0xb3, 0x43, 0xe5, 0xba, 0xb6, 0x43, 0xe5, 0xbb, 0x89, 0x43, 0xe5, 0xbb, 0x8a, 0x43, 0xe5,
    0xbb, 0x92, 0x43, 0xe5, 0xbb, 0x93, 0x43, 0xe5, 0xbb, 0x99, 0x43, 0xe5, 0xbb, 0xac, 0x43, 0xe5,
    0xbb, 0xb4, 0x43, 0xe5, 0xbb, 0xbe, 0x43, 0xe5, 0xbc, 0x84, 0x43, 0xe5, 0xbc, 0x8b, 0x43, 0xe5,
    0xbc, 0x93, 0x43, 0xe5, 0xbc, 0xa2, 0x43, 0xe5, 0xbd, 0x90, 0x43, 0xe5, 0xbd, 0x93, 0x43, 0xe5,
    0xbd, 0xa1, 0x43, 0xe5, 0xbd, 0xa2, 0x43, 0xe5, 0xbd, 0xa9, 0x43, 0xe5, 0xbd, 0xab, 0x43, 0xe5,
    0xbd, 0xb3, 0x43, 0xe5, 0xbe, 0x8b, 0x43, 0xe5, 0xbe, 0x8c, 0x43, 0xe5, 0xbe, 0x97, 0x43, 0xe5,
    0xbe, 0x9a, 0x43, 0xe5, 0xbe, 0xa9, 0x43, 0xe5, 0xbe, 0xad, 0x43, 0xe5, 0xbf, 0x83, 0x43, 0xe5,
    0xbf, 0x8d, 0x43, 0xe5, 0xbf, 0x97, 0x43, 0xe5, 0xbf, 0xb5, 0x43, 0xe5, 0xbf, 0xb9, 0x43, 0xe6,
    0x80, 0x92, 0x43, 0xe6, 0x80, 0x9c, 0x43, 0xe6, 0x81, 0xb5, 0x43, 0xe6, 0x82, 0x81, 0x43, 0xe6,
    0x82, 0x94, 0x43, 0xe6, 0x83, 0x87, 0x43, 0xe6, 0x83, 0x98, 0x43, 0xe6, 0x83, 0xa1, 0x43, 0xe6,
    0x84, 0x88, 0x43, 0xe6, 0x85, 0x84, 0x43, 0xe6, 0x85, 0x88, 0x43, 0xe6, 0x85, 0x8c, 0x43, 0xe6,
    0x85, 0x8e, 0x43, 0xe6, 0x85, 0xa0, 0x43, 0xe6, 0x85, 0xa8, 0x43, 0xe6, 0x85, 0xba, 0x43, 0xe6,
    0x86, 0x8e, 0x43, 0xe6, 0x86, 0x90, 0x43, 0xe6, 0x86, 0xa4, 0x43, 0xe6, 0x86, 0xaf, 0x43, 0xe6,
    0x86, 0xb2, 0x43, 0xe6, 0x87, 0x9e, 0x43, 0xe6, 0x87, 0xb2, 0x43, 0xe6, 0x87, 0xb6, 0x43, 0xe6,
    0x88, 0x80, 0x43, 0xe6, 0x88, 0x88, 0x43, 0xe6, 0x88, 0x90, 0x43, 0xe6, 0x88, 0x9b, 0x43, 0xe6,
    0x88, 0xae, 0x43, 0xe6, 0x88, 0xb4, 0x43, 0xe6, 0x88, 0xb6, 0x43, 0xe6, 0x89, 0x8b, 0x43, 0xe6,
    0x89, 0x93, 0x43, 0xe6, 0x89, 0x9d, 0x43, 0xe6, 0x8a, 0x95, 0x43, 0xe6, 0x8a, 0xb1, 0x43, 0xe6,
    0x8b, 0x89, 0x43, 0xe6, 0x8b, 0x8f, 0x43, 0xe6, 0x8b, 0x93, 0x43, 0xe6, 0x8b, 0x94, 0x43, 0xe6,
    0x8b, 0xbc, 0x43, 0xe6, 0x8b, 0xbe, 0x43, 0xe6, 0x8c, 0x87, 0x43, 0xe6, 0x8c, 0xbd, 0x43, 0xe6,
    0x8d, 0x90, 0x43, 0xe6, 0x8d, 0x95, 0x43, 0xe6, 0x8d, 0xa8, 0x43, 0xe6, 0x8d, 0xbb, 0x43, 0xe6,
    0x8e, 0x83, 0x43, 0xe6, 0x8e, 0xa0, 0x43, 0xe6, 0x8e, 0xa9, 0x43, 0xe6, 0x8f, 0x84, 0x43, 0xe6,
    0x8f, 0x85, 0x43, 0xe6, 0x8f, 0xa4, 0x43, 0xe6, 0x90, 0x9c, 0x43, 0xe6, 0x90, 0xa2, 0x43, 0xe6,
    0x91, 0x92, 0x43, 0xe6, 0x91, 0xa9, 0x43, 0xe6, 0x91, 0xb7, 0x43, 0xe6, 0x91, 0xbe, 0x43, 0xe6,
    0x92, 0x9a, 0x43, 0xe6, 0x92, 0x9d, 0x43, 0xe6, 0x93, 0x84, 0x43, 0xe6, 0x94, 0xaf, 0x43, 0xe6,
    0x94, 0xb4, 0x43, 0xe6, 0x95, 0x8f, 0x43, 0xe6, 0x95, 0x96, 0x43, 0xe6, 0x95, 0xac, 0x43, 0xe6,
    0x95, 0xb8, 0x43, 0xe6, 0x96, 0x87, 0x43, 0xe6, 0x96, 0x97, 0x43, 0xe6, 0x96, 0x99, 0x43, 0xe6,
    0x96, 0xa4, 0x43, 0xe6, 0x96, 0xb0, 0x43, 0xe6, 0x96, 0xb9, 0x43, 0xe6, 0x97, 0x85, 0x43, 0xe6,
    0x97, 0xa0, 0x43, 0xe6, 0x97, 0xa2, 0x43, 0xe6, 0x97, 0xa3, 0x43, 0xe6, 0x97, 0xa5, 0x43, 0xe6,
    0x98, 0x93, 0x43, 0xe6, 0x98, 0xa0, 0x43, 0xe6, 0x99, 0x89, 0x43, 0xe6, 0x99, 0xb4, 0x43, 0xe6,
    0x9a, 0x88, 0x43, 0xe6, 0x9a, 0x91, 0x43, 0xe6, 0x9a, 0x9c, 0x43, 0xe6, 0x9a, 0xb4, 0x43, 0xe6,
    0x9b, 0x86, 0x43, 0xe6, 0x9b, 0xb0, 0x43, 0xe6, 0x9b, 0xb4, 0x43, 0xe6, 0x9b, 0xb8, 0x43, 0xe6,
    0x9c, 0x80, 0x43, 0xe6, 0x9c, 0x88, 0x43, 0xe6, 0x9c, 0x89, 0x43, 0xe6, 0x9c, 0x97, 0x43, 0xe6,
    0x9c, 0x9b, 0x43, 0xe6, 0x9c, 0xa1, 0x43, 0xe6, 0x9c, 0xa8, 0x43, 0xe6, 0x9d, 0x8e, 0x43, 0xe6,
    0x9d, 0x93, 0x43, 0xe6, 0x9d, 0x96, 0x43, 0xe6, 0x9d, 0x9e, 0x43, 0xe6, 0x9d, 0xbb, 0x43, 0xe6,
    0x9e, 0x85, 0x43, 0xe6, 0x9e, 0x97, 0x43, 0xe6, 0x9f, 0xb3, 0x43, 0xe6, 0x9f, 0xba, 0x43, 0xe6,
    0xa0, 0x97, 0x43, 0xe6, 0xa0, 0x9f, 0x43, 0xe6, 0xa0, 0xaa, 0x43, 0xe6, 0xa1, 0x92, 0x43, 0xe6,
    0xa2, 0x81, 0x43, 0xe6, 0xa2, 0x85, 0x43, 0xe6, 0xa2, 0x8e, 0x43, 0xe6, 0xa2, 0xa8, 0x43, 0xe6,
    0xa4, 0x94, 0x43, 0xe6, 0xa5, 0x82, 0x43, 0xe6, 0xa6, 0xa3, 0x43, 0xe6, 0xa7, 0xaa, 0x43, 0xe6,
    0xa8, 0x82, 0x43, 0xe6, 0xa8, 0x93, 0x43, 0xe6, 0xaa, 0xa8, 0x43, 0xe6, 0xab, 0x93, 0x43, 0xe6,
    0xab, 0x9b, 0x43, 0xe6, 0xac, 0x84, 0x43, 0xe6, 0xac, 0xa0, 0x43, 0xe6, 0xac, 0xa1, 0x43, 0xe6,
    0xad, 0x94, 0x43, 0xe6, 0xad, 0xa2, 0x43, 0xe6, 0xad, 0xa3, 0x43, 0xe6, 0xad, 0xb2, 0x43, 0xe6,
    0xad, 0xb7, 0x43, 0xe6, 0xad, 0xb9, 0x43, 0xe6, 0xae, 0x9f, 0x43, 0xe6, 0xae, 0xae, 0x43, 0xe6,
    0xae, 0xb3, 0x43, 0xe6, 0xae, 0xba, 0x43, 0xe6, 0xae, 0xbb, 0x43, 0xe6, 0xaf, 0x8b, 0x43, 0xe6,
    0xaf, 0x8d, 0x43, 0xe6, 0xaf, 0x94, 0x43, 0xe6, 0xaf, 0x9b, 0x43, 0xe6, 0xb0, 0x8f, 0x43, 0xe6,
    0xb0, 0x94, 0x43, 0xe6, 0xb0, 0xb4, 0x43, 0xe6, 0xb1, 0x8e, 0x43, 0xe6, 0xb1, 0xa7, 0x43, 0xe6,
    0xb2, 0x88, 0x43, 0xe6, 0xb2, 0xbf, 0x43, 0xe6, 0xb3, 0x8c, 0x43, 0xe6, 0xb3, 0x8d, 0x43, 0xe6,
    0xb3, 0xa5, 0x43, 0xe6, 0xb3, 0xa8, 0x43, 0xe6, 0xb4, 0x96, 0x43, 0xe6, 0xb4, 0x9b, 0x43, 0xe6,
    0xb4, 0x9e, 0x43, 0xe6, 0xb4, 0xb4, 0x43, 0xe6, 0xb4, 0xbe, 0x43, 0xe6, 0xb5, 0x81, 0x43, 0xe6,
    0xb5, 0xa9, 0x43, 0xe6, 0xb5, 0xaa, 0x43, 0xe6, 0xb5, 0xb7, 0x43, 0xe6, 0xb5, 0xb8, 0x43, 0xe6,
    0xb6, 0x85, 0x43, 0xe6, 0xb7, 0x8b, 0x43, 0xe6, 0xb7, 0x9a, 0x43, 0xe6, 0xb7, 0xaa, 0x43, 0xe6,
    0xb7, 0xb9, 0x43, 0xe6, 0xb8, 0x9a, 0x43, 0xe6, 0xb8, 0xaf, 0x43, 0xe6, 0xb9, 0xae, 0x43, 0xe6,
    0xba, 0x80, 0x43, 0xe6, 0xba, 0x9c, 0x43, 0xe6, 0xba, 0xba, 0x43, 0xe6, 0xbb, 0x87, 0x43, 0xe6,
    0xbb, 0x8b, 0x43, 0xe6, 0xbb, 0x91, 0x43, 0xe6, 0xbb, 0x9b, 0x43, 0xe6, 0xbc, 0x8f, 0x43, 0xe6,
    0xbc, 0x94, 0x43, 0xe6, 0xbc, 0xa2, 0x43, 0xe6, 0xbc, 0xa3, 0x43, 0xe6, 0xbd, 0xae, 0x43, 0xe6,
    0xbf, 0x86, 0x43, 0xe6, 0xbf, 0xab, 0x43, 0xe6, 0xbf, 0xbe, 0x43, 0xe7, 0x80, 0x9b, 0x43, 0xe7,
    0x80, 0x9e, 0x43, 0xe7, 0x80, 0xb9, 0x43, 0xe7, 0x81, 0x8a, 0x43, 0xe7, 0x81, 0xab, 0x43, 0xe7,
    0x81, 0xb0, 0x43, 0xe7, 0x81, 0xb7, 0x43, 0xe7, 0x81, 0xbd, 0x43, 0xe7, 0x82, 0x99, 0x43, 0xe7,
    0x82, 0xad, 0x43, 0xe7, 0x83, 0x88, 0x43, 0xe7, 0x83, 0x99, 0x43, 0xe7, 0x84, 0xa1, 0x43, 0xe7,
    0x85, 0x85, 0x43, 0xe7, 0x85, 0x89, 0x43, 0xe7, 0x85, 0xae, 0x43, 0xe7, 0x86, 0x9c, 0x43, 0xe7,
    0x87, 0x8e, 0x43, 0xe7, 0x87, 0x90, 0x43, 0xe7, 0x88, 0x90, 0x43, 0xe7, 0x88, 0x9b, 0x43, 0xe7,
    0x88, 0xa8, 0x43, 0xe7, 0x88, 0xaa, 0x43, 0xe7, 0x88, 0xab, 0x43, 0xe7, 0x88, 0xb5, 0x43, 0xe7,
    0x88, 0xb6, 0x43, 0xe7, 0x88, 0xbb, 0x43, 0xe7, 0x88, 0xbf, 0x43, 0xe7, 0x89, 0x87, 0x43, 0xe7,
    0x89, 0x90, 0x43, 0xe7, 0x89, 0x99, 0x43, 0xe7, 0x89, 0x9b, 0x43, 0xe7, 0x89, 0xa2, 0x43, 0xe7,
    0x89, 0xb9, 0x43, 0xe7, 0x8a, 0x80, 0x43, 0xe7, 0x8a, 0x95, 0x43, 0xe7, 0x8a, 0xac, 0x43, 0xe7,
    0x8a, 0xaf, 0x43, 0xe7, 0x8b, 0x80, 0x43, 0xe7, 0x8b, 0xbc, 0x43, 0xe7, 0x8c, 0xaa, 0x43, 0xe7,
    0x8d, 0xb5, 0x43, 0xe7, 0x8d, 0xba, 0x43, 0xe7, 0x8e, 0x84, 0x43, 0xe7, 0x8e, 0x87, 0x43, 0xe7,
    0x8e, 0x89, 0x43, 0xe7, 0x8e, 0x8b, 0x43, 0xe7, 0x8e, 0xa5, 0x43, 0xe7, 0x8e, 0xb2, 0x43, 0xe7,
    0x8f, 0x9e, 0x43, 0xe7, 0x90, 0x86, 0x43, 0xe7, 0x90, 0x89, 0x43, 0xe7, 0x90, 0xa2, 0x43, 0xe7,
    0x91, 0x87, 0x43, 0xe7, 0x91, 0x9c, 0x43, 0xe7, 0x91, 0xa9, 0x43, 0xe7, 0x91, 0xb1, 0x43, 0xe7,
    0x92, 0x85, 0x43, 0xe7, 0x92, 0x89, 0x43, 0xe7, 0x92, 0x98, 0x43, 0xe7, 0x93, 0x8a, 0x43, 0xe7,
    0x93, 0x9c, 0x43, 0xe7, 0x93, 0xa6, 0x43, 0xe7, 0x94, 0x86, 0x43, 0xe7, 0x94, 0x98, 0x43, 0xe7,
    0x94, 0x9f, 0x43, 0xe7, 0x94, 0xa4, 0x43, 0xe7, 0x94, 0xa8, 0x43, 0xe7, 0x94, 0xb0, 0x43, 0xe7,
    0x94, 0xb2, 0x43, 0xe7, 0x94, 0xb3, 0x43, 0xe7, 0x94, 0xb7, 0x43, 0xe7, 0x94, 0xbb, 0x43, 0xe7,
    0x94, 0xbe, 0x43, 0xe7, 0x95, 0x99, 0x43, 0xe7, 0x95, 0xa5, 0x43, 0xe7, 0x95, 0xb0, 0x43, 0xe7,
    0x96, 0x8b, 0x43, 0xe7, 0x96, 0x92, 0x43, 0xe7, 0x97, 0xa2, 0x43, 0xe7, 0x98, 0x90, 0x43, 0xe7,
    0x98, 0x9d, 0x43, 0xe7, 0x98, 0x9f, 0x43, 0xe7, 0x99, 0x82, 0x43, 0xe7, 0x99, 0xa9, 0x43, 0xe7,
    0x99, 0xb6, 0x43, 0xe7, 0x99, 0xbd, 0x43, 0xe7, 0x9a, 0xae, 0x43, 0xe7, 0x9a, 0xbf, 0x43, 0xe7,
    0x9b, 0x8a, 0x43, 0xe7, 0x9b, 0x9b, 0x43, 0xe7, 0x9b, 0xa3, 0x43, 0xe7, 0x9b, 0xa7, 0x43, 0xe7,
    0x9b, 0xae, 0x43, 0xe7, 0x9b, 0xb4, 0x43, 0xe7, 0x9c, 0x81, 0x43, 0xe7, 0x9c, 0x9e, 0x43, 0xe7,
    0x9c, 0x9f, 0x43, 0xe7, 0x9d, 0x80, 0x43, 0xe7, 0x9d, 0x8a, 0x43, 0xe7, 0x9e, 0x8b, 0x43, 0xe7,
    0x9e, 0xa7, 0x43, 0xe7, 0x9f, 0x9b, 0x43, 0xe7, 0x9f, 0xa2, 0x43, 0xe7, 0x9f, 0xb3, 0x43, 0xe7,
    0xa1, 0x8e, 0x43, 0xe7, 0xa1, 0xab, 0x43, 0xe7, 0xa2, 0x8c, 0x43, 0xe7, 0xa2, 0x91, 0x43, 0xe7,
    0xa3, 0x8a, 0x43, 0xe7, 0xa3, 0x8c, 0x43, 0xe7, 0xa3, 0xbb, 0x43, 0xe7, 0xa4, 0xaa, 0x43, 0xe7,
    0xa4, 0xba, 0x43, 0xe7, 0xa4, 0xbc, 0x43, 0xe7, 0xa4, 0xbe, 0x43, 0xe7, 0xa5, 0x88, 0x43, 0xe7,
    0xa5, 0x89, 0x43, 0xe7, 0xa5, 0x90, 0x43, 0xe7, 0xa5, 0x96, 0x43, 0xe7, 0xa5, 0x9d, 0x43, 0xe7,
    0xa5, 0x9e, 0x43, 0xe7, 0xa5, 0xa5, 0x43, 0xe7, 0xa5, 0xbf, 0x43, 0xe7, 0xa6, 0x81, 0x43, 0xe7,
    0xa6, 0x8d, 0x43, 0xe7, 0xa6, 0x8e, 0x43, 0xe7, 0xa6, 0x8f, 0x43, 0xe7, 0xa6, 0xae, 0x43, 0xe7,
    0xa6, 0xb8, 0x43, 0xe7, 0xa6, 0xbe, 0x43, 0xe7, 0xa7, 0x8a, 0x43, 0xe7, 0xa7, 0x98, 0x43, 0xe7,
    0xa7, 0xab, 0x43, 0xe7, 0xa8, 0x9c, 0x43, 0xe7, 0xa9, 0x80, 0x43, 0xe7, 0xa9, 0x8a, 0x43, 0xe7,
    0xa9, 0x8f, 0x43, 0xe7, 0xa9, 0xb4, 0x43, 0xe7, 0xa9, 0xba, 0x43, 0xe7, 0xaa, 0x81, 0x43, 0xe7,
    0xaa, 0xb1, 0x43, 0xe7, 0xab, 0x8b, 0x43, 0xe7, 0xab, 0xae, 0x43, 0xe7, 0xab, 0xb9, 0x43, 0xe7,
    0xac, 0xa0, 0x43, 0xe7, 0xae, 0x8f, 0x43, 0xe7, 0xaf, 0x80, 0x43, 0xe7, 0xaf, 0x86, 0x43, 0xe7,
    0xaf, 0x89, 0x43, 0xe7, 0xb0, 0xbe, 0x43, 0xe7, 0xb1, 0xa0, 0x43, 0xe7, 0xb1, 0xb3, 0x43, 0xe7,
    0xb1, 0xbb, 0x43, 0xe7, 0xb2, 0x92, 0x43, 0xe7, 0xb2, 0xbe, 0x43, 0xe7, 0xb3, 0x92, 0x43, 0xe7,
    0xb3, 0x96, 0x43, 0xe7, 0xb3, 0xa3, 0x43, 0xe7, 0xb3, 0xa7, 0x43, 0xe7, 0xb3, 0xa8, 0x43, 0xe7,
    0xb3, 0xb8, 0x43, 0xe7, 0xb4, 0x80, 0x43, 0xe7, 0xb4, 0x90, 0x43, 0xe7, 0xb4, 0xa2, 0x43, 0xe7,
    0xb4, 0xaf, 0x43, 0xe7, 0xb5, 0x82, 0x43, 0xe7, 0xb5, 0x9b, 0x43, 0xe7, 0xb5, 0xa3, 0x43, 0xe7,
    0xb6, 0xa0, 0x43, 0xe7, 0xb6, 0xbe, 0x43, 0xe7, 0xb7, 0x87, 0x43, 0xe7, 0xb7, 0xb4, 0x43, 0xe7,
    0xb8, 0x82, 0x43, 0xe7, 0xb8, 0x89, 0x43, 0xe7, 0xb8, 0xb7, 0x43, 0xe7, 0xb9, 0x81, 0x43, 0xe7,
    0xb9, 0x85, 0x43, 0xe7, 0xbc, 0xb6, 0x43, 0xe7, 0xbc, 0xbe, 0x43, 0xe7, 0xbd, 0x91, 0x43, 0xe7,
    0xbd, 0xb2, 0x43, 0xe7, 0xbd, 0xb9, 0x43, 0xe7, 0xbd, 0xba, 0x43, 0xe7, 0xbe, 0x85, 0x43, 0xe7,
    0xbe, 0x8a, 0x43, 0xe7, 0xbe, 0x95, 0x43, 0xe7, 0xbe, 0x9a, 0x43, 0xe7, 0xbe, 0xbd, 0x43, 0xe7,
    0xbf, 0xba, 0x43, 0xe8, 0x80, 0x81, 0x43, 0xe8, 0x80, 0x85, 0x43, 0xe8, 0x80, 0x8c, 0x43, 0xe8,
    0x80, 0x92, 0x43, 0xe8, 0x80, 0xb3, 0x43, 0xe8, 0x81, 0x86, 0x43, 0xe8, 0x81, 0xa0, 0x43, 0xe8,
    0x81, 0xaf, 0x43, 0xe8, 0x81, 0xb0, 0x43, 0xe8, 0x81, 0xbe, 0x43, 0xe8, 0x81, 0xbf, 0x43, 0xe8,
    0x82, 0x89, 0x43, 0xe8, 0x82, 0x8b, 0x43, 0xe8, 0x82, 0xad, 0x43, 0xe8, 0x82, 0xb2, 0x43, 0xe8,
    0x84, 0x83, 0x43, 0xe8, 0x84, 0xbe, 0x43, 0xe8, 0x87, 0x98, 0x43, 0xe8, 0x87, 0xa3, 0x43, 0xe8,
    0x87, 0xa8, 0x43, 0xe8, 0x87, 0xaa, 0x43, 0xe8, 0x87, 0xad, 0x43, 0xe8, 0x87, 0xb3, 0x43, 0xe8,
    0x87, 0xbc, 0x43, 0xe8, 0x88, 0x81, 0x43, 0xe8, 0x88, 0x84, 0x43, 0xe8, 0x88, 0x8c, 0x43, 0xe8,
    0x88, 0x98, 0x43, 0xe8, 0x88, 0x9b, 0x43, 0xe8, 0x88, 0x9f, 0x43, 0xe8, 0x89, 0xae, 0x43, 0xe8,
    0x89, 0xaf, 0x43, 0xe8, 0x89, 0xb2, 0x43, 0xe8, 0x89, 0xb8, 0x43, 0xe8, 0x89, 0xb9, 0x43, 0xe8,
    0x8a, 0x8b, 0x43, 0xe8, 0x8a, 0x91, 0x43, 0xe8, 0x8a, 0x9d, 0x43, 0xe8, 0x8a, 0xb1, 0x43, 0xe8,
    0x8a, 0xb3, 0x43, 0xe8, 0x8a, 0xbd, 0x43, 0xe8, 0x8b, 0xa5, 0x43, 0xe8, 0x8b, 0xa6, 0x43, 0xe8,
    0x8c, 0x9d, 0x43, 0xe8, 0x8c, 0xa3, 0x43, 0xe8, 0x8c, 0xb6, 0x43, 0xe8, 0x8d, 0x92, 0x43, 0xe8,
    0x8d, 0x93, 0x43, 0xe8, 0x8d, 0xa3, 0x43, 0xe8, 0x8e, 0xad, 0x43, 0xe8, 0x8e, 0xbd, 0x43, 0xe8,
    0x8f, 0x89, 0x43, 0xe8, 0x8f, 0x8a, 0x43, 0xe8, 0x8f, 0x8c, 0x43, 0xe8, 0x8f, 0x9c, 0x43, 0xe8,
    0x8f, 0xa7, 0x43, 0xe8, 0x8f, 0xaf, 0x43, 0xe8, 0x8f, 0xb1, 0x43, 0xe8, 0x90, 0xbd, 0x43, 0xe8,
    0x91, 0x89, 0x43, 0xe8, 0x91, 0x97, 0x43, 0xe8, 0x93, 0xae, 0x43, 0xe8, 0x93, 0xb1, 0x43, 0xe8,
    0x93, 0xb3, 0x43, 0xe8, 0x93, 0xbc, 0x43, 0xe8, 0x94, 0x96, 0x43, 0xe8, 0x95, 0xa4, 0x43, 0xe8,
    0x97, 0x8d, 0x43, 0xe8, 0x97, 0xba, 0x43, 0xe8, 0x98, 0x86, 0x43, 0xe8, 0x98, 0x92, 0x43, 0xe8,
    0x98, 0xad, 0x43, 0xe8, 0x98, 0xbf, 0x43, 0xe8, 0x99, 0x8d, 0x43, 0xe8, 0x99, 0x90, 0x43, 0xe8,
    0x99, 0x9c, 0x43, 0xe8, 0x99, 0xa7, 0x43, 0xe8, 0x99, 0xa9, 0x43, 0xe8, 0x99, 0xab, 0x43, 0xe8,
    0x9a, 0x88, 0x43, 0xe8, 0x9a, 0xa9, 0x43, 0xe8, 0x9b, 0xa2, 0x43, 0xe8, 0x9c, 0x8e, 0x43, 0xe8,
    0x9c, 0xa8, 0x43, 0xe8, 0x9d, 0xab, 0x43, 0xe8, 0x9d, 0xb9, 0x43, 0xe8, 0x9e, 0x86, 0x43, 0xe8,
    0x9e, 0xba, 0x43, 0xe8, 0x9f, 0xa1, 0x43, 0xe8, 0xa0, 0x81, 0x43, 0xe8, 0xa0, 0x9f, 0x43, 0xe8,
    0xa1, 0x80, 0x43, 0xe8, 0xa1, 0x8c, 0x43, 0xe8, 0xa1, 0xa0, 0x43, 0xe8, 0xa1, 0xa3, 0x43, 0xe8,
    0xa3, 0x82, 0x43, 0xe8, 0xa3, 0x8f, 0x43, 0xe8, 0xa3, 0x97, 0x43, 0xe8, 0xa3, 0x9e, 0x43, 0xe8,
    0xa3, 0xa1, 0x43, 0xe8, 0xa3, 0xb8, 0x43, 0xe8, 0xa3, 0xba, 0x43, 0xe8, 0xa4, 0x90, 0x43, 0xe8,
    0xa5, 0x81, 0x43, 0xe8, 0xa5, 0xa4, 0x43, 0xe8, 0xa5, 0xbe, 0x43, 0xe8, 0xa6, 0x86, 0x43, 0xe8,
    0xa6, 0x8b, 0x43, 0xe8, 0xa6, 0x96, 0x43, 0xe8, 0xa7, 0x92, 0x43, 0xe8, 0xa7, 0xa3, 0x43, 0xe8,
    0xa8, 0x80, 0x43, 0xe8, 0xaa, 0xa0, 0x43, 0xe8, 0xaa, 0xaa, 0x43, 0xe8, 0xaa, 0xbf, 0x43, 0xe8,
    0xab, 0x8b, 0x43, 0xe8, 0xab, 0x92, 0x43, 0xe8, 0xab, 0x96, 0x43, 0xe8, 0xab, 0xad, 0x43, 0xe8,
    0xab, 0xb8, 0x43, 0xe8, 0xab, 0xbe, 0x43, 0xe8, 0xac, 0x81, 0x43, 0xe8, 0xac, 0xb9, 0x43, 0xe8,
    0xad, 0x98, 0x43, 0xe8, 0xae, 0x80, 0x43, 0xe8, 0xae, 0x8a, 0x43, 0xe8, 0xb0, 0xb7, 0x43, 0xe8,
    0xb1, 0x86, 0x43, 0xe8, 0xb1, 0x88, 0x43, 0xe8, 0xb1, 0x95, 0x43, 0xe8, 0xb1, 0xb8, 0x43, 0xe8,
    0xb2, 0x9d, 0x43, 0xe8, 0xb2, 0xa1, 0x43, 0xe8, 0xb2, 0xa9, 0x43, 0xe8, 0xb2, 0xab, 0x43, 0xe8,
    0xb3, 0x81, 0x43, 0xe8, 0xb3, 0x82, 0x43, 0xe8, 0xb3, 0x87, 0x43, 0xe8, 0xb3, 0x88, 0x43, 0xe8,
    0xb3, 0x93, 0x43, 0xe8, 0xb4, 0x88, 0x43, 0xe8, 0xb4, 0x9b, 0x43, 0xe8, 0xb5, 0xa4, 0x43, 0xe8,
    0xb5, 0xb0, 0x43, 0xe8, 0xb5, 0xb7, 0x43, 0xe8, 0xb6, 0xb3, 0x43, 0xe8, 0xb6, 0xbc, 0x43, 0xe8,
    0xb7, 0x8b, 0x43, 0xe8, 0xb7, 0xaf, 0x43, 0xe8, 0xb7, 0xb0, 0x43, 0xe8, 0xba, 0xab, 0x43, 0xe8,
    0xbb, 0x8a, 0x43, 0xe8, 0xbb, 0x94, 0x43, 0xe8, 0xbc, 0xa6, 0x43, 0xe8, 0xbc, 0xaa, 0x43, 0xe8,
    0xbc, 0xb8, 0x43, 0xe8, 0xbc, 0xbb, 0x43, 0xe8, 0xbd, 0xa2, 0x43, 0xe8, 0xbe, 0x9b, 0x43, 0xe8,
    0xbe, 0x9e, 0x43, 0xe8, 0xbe, 0xb0, 0x43, 0xe8, 0xbe, 0xb5, 0x43, 0xe8, 0xbe, 0xb6, 0x43, 0xe9,
    0x80, 0xa3, 0x43, 0xe9, 0x80, 0xb8, 0x43, 0xe9, 0x81, 0x8a, 0x43, 0xe9, 0x81, 0xa9, 0x43, 0xe9,
    0x81, 0xb2, 0x43, 0xe9, 0x81, 0xbc, 0x43, 0xe9, 0x82, 0x8f, 0x43, 0xe9, 0x82, 0x91, 0x43, 0xe9,
    0x82, 0x94, 0x43, 0xe9, 0x83, 0x8e, 0x43, 0xe9, 0x83, 0x9e, 0x43, 0xe9, 0x83, 0xb1, 0x43, 0xe9,
    0x83, 0xbd, 0x43, 0xe9, 0x84, 0x91, 0x43, 0xe9, 0x84, 0x9b, 0x43, 0xe9, 0x85, 0x89, 0x43, 0xe9,
    0x85, 0x8d, 0x43, 0xe9, 0x85, 0xaa, 0x43, 0xe9, 0x86, 0x99, 0x43, 0xe9, 0x86, 0xb4, 0x43, 0xe9,
    0x87, 0x86, 0x43, 0xe9, 0x87, 0x8c, 0x43, 0xe9, 0x87, 0x8f, 0x43, 0xe9, 0x87, 0x91, 0x43, 0xe9,
    0x88, 0xb4, 0x43, 0xe9, 0x88, 0xb8, 0x43, 0xe9, 0x89, 0xb6, 0x43, 0xe9, 0x89, 0xbc, 0x43, 0xe9,
    0x8b, 0x97, 0x43, 0xe9, 0x8b, 0x98, 0x43, 0xe9, 0x8c, 0x84, 0x43, 0xe9, 0x8d, 0x8a, 0x43, 0xe9,
    0x8f, 0xb9, 0x43, 0xe9, 0x90, 0x95, 0x43, 0xe9, 0x95, 0xb7, 0x43, 0xe9, 0x96, 0x80, 0x43, 0xe9,
    0x96, 0x8b, 0x43, 0xe9, 0x96, 0xad, 0x43, 0xe9, 0x96, 0xb7, 0x43, 0xe9, 0x98, 0x9c, 0x43, 0xe9,
    0x98, 0xae, 0x43, 0xe9, 0x99, 0x8b, 0x43, 0xe9, 0x99, 0x8d, 0x43, 0xe9, 0x99, 0xb5, 0x43, 0xe9,
    0x99, 0xb8, 0x43, 0xe9, 0x99, 0xbc, 0x43, 0xe9, 0x9a, 0x86, 0x43, 0xe9, 0x9a, 0xa3, 0x43, 0xe9,
    0x9a, 0xb6, 0x43, 0xe9, 0x9a, 0xb7, 0x43, 0xe9, 0x9a, 0xb8, 0x43, 0xe9, 0x9a, 0xb9, 0x43, 0xe9,
    0x9b, 0x83, 0x43, 0xe9, 0x9b, 0xa2, 0x43, 0xe9, 0x9b, 0xa3, 0x43, 0xe9, 0x9b, 0xa8, 0x43, 0xe9,
    0x9b, 0xb6, 0x43, 0xe9, 0x9b, 0xb7, 0x43, 0xe9, 0x9c, 0xa3, 0x43, 0xe9, 0x9c, 0xb2, 0x43, 0xe9,
    0x9d, 0x88, 0x43, 0xe9, 0x9d, 0x91, 0x43, 0xe9, 0x9d, 0x96, 0x43, 0xe9, 0x9d, 0x9e, 0x43, 0xe9,
    0x9d, 0xa2, 0x43, 0xe9, 0x9d, 0xa9, 0x43, 0xe9, 0x9f, 0x8b, 0x43, 0xe9, 0x9f, 0x9b, 0x43, 0xe9,
    0x9f, 0xa0, 0x43, 0xe9, 0x9f, 0xad, 0x43, 0xe9, 0x9f, 0xb3, 0x43, 0xe9, 0x9f, 0xbf, 0x43, 0xe9,
    0xa0, 0x81, 0x43, 0xe9, 0xa0, 0x85, 0x43, 0xe9, 0xa0, 0x8b, 0x43, 0xe9, 0xa0, 0x98, 0x43, 0xe9,
    0xa0, 0xa9, 0x43, 0xe9, 0xa0, 0xbb, 0x43, 0xe9, 0xa1, 0x9e, 0x43, 0xe9, 0xa2, 0xa8, 0x43, 0xe9,
    0xa3, 0x9b, 0x43, 0xe9, 0xa3, 0x9f, 0x43, 0xe9, 0xa3, 0xa2, 0x43, 0xe9, 0xa3, 0xaf, 0x43, 0xe9,
    0xa3, 0xbc, 0x43, 0xe9, 0xa4, 0xa8, 0x43, 0xe9, 0xa4, 0xa9, 0x43, 0xe9, 0xa6, 0x96, 0x43, 0xe9,
    0xa6, 0x99, 0x43, 0xe9, 0xa6, 0xa7, 0x43, 0xe9, 0xa6, 0xac, 0x43, 0xe9, 0xa7, 0x82, 0x43, 0xe9,
    0xa7, 0xb1, 0x43, 0xe9, 0xa7, 0xbe, 0x43, 0xe9, 0xa9, 0xaa, 0x43, 0xe9, 0xaa, 0xa8, 0x43, 0xe9,
    0xab, 0x98, 0x43, 0xe9, 0xab, 0x9f, 0x43, 0xe9, 0xac, 0x92, 0x43, 0xe9, 0xac, 0xa5, 0x43, 0xe9,
    0xac, 0xaf, 0x43, 0xe9, 0xac, 0xb2, 0x43, 0xe9, 0xac, 0xbc, 0x43, 0xe9, 0xad, 0x9a, 0x43, 0xe9,
    0xad, 0xaf, 0x43, 0xe9, 0xb1, 0x80, 0x43, 0xe9, 0xb1, 0x97, 0x43, 0xe9, 0xb3, 0xa5, 0x43, 0xe9,
    0xb3, 0xbd, 0x43, 0xe9, 0xb5, 0xa7, 0x43, 0xe9, 0xb6, 0xb4, 0x43, 0xe9, 0xb7, 0xba, 0x43, 0xe9,
    0xb8, 0x9e, 0x43, 0xe9, 0xb9, 0xb5, 0x43, 0xe9, 0xb9, 0xbf, 0x43, 0xe9, 0xba, 0x97, 0x43, 0xe9,
    0xba, 0x9f, 0x43, 0xe9, 0xba, 0xa5, 0x43, 0xe9, 0xba, 0xbb, 0x43, 0xe9, 0xbb, 0x83, 0x43, 0xe9,
    0xbb, 0x8d, 0x43, 0xe9, 0xbb, 0x8e, 0x43, 0xe9, 0xbb, 0x91, 0x43, 0xe9, 0xbb, 0xb9, 0x43, 0xe9,
    0xbb, 0xbd, 0x43, 0xe9, 0xbb, 0xbe, 0x43, 0xe9, 0xbc, 0x85, 0x43, 0xe9, 0xbc, 0x8e, 0x43, 0xe9,
    0xbc, 0x8f, 0x43, 0xe9, 0xbc, 0x93, 0x43, 0xe9, 0xbc, 0x96, 0x43, 0xe9, 0xbc, 0xa0, 0x43, 0xe9,
    0xbc, 0xbb, 0x43, 0xe9, 0xbd, 0x83, 0x43, 0xe9, 0xbd, 0x8a, 0x43, 0xe9, 0xbd, 0x92, 0x43, 0xe9,
    0xbe, 0x8d, 0x43, 0xe9, 0xbe, 0x8e, 0x43, 0xe9, 0xbe, 0x9c, 0x43, 0xe9, 0xbe, 0x9f, 0x43, 0xe9,
    0xbe, 0xa0, 0x43, 0xea, 0x99, 0x91, 0x43, 0xea, 0x9a, 0x89, 0x43, 0xea, 0x9c, 0xa7, 0x43, 0xea,
    0x9d, 0xaf, 0x43, 0xea, 0x9e, 0x8e, 0x43, 0xea, 0xac, 0xb7, 0x43, 0xea, 0xad, 0x92, 0x43, 0xea,
    0xad, 0xa6, 0x43, 0xea, 0xad, 0xa7, 0x44, 0xf0, 0x9d, 0xbc, 0x84, 0x44, 0xf0, 0x9d, 0xbc, 0x85,
    0x44, 0xf0, 0x9d, 0xbc, 0x86, 0x44, 0xf0, 0x9d, 0xbc, 0x88, 0x44, 0xf0, 0x9d, 0xbc, 0x8a, 0x44,
    0xf0, 0x9d, 0xbc, 0x9e, 0x44, 0xf0, 0xa0, 0x84, 0xa2, 0x44, 0xf0, 0xa0, 0x94, 0x9c, 0x44, 0xf0,
    0xa0, 0x94, 0xa5, 0x44, 0xf0, 0xa0, 0x95, 0x8b, 0x44, 0xf0, 0xa0, 0x98, 0xba, 0x44, 0xf0, 0xa0,
    0xa0, 0x84, 0x44, 0xf0, 0xa0, 0xa3, 0x9e, 0x44, 0xf0, 0xa0, 0xa8, 0xac, 0x44, 0xf0, 0xa0, 0xad,
    0xa3, 0x44, 0xf0, 0xa1, 0x93, 0xa4, 0x44, 0xf0, 0xa1, 0x9a, 0xa8, 0x44, 0xf0, 0xa1, 0x9b, 0xaa,
    0x44, 0xf0, 0xa1, 0xa7, 0x88, 0x44, 0xf0, 0xa1, 0xac, 0x98, 0x44, 0xf0, 0xa1, 0xb4, 0x8b, 0x44,
    0xf0, 0xa1, 0xb7, 0xa4, 0x44, 0xf0, 0xa1, 0xb7, 0xa6, 0x44, 0xf0, 0xa2, 0x86, 0x83, 0x44, 0xf0,
    0xa2, 0x86, 0x9f, 0x44, 0xf0, 0xa2, 0x8c, 0xb1, 0x44, 0xf0, 0xa2, 0x9b, 0x94, 0x44, 0xf0, 0xa2,
    0xa1, 0x84, 0x44, 0xf0, 0xa2, 0xa1, 0x8a, 0x44, 0xf0, 0xa2, 0xac, 0x8c, 0x44, 0xf0, 0xa2, 0xaf,
    0xb1, 0x44, 0xf0, 0xa3, 0x80, 0x8a, 0x44, 0xf0, 0xa3, 0x8a, 0xb8, 0x44, 0xf0, 0xa3, 0x8d, 0x9f,
    0x44, 0xf0, 0xa3, 0x8e, 0x93, 0x44, 0xf0, 0xa3, 0x8e, 0x9c, 0x44, 0xf0, 0xa3, 0x8f, 0x83, 0x44,
    0xf0, 0xa3, 0x8f, 0x95, 0x44, 0xf0, 0xa3, 0x91, 0xad, 0x44, 0xf0, 0xa3, 0x9a, 0xa3, 0x44, 0xf0,
    0xa3, 0xa2, 0xa7, 0x44, 0xf0, 0xa3, 0xaa, 0x8d, 0x44, 0xf0, 0xa3, 0xab, 0xba, 0x44, 0xf0, 0xa3,
    0xb2, 0xbc, 0x44, 0xf0, 0xa3, 0xb4, 0x9e, 0x44, 0xf0, 0xa3, 0xbb, 0x91, 0x44, 0xf0, 0xa3, 0xbd,
    0x9e, 0x44, 0xf0, 0xa3, 0xbe, 0x8e, 0x44, 0xf0, 0xa4, 0x89, 0xa3, 0x44, 0xf0, 0xa4, 0x8b, 0xae,
    0x44, 0xf0, 0xa4, 0x8e, 0xab, 0x44, 0xf0, 0xa4, 0x98, 0x88, 0x44, 0xf0, 0xa4, 0x9c, 0xb5, 0x44,
    0xf0, 0xa4, 0xa0, 0x94, 0x44, 0xf0, 0xa4, 0xb0, 0xb6, 0x44, 0xf0, 0xa4, 0xb2, 0x92, 0x44, 0xf0,
    0xa4, 0xbe, 0xa1, 0x44, 0xf0, 0xa4, 0xbe, 0xb8, 0x44, 0xf0, 0xa5, 0x81, 0x84, 0x44, 0xf0, 0xa5,
    0x83, 0xb2, 0x44, 0xf0, 0xa5, 0x83, 0xb3, 0x44, 0xf0, 0xa5, 0x84, 0x99, 0x44, 0xf0, 0xa5, 0x84,
    0xb3, 0x44, 0xf0, 0xa5, 0x89, 0x89, 0x44, 0xf0, 0xa5, 0x90, 0x9d, 0x44, 0xf0, 0xa5, 0x98, 0xa6,
    0x44, 0xf0, 0xa5, 0x9a, 0x9a, 0x44, 0xf0, 0xa5, 0x9b, 0x85, 0x44, 0xf0, 0xa5, 0xa5, 0xbc, 0x44,
    0xf0, 0xa5, 0xaa, 0xa7, 0x44, 0xf0, 0xa5, 0xae, 0xab, 0x44, 0xf0, 0xa5, 0xb2, 0x80, 0x44, 0xf0,
    0xa5, 0xb3, 0x90, 0x44, 0xf0, 0xa5, 0xbe, 0x86, 0x44, 0xf0, 0xa6, 0x87, 0x9a, 0x44, 0xf0, 0xa6,
    0x88, 0xa8, 0x44, 0xf0, 0xa6, 0x89, 0x87, 0x44, 0xf0, 0xa6, 0x8b, 0x99, 0x44, 0xf0, 0xa6, 0x8c,
    0xbe, 0x44, 0xf0, 0xa6, 0x93, 0x9a, 0x44, 0xf0, 0xa6, 0x94, 0xa3, 0x44, 0xf0, 0xa6, 0x96, 0xa8,
    0x44, 0xf0, 0xa6, 0x9e, 0xa7, 0x44, 0xf0, 0xa6, 0x9e, 0xb5, 0x44, 0xf0, 0xa6, 0xac, 0xbc, 0x44,
    0xf0, 0xa6, 0xb0, 0xb6, 0x44, 0xf0, 0xa6, 0xb3, 0x95, 0x44, 0xf0, 0xa6, 0xb5, 0xab, 0x44, 0xf0,
    0xa6, 0xbc, 0xac, 0x44, 0xf0, 0xa6, 0xbe, 0xb1, 0x44, 0xf0, 0xa7, 0x83, 0x92, 0x44, 0xf0, 0xa7,
    0x8f, 0x8a, 0x44, 0xf0, 0xa7, 0x99, 0xa7, 0x44, 0xf0, 0xa7, 0xa2, 0xae, 0x44, 0xf0, 0xa7, 0xa5,
    0xa6, 0x44, 0xf0, 0xa7, 0xb2, 0xa8, 0x44, 0xf0, 0xa7, 0xbb, 0x93, 0x44, 0xf0, 0xa7, 0xbc, 0xaf,
    0x44, 0xf0, 0xa8, 0x97, 0x92, 0x44, 0xf0, 0xa8, 0x97, 0xad, 0x44, 0xf0, 0xa8, 0x9c, 0xae, 0x44,
    0xf0, 0xa8, 0xaf, 0xba, 0x44, 0xf0, 0xa8, 0xb5, 0xb7, 0x44, 0xf0, 0xa9, 0x85, 0x85, 0x44, 0xf0,
    0xa9, 0x87, 0x9f, 0x44, 0xf0, 0xa9, 0x88, 0x9a, 0x44, 0xf0, 0xa9, 0x90, 0x8a, 0x44, 0xf0, 0xa9,
    0x92, 0x96, 0x44, 0xf0, 0xa9, 0x96, 0xb6, 0x44, 0xf0, 0xa9, 0xac, 0xb0, 0x44, 0xf0, 0xaa, 0x83,
    0x8e, 0x44, 0xf0, 0xaa, 0x84, 0x85, 0x44, 0xf0, 0xaa, 0x88, 0x8e, 0x44, 0xf0, 0xaa, 0x8a, 0x91,
    0x44, 0xf0, 0xaa, 0x8e, 0x92, 0x44, 0xf0, 0xaa, 0x98, 0x80, 0x42, 0x21, 0x21, 0x42, 0x21, 0x3f,
    0x42, 0x2e, 0x2e, 0x42, 0x30, 0x2c, 0x42, 0x30, 0x2e, 0x42, 0x31, 0x2c, 0x42, 0x31, 0x2e, 0x42,
    0x31, 0x30, 0x42, 0x31, 0x31, 0x42, 0x31, 0x32, 0x42, 0x31, 0x33, 0x42, 0x31, 0x34, 0x42, 0x31,
    0x35, 0x42, 0x31, 0x36, 0x42, 0x31, 0x37, 0x42, 0x31, 0x38, 0x42, 0x31, 0x39, 0x42, 0x32, 0x2c,
    0x42, 0x32, 0x2e, 0x42, 0x32, 0x30, 0x42, 0x32, 0x31, 0x42, 0x32, 0x32, 0x42, 0x32, 0x33, 0x42,
    0x32, 0x34, 0x42, 0x32, 0x35, 0x42, 0x32, 0x36, 0x42, 0x32, 0x37, 0x42, 0x32, 0x38, 0x42, 0x32,
    0x39, 0x42, 0x33, 0x2c, 0x42, 0x33, 0x2e, 0x42, 0x33, 0x30, 0x42, 0x33, 0x31, 0x42, 0x33, 0x32,
    0x42, 0x33, 0x33, 0x42, 0x33, 0x34, 0x42, 0x33, 0x35, 0x42, 0x33, 0x36, 0x42, 0x33, 0x37, 0x42,
    0x33, 0x38, 0x42, 0x33, 0x39, 0x42, 0x34, 0x2c, 0x42, 0x34, 0x2e, 0x42, 0x34, 0x30, 0x42, 0x34,
    0x31, 0x42, 0x34, 0x32, 0x42, 0x34, 0x33, 0x42, 0x34, 0x34, 0x42, 0x34, 0x35, 0x42, 0x34, 0x36,
    0x42, 0x34, 0x37, 0x42, 0x34, 0x38, 0x42, 0x34, 0x39, 0x42, 0x35, 0x2c, 0x42, 0x35, 0x2e, 0x42,
    0x35, 0x30, 0x42, 0x36, 0x2c, 0x42, 0x36, 0x2e, 0x42, 0x37, 0x2c, 0x42, 0x37, 0x2e, 0x42, 0x38,
    0x2c, 0x42, 0x38, 0x2e, 0x42, 0x39, 0x2c, 0x42, 0x39, 0x2e, 0x42, 0x3d, 0x3d, 0x42, 0x3f, 0x21,
    0x42, 0x3f, 0x3f, 0x42, 0x41, 0x55, 0x42, 0x42, 0x71, 0x42, 0x43, 0x44, 0x42, 0x44, 0x4a, 0x42,
    0x44, 0x5a, 0x42, 0x44, 0x7a, 0x42, 0x47, 0x42, 0x42, 0x47, 0x79, 0x42, 0x48, 0x50, 0x42, 0x48,
    0x56, 0x42, 0x48, 0x67, 0x42, 0x48, 0x7a, 0x42, 0x49, 0x49, 0x42, 0x49, 0x4a, 0x42, 0x49, 0x55,
    0x42, 0x49, 0x56, 0x42, 0x49, 0x58, 0x42, 0x4b, 0x42, 0x42, 0x4b, 0x4b, 0x42, 0x4b, 0x4d, 0x42,
    0x4c, 0x4a, 0x42, 0x4c, 0x6a, 0x42, 0x4d, 0x42, 0x42, 0x4d, 0x43, 0x42, 0x4d, 0x44, 0x42, 0x4d,
    0x52, 0x42, 0x4d, 0x56, 0x42, 0x4d, 0x57, 0x42, 0x4e, 0x4a, 0x42, 0x4e, 0x6a, 0x42, 0x4e, 0x6f,
    0x42, 0x50, 0x48, 0x42, 0x50, 0x52, 0x42, 0x50, 0x61, 0x42, 0x52, 0x73, 0x42, 0x53, 0x44, 0x42,
    0x53, 0x4d, 0x42, 0x53, 0x53, 0x42, 0x53, 0x76, 0x42, 0x54, 0x4d, 0x42, 0x56, 0x49, 0x42, 0x57,
    0x43, 0x42, 0x57, 0x5a, 0x42, 0x57, 0x62, 0x42, 0x58, 0x49, 0x42, 0x63, 0x63, 0x42, 0x63, 0x64,
    0x42, 0x63, 0x6d, 0x42, 0x64, 0x42, 0x42, 0x64, 0x61, 0x42, 0x64, 0x6c, 0x42, 0x64, 0x6d, 0x42,
    0x64, 0x7a, 0x42, 0x65, 0x56, 0x42, 0x66, 0x66, 0x42, 0x66, 0x69, 0x42, 0x66, 0x6c, 0x42, 0x66,
    0x6d, 0x42, 0x68, 0x61, 0x42, 0x69, 0x69, 0x42, 0x69, 0x6a, 0x42, 0x69, 0x6e, 0x42, 0x69, 0x76,
    0x42, 0x69, 0x78, 0x42, 0x6b, 0x41, 0x42, 0x6b, 0x56, 0x42, 0x6b, 0x57, 0x42, 0x6b, 0x67, 0x42,
    0x6b, 0x6c, 0x42, 0x6b, 0x6d, 0x42, 0x6b, 0x74, 0x42, 0x6c, 0x6a, 0x42, 0x6c, 0x6d, 0x42, 0x6c,
    0x6e, 0x42, 0x6c, 0x78, 0x42, 0x6d, 0x32, 0x42, 0x6d, 0x33, 0x42, 0x6d, 0x41, 0x42, 0x6d, 0x56,
    0x42, 0x6d, 0x57, 0x42, 0x6d, 0x62, 0x42, 0x6d, 0x67, 0x42, 0x6d, 0x6c, 0x42, 0x6d, 0x6d, 0x42,
    0x6d, 0x73, 0x42, 0x6e, 0x41, 0x42, 0x6e, 0x46, 0x42, 0x6e, 0x56, 0x42, 0x6e, 0x57, 0x42, 0x6e,
    0x6a, 0x42, 0x6e, 0x6d, 0x42, 0x6e, 0x73, 0x42, 0x6f, 0x56, 0x42, 0x70, 0x41, 0x42, 0x70, 0x46,
    0x42, 0x70, 0x56, 0x42, 0x70, 0x57, 0x42, 0x70, 0x63, 0x42, 0x70, 0x73, 0x42, 0x73, 0x72, 0x42,
    0x73, 0x74, 0x42, 0x76, 0x69, 0x42, 0x78, 0x69, 0x43, 0x28, 0x31, 0x29, 0x43, 0x28, 0x32, 0x29,
    0x43, 0x28, 0x33, 0x29, 0x43, 0x28, 0x34, 0x29, 0x43, 0x28, 0x35, 0x29, 0x43, 0x28, 0x36, 0x29,
    0x43, 0x28, 0x37, 0x29, 0x43, 0x28, 0x38, 0x29, 0x43, 0x28, 0x39, 0x29, 0x43, 0x28, 0x41, 0x29,
    0x43, 0x28, 0x42, 0x29, 0x43, 0x28, 0x43, 0x29, 0x43, 0x28, 0x44, 0x29, 0x43, 0x28, 0x45, 0x29,
    0x43, 0x28, 0x46, 0x29, 0x43, 0x28, 0x47, 0x29, 0x43, 0x28, 0x48, 0x29, 0x43, 0x28, 0x49, 0x29,
    0x43, 0x28, 0x4a, 0x29, 0x43, 0x28, 0x4b, 0x29, 0x43, 0x28, 0x4c, 0x29, 0x43, 0x28, 0x4d, 0x29,
    0x43, 0x28, 0x4e, 0x29, 0x43, 0x28, 0x4f, 0x29, 0x43, 0x28, 0x50, 0x29, 0x43, 0x28, 0x51, 0x29,
    0x43, 0x28, 0x52, 0x29, 0x43, 0x28, 0x53, 0x29, 0x43, 0x28, 0x54, 0x29, 0x43, 0x28, 0x55, 0x29,
    0x43, 0x28, 0x56, 0x29, 0x43, 0x28, 0x57, 0x29, 0x43, 0x28, 0x58, 0x29, 0x43, 0x28, 0x59, 0x29,
    0x43, 0x28, 0x5a, 0x29, 0x43, 0x28, 0x61, 0x29, 0x43, 0x28, 0x62, 0x29, 0x43, 0x28, 0x63, 0x29,
    0x43, 0x28, 0x64, 0x29, 0x43, 0x28, 0x65, 0x29, 0x43, 0x28, 0x66, 0x29, 0x43, 0x28, 0x67, 0x29,
    0x43, 0x28, 0x68, 0x29, 0x43, 0x28, 0x69, 0x29, 0x43, 0x28, 0x6a, 0x29, 0x43, 0x28, 0x6b, 0x29,
    0x43, 0x28, 0x6c, 0x29, 0x43, 0x28, 0x6d, 0x29, 0x43, 0x28, 0x6e, 0x29, 0x43, 0x28, 0x6f, 0x29,
    0x43, 0x28, 0x70, 0x29, 0x43, 0x28, 0x71, 0x29, 0x43, 0x28, 0x72, 0x29, 0x43, 0x28, 0x73, 0x29,
    0x43, 0x28, 0x74, 0x29, 0x43, 0x28, 0x75, 0x29, 0x43, 0x28, 0x76, 0x29, 0x43, 0x28, 0x77, 0x29,
    0x43, 0x28, 0x78, 0x29, 0x43, 0x28, 0x79, 0x29, 0x43, 0x28, 0x7a, 0x29, 0x43, 0x2e, 0x2e, 0x2e,
    0x43, 0x31, 0x30, 0x2e, 0x43, 0x31, 0x31, 0x2e, 0x43, 0x31, 0x32, 0x2e, 0x43, 0x31, 0x33, 0x2e,
    0x43, 0x31, 0x34, 0x2e, 0x43, 0x31, 0x35, 0x2e, 0x43, 0x31, 0x36, 0x2e, 0x43, 0x31, 0x37, 0x2e,
    0x43, 0x31, 0x38, 0x2e, 0x43, 0x31, 0x39, 0x2e, 0x43, 0x32, 0x30, 0x2e, 0x43, 0x3a, 0x3a, 0x3d,
    0x43, 0x3d, 0x3d, 0x3d, 0x43, 0x43, 0x6f, 0x2e, 0x43, 0x46, 0x41, 0x58, 0x43, 0x47, 0x48, 0x7a,
    0x43, 0x47, 0x50, 0x61, 0x43, 0x49, 0x49, 0x49, 0x43, 0x4c, 0x54, 0x44, 0x43, 0x4c, 0xc2, 0xb7,
    0x43, 0x4d, 0x48, 0x7a, 0x43, 0x4d, 0x50, 0x61, 0x43, 0x4d, 0xce, 0xa9, 0x43, 0x50, 0x50, 0x4d,
    0x43, 0x50, 0x50, 0x56, 0x43, 0x50, 0x54, 0x45, 0x43, 0x54, 0x45, 0x4c, 0x43, 0x54, 0x48, 0x7a,
    0x43, 0x56, 0x49, 0x49, 0x43, 0x58, 0x49, 0x49, 0x43, 0x61, 0x2f, 0x63, 0x43, 0x61, 0x2f, 0x73,
    0x43, 0x61, 0xca, 0xbe, 0x43, 0x62, 0x61, 0x72, 0x43, 0x63, 0x2f, 0x6f, 0x43, 0x63, 0x2f, 0x75,
    0x43, 0x63, 0x61, 0x6c, 0x43, 0x63, 0x6d, 0x32, 0x43, 0x63, 0x6d, 0x33, 0x43, 0x64, 0x6d, 0x32,
    0x43, 0x64, 0x6d, 0x33, 0x43, 0x65, 0x72, 0x67, 0x43, 0x66, 0x66, 0x69, 0x43, 0x66, 0x66, 0x6c,
    0x43, 0x67, 0x61, 0x6c, 0x43, 0x68, 0x50, 0x61, 0x43, 0x69, 0x69, 0x69, 0x43, 0x6b, 0x48, 0x7a,
    0x43, 0x6b, 0x50, 0x61, 0x43, 0x6b, 0x6d, 0x32, 0x43, 0x6b, 0x6d, 0x33, 0x43, 0x6b, 0xce, 0xa9,
    0x43, 0x6c, 0x6f, 0x67, 0x43, 0x6c, 0xc2, 0xb7, 0x43, 0x6d, 0x69, 0x6c, 0x43, 0x6d, 0x6d, 0x32,
    0x43, 0x6d, 0x6d, 0x33, 0x43, 0x6d, 0x6f, 0x6c, 0x43, 0x72, 0x61, 0x64, 0x43, 0x76, 0x69, 0x69,
    0x43, 0x78, 0x69, 0x69, 0x43, 0xc2, 0xb0, 0x43, 0x43, 0xc2, 0xb0, 0x46, 0x43, 0xca, 0xbc, 0x6e,
    0x43, 0xce, 0xbc, 0x41, 0x43, 0xce, 0xbc, 0x46, 0x43, 0xce, 0xbc, 0x56, 0x43, 0xce, 0xbc, 0x57,
    0x43, 0xce, 0xbc, 0x67, 0x43, 0xce, 0xbc, 0x6c, 0x43, 0xce, 0xbc, 0x6d, 0x43, 0xce, 0xbc, 0x73,
    0x44, 0x28, 0x31, 0x30, 0x29, 0x44, 0x28, 0x31, 0x31, 0x29, 0x44, 0x28, 0x31, 0x32, 0x29, 0x44,
    0x28, 0x31, 0x33, 0x29, 0x44, 0x28, 0x31, 0x34, 0x29, 0x44, 0x28, 0x31, 0x35, 0x29, 0x44, 0x28,
    0x31, 0x36, 0x29, 0x44, 0x28, 0x31, 0x37, 0x29, 0x44, 0x28, 0x31, 0x38, 0x29, 0x44, 0x28, 0x31,
    0x39, 0x29, 0x44, 0x28, 0x32, 0x30, 0x29, 0x44, 0x30, 0xe7, 0x82, 0xb9, 0x44, 0x31, 0xe2, 0x81,
    0x84, 0x44, 0x31, 0xe6, 0x97, 0xa5, 0x44, 0x31, 0xe6, 0x9c, 0x88, 0x44, 0x31, 0xe7, 0x82, 0xb9,
    0x44, 0x32, 0xe6, 0x97, 0xa5, 0x44, 0x32, 0xe6, 0x9c, 0x88, 0x44, 0x32, 0xe7, 0x82, 0xb9, 0x44,
    0x33, 0xe6, 0x97, 0xa5, 0x44, 0x33, 0xe6, 0x9c, 0x88, 0x44, 0x33, 0xe7, 0x82, 0xb9, 0x44, 0x34,
    0xe6, 0x97, 0xa5, 0x44, 0x34, 0xe6, 0x9c, 0x88, 0x44, 0x34, 0xe7, 0x82, 0xb9, 0x44, 0x35, 0xe6,
    0x97, 0xa5, 0x44, 0x35, 0xe6, 0x9c, 0x88, 0x44, 0x35, 0xe7, 0x82, 0xb9, 0x44, 0x36, 0xe6, 0x97,
    0xa5, 0x44, 0x36, 0xe6, 0x9c, 0x88, 0x44, 0x36, 0xe7, 0x82, 0xb9, 0x44, 0x37, 0xe6, 0x97, 0xa5,
    0x44, 0x37, 0xe6, 0x9c, 0x88, 0x44, 0x37, 0xe7, 0x82, 0xb9, 0x44, 0x38, 0xe6, 0x97, 0xa5, 0x44,
    0x38, 0xe6, 0x9c, 0x88, 0x44, 0x38, 0xe7, 0x82, 0xb9, 0x44, 0x39, 0xe6, 0x97, 0xa5, 0x44, 0x39,
    0xe6, 0x9c, 0x88, 0x44, 0x39, 0xe7, 0x82, 0xb9, 0x44, 0x56, 0x49, 0x49, 0x49, 0x44, 0x61, 0x2e,
    0x6d, 0x2e, 0x44, 0x6b, 0x63, 0x61, 0x6c, 0x44, 0x70, 0x2e, 0x6d, 0x2e, 0x44, 0x76, 0x69, 0x69,
    0x69, 0x44, 0xd5, 0xa5, 0xd6, 0x82, 0x44, 0xd5, 0xb4, 0xd5, 0xa5, 0x44, 0xd5, 0xb4, 0xd5, 0xab,
    0x44, 0xd5, 0xb4, 0xd5, 0xad, 0x44, 0xd5, 0xb4, 0xd5, 0xb6, 0x44, 0xd5, 0xbe, 0xd5, 0xb6, 0x44,
    0xd7, 0x90, 0xd7, 0x9c, 0x44, 0xd8, 0xa7, 0xd9, 0xb4, 0x44, 0xd8, 0xa8, 0xd8, 0xac, 0x44, 0xd8,
    0xa8, 0xd8, 0xad, 0x44, 0xd8, 0xa8, 0xd8, 0xae, 0x44, 0xd8, 0xa8, 0xd8, 0xb1, 0x44, 0xd8, 0xa8,
    0xd8, 0xb2, 0x44, 0xd8, 0xa8, 0xd9, 0x85, 0x44, 0xd8, 0xa8, 0xd9, 0x86, 0x44, 0xd8, 0xa8, 0xd9,
    0x87, 0x44, 0xd8, 0xa8, 0xd9, 0x89, 0x44, 0xd8, 0xa8, 0xd9, 0x8a, 0x44, 0xd8, 0xaa, 0xd8, 0xac,
    0x44, 0xd8, 0xaa, 0xd8, 0xad, 0x44, 0xd8, 0xaa, 0xd8, 0xae, 0x44, 0xd8, 0xaa, 0xd8, 0xb1, 0x44,
    0xd8, 0xaa, 0xd8, 0xb2, 0x44, 0xd8, 0xaa, 0xd9, 0x85, 0x44, 0xd8, 0xaa, 0xd9, 0x86, 0x44, 0xd8,
    0xaa, 0xd9, 0x87, 0x44, 0xd8, 0xaa, 0xd9, 0x89, 0x44, 0xd8, 0xaa, 0xd9, 0x8a, 0x44, 0xd8, 0xab,
    0xd8, 0xac, 0x44, 0xd8, 0xab, 0xd8, 0xb1, 0x44, 0xd8, 0xab, 0xd8, 0xb2, 0x44, 0xd8, 0xab, 0xd9,
    0x85, 0x44, 0xd8, 0xab, 0xd9, 0x86, 0x44, 0xd8, 0xab, 0xd9, 0x87, 0x44, 0xd8, 0xab, 0xd9, 0x89,
    0x44, 0xd8, 0xab, 0xd9, 0x8a, 0x44, 0xd8, 0xac, 0xd8, 0xad, 0x44, 0xd8, 0xac, 0xd9, 0x85, 0x44,
    0xd8, 0xac, 0xd9, 0x89, 0x44, 0xd8, 0xac, 0xd9, 0x8a, 0x44, 0xd8, 0xad, 0xd8, 0xac, 0x44, 0xd8,
    0xad, 0xd9, 0x85, 0x44, 0xd8, 0xad, 0xd9, 0x89, 0x44, 0xd8, 0xad, 0xd9, 0x8a, 0x44, 0xd8, 0xae,
    0xd8, 0xac, 0x44, 0xd8, 0xae, 0xd8, 0xad, 0x44, 0xd8, 0xae, 0xd9, 0x85, 0x44, 0xd8, 0xae, 0xd9,
    0x89, 0x44, 0xd8, 0xae, 0xd9, 0x8a, 0x44, 0xd8, 0xb3, 0xd8, 0xac, 0x44, 0xd8, 0xb3, 0xd8, 0xad,
    0x44, 0xd8, 0xb3, 0xd8, 0xae, 0x44, 0xd8, 0xb3, 0xd8, 0xb1, 0x44, 0xd8, 0xb3, 0xd9, 0x85, 0x44,
    0xd8, 0xb3, 0xd9, 0x87, 0x44, 0xd8, 0xb3, 0xd9, 0x89, 0x44, 0xd8, 0xb3, 0xd9, 0x8a, 0x44, 0xd8,
    0xb4, 0xd8, 0xac, 0x44, 0xd8, 0xb4, 0xd8, 0xad, 0x44, 0xd8, 0xb4, 0xd8, 0xae, 0x44, 0xd8, 0xb4,
    0xd8, 0xb1, 0x44, 0xd8, 0xb4, 0xd9, 0x85, 0x44, 0xd8, 0xb4, 0xd9, 0x87, 0x44, 0xd8, 0xb4, 0xd9,
    0x89, 0x44, 0xd8, 0xb4, 0xd9, 0x8a, 0x44, 0xd8, 0xb5, 0xd8, 0xad, 0x44, 0xd8, 0xb5, 0xd8, 0xae,
    0x44, 0xd8, 0xb5, 0xd8, 0xb1, 0x44, 0xd8, 0xb5, 0xd9, 0x85, 0x44, 0xd8, 0xb5, 0xd9, 0x89, 0x44,
    0xd8, 0xb5, 0xd9, 0x8a, 0x44, 0xd8, 0xb6, 0xd8, 0xac, 0x44, 0xd8, 0xb6, 0xd8, 0xad, 0x44, 0xd8,
    0xb6, 0xd8, 0xae, 0x44, 0xd8, 0xb6, 0xd8, 0xb1, 0x44, 0xd8, 0xb6, 0xd9, 0x85, 0x44, 0xd8, 0xb6,
    0xd9, 0x89, 0x44, 0xd8, 0xb6, 0xd9, 0x8a, 0x44, 0xd8, 0xb7, 0xd8, 0xad, 0x44, 0xd8, 0xb7, 0xd9,
    0x85, 0x44, 0xd8, 0xb7, 0xd9, 0x89, 0x44, 0xd8, 0xb7, 0xd9, 0x8a, 0x44, 0xd8, 0xb8, 0xd9, 0x85,
    0x44, 0xd8, 0xb9, 0xd8, 0xac, 0x44, 0xd8, 0xb9, 0xd9, 0x85, 0x44, 0xd8, 0xb9, 0xd9, 0x89, 0x44,
    0xd8, 0xb9, 0xd9, 0x8a, 0x44, 0xd8, 0xba, 0xd8, 0xac, 0x44, 0xd8, 0xba, 0xd9, 0x85, 0x44, 0xd8,
    0xba, 0xd9, 0x89, 0x44, 0xd8, 0xba, 0xd9, 0x8a, 0x44, 0xd9, 0x81, 0xd8, 0xac, 0x44, 0xd9, 0x81,
    0xd8, 0xad, 0x44, 0xd9, 0x81, 0xd8, 0xae, 0x44, 0xd9, 0x81, 0xd9, 0x85, 0x44, 0xd9, 0x81, 0xd9,
    0x89, 0x44, 0xd9, 0x81, 0xd9, 0x8a, 0x44, 0xd9, 0x82, 0xd8, 0xad, 0x44, 0xd9, 0x82, 0xd9, 0x85,
    0x44, 0xd9, 0x82, 0xd9, 0x89, 0x44, 0xd9, 0x82, 0xd9, 0x8a, 0x44, 0xd9, 0x83, 0xd8, 0xa7, 0x44,
    0xd9, 0x83, 0xd8, 0xac, 0x44, 0xd9, 0x83, 0xd8, 0xad, 0x44, 0xd9, 0x83, 0xd8, 0xae, 0x44, 0xd9,
    0x83, 0xd9, 0x84, 0x44, 0xd9, 0x83, 0xd9, 0x85, 0x44, 0xd9, 0x83, 0xd9, 0x89, 0x44, 0xd9, 0x83,
    0xd9, 0x8a, 0x44, 0xd9, 0x84, 0xd8, 0xa7, 0x44, 0xd9, 0x84, 0xd8, 0xac, 0x44, 0xd9, 0x84, 0xd8,
    0xad, 0x44, 0xd9, 0x84, 0xd8, 0xae, 0x44, 0xd9, 0x84, 0xd9, 0x85, 0x44, 0xd9, 0x84, 0xd9, 0x87,
    0x44, 0xd9, 0x84, 0xd9, 0x89, 0x44, 0xd9, 0x84, 0xd9, 0x8a, 0x44, 0xd9, 0x85, 0xd8, 0xa7, 0x44,
    0xd9, 0x85, 0xd8, 0xac, 0x44, 0xd9, 0x85, 0xd8, 0xad, 0x44, 0xd9, 0x85, 0xd8, 0xae, 0x44, 0xd9,
    0x85, 0xd9, 0x85, 0x44, 0xd9, 0x85, 0xd9, 0x89, 0x44, 0xd9, 0x85, 0xd9, 0x8a, 0x44, 0xd9, 0x86,
    0xd8, 0xac, 0x44, 0xd9, 0x86, 0xd8, 0xad, 0x44, 0xd9, 0x86, 0xd8, 0xae, 0x44, 0xd9, 0x86, 0xd8,
    0xb1, 0x44, 0xd9, 0x86, 0xd8, 0xb2, 0x44, 0xd9, 0x86, 0xd9, 0x85, 0x44, 0xd9, 0x86, 0xd9, 0x86,
    0x44, 0xd9, 0x86, 0xd9, 0x87, 0x44, 0xd9, 0x86, 0xd9, 0x89, 0x44, 0xd9, 0x86, 0xd9, 0x8a, 0x44,
    0xd9, 0x87, 0xd8, 0xac, 0x44, 0xd9, 0x87, 0xd9, 0x85, 0x44, 0xd9, 0x87, 0xd9, 0x89, 0x44, 0xd9,
    0x87, 0xd9, 0x8a, 0x44, 0xd9, 0x88, 0xd9, 0xb4, 0x44, 0xd9, 0x8a, 0xd8, 0xac, 0x44, 0xd9, 0x8a,
    0xd8, 0xad, 0x44, 0xd9, 0x8a, 0xd8, 0xae, 0x44, 0xd9, 0x8a, 0xd8, 0xb1, 0x44, 0xd9, 0x8a, 0xd8,
    0xb2, 0x44, 0xd9, 0x8a, 0xd9, 0x85, 0x44, 0xd9, 0x8a, 0xd9, 0x86, 0x44, 0xd9, 0x8a, 0xd9, 0x87,
    0x44, 0xd9, 0x8a, 0xd9, 0x89, 0x44, 0xd9, 0x8a, 0xd9, 0x8a, 0x44, 0xd9, 0x8a, 0xd9, 0xb4, 0x44,
    0xdb, 0x87, 0xd9, 0xb4, 0x45, 0x28, 0xe1, 0x84, 0x80, 0x29, 0x45, 0x28, 0xe1, 0x84, 0x82, 0x29,
    0x45, 0x28, 0xe1, 0x84, 0x83, 0x29, 0x45, 0x28, 0xe1, 0x84, 0x85, 0x29, 0x45, 0x28, 0xe1, 0x84,
    0x86, 0x29, 0x45, 0x28, 0xe1, 0x84, 0x87, 0x29, 0x45, 0x28, 0xe1, 0x84, 0x89, 0x29, 0x45, 0x28,
    0xe1, 0x84, 0x8b, 0x29, 0x45, 0x28, 0xe1, 0x84, 0x8c, 0x29, 0x45, 0x28, 0xe1, 0x84, 0x8e, 0x29,
    0x45, 0x28, 0xe1, 0x84, 0x8f, 0x29, 0x45, 0x28, 0xe1, 0x84, 0x90, 0x29, 0x45, 0x28, 0xe1, 0x84,
    0x91, 0x29, 0x45, 0x28, 0xe1, 0x84, 0x92, 0x29, 0x45, 0x28, 0xe4, 0xb8, 0x80, 0x29, 0x45, 0x28,
    0xe4, 0xb8, 0x83, 0x29, 0x45, 0x28, 0xe4, 0xb8, 0x89, 0x29, 0x45, 0x28, 0xe4, 0xb9, 0x9d, 0x29,
    0x45, 0x28, 0xe4, 0xba, 0x8c, 0x29, 0x45, 0x28, 0xe4, 0xba, 0x94, 0x29, 0x45, 0x28, 0xe4, 0xbb,
    0xa3, 0x29, 0x45, 0x28, 0xe4, 0xbc, 0x81, 0x29, 0x45, 0x28, 0xe4, 0xbc, 0x91, 0x29, 0x45, 0x28,
    0xe5, 0x85, 0xab, 0x29, 0x45, 0x28, 0xe5, 0x85, 0xad, 0x29, 0x45, 0x28, 0xe5, 0x8a, 0xb4, 0x29,
    0x45, 0x28, 0xe5, 0x8d, 0x81, 0x29, 0x45, 0x28, 0xe5, 0x8d, 0x94, 0x29, 0x45, 0x28, 0xe5, 0x90,
    0x8d, 0x29, 0x45, 0x28, 0xe5, 0x91, 0xbc, 0x29, 0x45, 0x28, 0xe5, 0x9b, 0x9b, 0x29, 0x45, 0x28,
    0xe5, 0x9c, 0x9f, 0x29, 0x45, 0x28, 0xe5, 0xad, 0xa6, 0x29, 0x45, 0x28, 0xe6, 0x97, 0xa5, 0x29,
    0x45, 0x28, 0xe6, 0x9c, 0x88, 0x29, 0x45, 0x28, 0xe6, 0x9c, 0x89, 0x29, 0x45, 0x28, 0xe6, 0x9c,
    0xa8, 0x29, 0x45, 0x28, 0xe6, 0xa0, 0xaa, 0x29, 0x45, 0x28, 0xe6, 0xb0, 0xb4, 0x29, 0x45, 0x28,
    0xe7, 0x81, 0xab, 0x29, 0x45, 0x28, 0xe7, 0x89, 0xb9, 0x29, 0x45, 0x28, 0xe7, 0x9b, 0xa3, 0x29,
    0x45, 0x28, 0xe7, 0xa4, 0xbe, 0x29, 0x45, 0x28, 0xe7, 0xa5, 0x9d, 0x29, 0x45, 0x28, 0xe7, 0xa5,
    0xad, 0x29, 0x45, 0x28, 0xe8, 0x87, 0xaa, 0x29, 0x45, 0x28, 0xe8, 0x87, 0xb3, 0x29, 0x45, 0x28,
    0xe8, 0xb2, 0xa1, 0x29, 0x45, 0x28, 0xe8, 0xb3, 0x87, 0x29, 0x45, 0x28, 0xe9, 0x87, 0x91, 0x29,
    0x45, 0x30, 0xe2, 0x81, 0x84, 0x33, 0x45, 0x31, 0x30, 0xe6, 0x97, 0xa5, 0x45, 0x31, 0x30, 0xe6,
    0x9c, 0x88, 0x45, 0x31, 0x30, 0xe7, 0x82, 0xb9, 0x45, 0x31, 0x31, 0xe6, 0x97, 0xa5, 0x45, 0x31,
    0x31, 0xe6, 0x9c, 0x88, 0x45, 0x31, 0x31, 0xe7, 0x82, 0xb9, 0x45, 0x31, 0x32, 0xe6, 0x97, 0xa5,
    0x45, 0x31, 0x32, 0xe6, 0x9c, 0x88, 0x45, 0x31, 0x32, 0xe7, 0x82, 0xb9, 0x45, 0x31, 0x33, 0xe6,
    0x97, 0xa5, 0x45, 0x31, 0x33, 0xe7, 0x82, 0xb9, 0x45, 0x31, 0x34, 0xe6, 0x97, 0xa5, 0x45, 0x31,
    0x34, 0xe7, 0x82, 0xb9, 0x45, 0x31, 0x35, 0xe6, 0x97, 0xa5, 0x45, 0x31, 0x35, 0xe7, 0x82, 0xb9,
    0x45, 0x31, 0x36, 0xe6, 0x97, 0xa5, 0x45, 0x31, 0x36, 0xe7, 0x82, 0xb9, 0x45, 0x31, 0x37, 0xe6,
    0x97, 0xa5, 0x45, 0x31, 0x37, 0xe7, 0x82, 0xb9, 0x45, 0x31, 0x38, 0xe6, 0x97, 0xa5, 0x45, 0x31,
    0x38, 0xe7, 0x82, 0xb9, 0x45, 0x31, 0x39, 0xe6, 0x97, 0xa5, 0x45, 0x31, 0x39, 0xe7, 0x82, 0xb9,
    0x45, 0x31, 0xe2, 0x81, 0x84, 0x32, 0x45, 0x31, 0xe2, 0x81, 0x84, 0x33, 0x45, 0x31, 0xe2, 0x81,
    0x84, 0x34, 0x45, 0x31, 0xe2, 0x81, 0x84, 0x35, 0x45, 0x31, 0xe2, 0x81, 0x84, 0x36, 0x45, 0x31,
    0xe2, 0x81, 0x84, 0x37, 0x45, 0x31, 0xe2, 0x81, 0x84, 0x38, 0x45, 0x31, 0xe2, 0x81, 0x84, 0x39,
    0x45, 0x32, 0x30, 0xe6, 0x97, 0xa5, 0x45, 0x32, 0x30, 0xe7, 0x82, 0xb9, 0x45, 0x32, 0x31, 0xe6,
    0x97, 0xa5, 0x45, 0x32, 0x31, 0xe7, 0x82, 0xb9, 0x45, 0x32, 0x32, 0xe6, 0x97, 0xa5, 0x45, 0x32,
    0x32, 0xe7, 0x82, 0xb9, 0x45, 0x32, 0x33, 0xe6, 0x97, 0xa5, 0x45, 0x32, 0x33, 0xe7, 0x82, 0xb9,
    0x45, 0x32, 0x34, 0xe6, 0x97, 0xa5, 0x45, 0x32, 0x34, 0xe7, 0x82, 0xb9, 0x45, 0x32, 0x35, 0xe6,
    0x97, 0xa5, 0x45, 0x32, 0x36, 0xe6, 0x97, 0xa5, 0x45, 0x32, 0x37, 0xe6, 0x97, 0xa5, 0x45, 0x32,
    0x38, 0xe6, 0x97, 0xa5, 0x45, 0x32, 0x39, 0xe6, 0x97, 0xa5, 0x45, 0x32, 0xe2, 0x81, 0x84, 0x33,
    0x45, 0x32, 0xe2, 0x81, 0x84, 0x35, 0x45, 0x33, 0x30, 0xe6, 0x97, 0xa5, 0x45, 0x33, 0x31, 0xe6,
    0x97, 0xa5, 0x45, 0x33, 0xe2, 0x81, 0x84, 0x34, 0x45, 0x33, 0xe2, 0x81, 0x84, 0x35, 0x45, 0x33,
    0xe2, 0x81, 0x84, 0x38, 0x45, 0x34, 0xe2, 0x81, 0x84, 0x35, 0x45, 0x35, 0xe2, 0x81, 0x84, 0x36,
    0x45, 0x35, 0xe2, 0x81, 0x84, 0x38, 0x45, 0x37, 0xe2, 0x81, 0x84, 0x38, 0x45, 0x41, 0xe2, 0x88,
    0x95, 0x6d, 0x45, 0x56, 0xe2, 0x88, 0x95, 0x6d, 0x45, 0x6d, 0xe2, 0x88, 0x95, 0x73, 0x46, 0x31,
    0xe2, 0x81, 0x84, 0x31, 0x30, 0x46, 0x43, 0xe2, 0x88, 0x95, 0x6b, 0x67, 0x46, 0x6d, 0xe2, 0x88,
    0x95, 0x73, 0x32, 0x46, 0xd8, 0xa8, 0xd8, 0xad, 0xd9, 0x8a, 0x46, 0xd8, 0xa8, 0xd8, 0xae, 0xd9,
    0x8a, 0x46, 0xd8, 0xaa, 0xd8, 0xac, 0xd9, 0x85, 0x46, 0xd8, 0xaa, 0xd8, 0xac, 0xd9, 0x89, 0x46,
    0xd8, 0xaa, 0xd8, 0xac, 0xd9, 0x8a, 0x46, 0xd8, 0xaa, 0xd8, 0xad, 0xd8, 0xac, 0x46, 0xd8, 0xaa,
    0xd8, 0xad, 0xd9, 0x85, 0x46, 0xd8, 0xaa, 0xd8, 0xae, 0xd9, 0x85, 0x46, 0xd8, 0xaa, 0xd8, 0xae,
    0xd9, 0x89, 0x46, 0xd8, 0xaa, 0xd8, 0xae, 0xd9, 0x8a, 0x46, 0xd8, 0xaa, 0xd9, 0x85, 0xd8, 0xac,
    0x46, 0xd8, 0xaa, 0xd9, 0x85, 0xd8, 0xad, 0x46, 0xd8, 0xaa, 0xd9, 0x85, 0xd8, 0xae, 0x46, 0xd8,
    0xaa, 0xd9, 0x85, 0xd9, 0x89, 0x46, 0xd8, 0xaa, 0xd9, 0x85, 0xd9, 0x8a, 0x46, 0xd8, 0xac, 0xd8,
    0xad, 0xd9, 0x89, 0x46, 0xd8, 0xac, 0xd8, 0xad, 0xd9, 0x8a, 0x46, 0xd8, 0xac, 0xd9, 0x85, 0xd8,
    0xad, 0x46, 0xd8, 0xac, 0xd9, 0x85, 0xd9, 0x89, 0x46, 0xd8, 0xac, 0xd9, 0x85, 0xd9, 0x8a, 0x46,
    0xd8, 0xad, 0xd8, 0xac, 0xd9, 0x8a, 0x46, 0xd8, 0xad, 0xd9, 0x85, 0xd9, 0x89, 0x46, 0xd8, 0xad,
    0xd9, 0x85, 0xd9, 0x8a, 0x46, 0xd8, 0xb3, 0xd8, 0xac, 0xd8, 0xad, 0x46, 0xd8, 0xb3, 0xd8, 0xac,
    0xd9, 0x89, 0x46, 0xd8, 0xb3, 0xd8, 0xad, 0xd8, 0xac, 0x46, 0xd8, 0xb3, 0xd8, 0xae, 0xd9, 0x89,
    0x46, 0xd8, 0xb3, 0xd8, 0xae, 0xd9, 0x8a, 0x46, 0xd8, 0xb3, 0xd9, 0x85, 0xd8, 0xac, 0x46, 0xd8,
    0xb3, 0xd9, 0x85, 0xd8, 0xad, 0x46, 0xd8, 0xb3, 0xd9, 0x85, 0xd9, 0x85, 0x46, 0xd8, 0xb4, 0xd8,
    0xac, 0xd9, 0x8a, 0x46, 0xd8, 0xb4, 0xd8, 0xad, 0xd9, 0x85, 0x46, 0xd8, 0xb4, 0xd8, 0xad, 0xd9,
    0x8a, 0x46, 0xd8, 0xb4, 0xd9, 0x85, 0xd8, 0xae, 0x46, 0xd8, 0xb4, 0xd9, 0x85, 0xd9, 0x85, 0x46,
    0xd8, 0xb5, 0xd8, 0xad, 0xd8, 0xad, 0x46, 0xd8, 0xb5, 0xd8, 0xad, 0xd9, 0x8a, 0x46, 0xd8, 0xb5,
    0xd9, 0x84, 0xd9, 0x89, 0x46, 0xd8, 0xb5, 0xd9, 0x84, 0xdb, 0x92, 0x46, 0xd8, 0xb5, 0xd9, 0x85,
    0xd9, 0x85, 0x46, 0xd8, 0xb6, 0xd8, 0xad, 0xd9, 0x89, 0x46, 0xd8, 0xb6, 0xd8, 0xad, 0xd9, 0x8a,
    0x46, 0xd8, 0xb6, 0xd8, 0xae, 0xd9, 0x85, 0x46, 0xd8, 0xb7, 0xd9, 0x85, 0xd8, 0xad, 0x46, 0xd8,
    0xb7, 0xd9, 0x85, 0xd9, 0x85, 0x46, 0xd8, 0xb7, 0xd9, 0x85, 0xd9, 0x8a, 0x46, 0xd8, 0xb9, 0xd8,
    0xac, 0xd9, 0x85, 0x46, 0xd8, 0xb9, 0xd9, 0x85, 0xd9, 0x85, 0x46, 0xd8, 0xb9, 0xd9, 0x85, 0xd9,
    0x89, 0x46, 0xd8, 0xb9, 0xd9, 0x85, 0xd9, 0x8a, 0x46, 0xd8, 0xba, 0xd9, 0x85, 0xd9, 0x85, 0x46,
    0xd8, 0xba, 0xd9, 0x85, 0xd9, 0x89, 0x46, 0xd8, 0xba, 0xd9, 0x85, 0xd9, 0x8a, 0x46, 0xd9, 0x81,
    0xd8, 0xae, 0xd9, 0x85, 0x46, 0xd9, 0x81, 0xd9, 0x85, 0xd9, 0x8a, 0x46, 0xd9, 0x82, 0xd9, 0x84,
    0xdb, 0x92, 0x46, 0xd9, 0x82, 0xd9, 0x85, 0xd8, 0xad, 0x46, 0xd9, 0x82, 0xd9, 0x85, 0xd9, 0x85,
    0x46, 0xd9, 0x82, 0xd9, 0x85, 0xd9, 0x8a, 0x46, 0xd9, 0x83, 0xd9, 0x85, 0xd9, 0x85, 0x46, 0xd9,
    0x83, 0xd9, 0x85, 0xd9, 0x8a, 0x46, 0xd9, 0x84, 0xd8, 0xac, 0xd8, 0xac, 0x46, 0xd9, 0x84, 0xd8,
    0xac, 0xd9, 0x85, 0x46, 0xd9, 0x84, 0xd8, 0xac, 0xd9, 0x8a, 0x46, 0xd9, 0x84, 0xd8, 0xad, 0xd9,
    0x85, 0x46, 0xd9, 0x84, 0xd8, 0xad, 0xd9, 0x89, 0x46, 0xd9, 0x84, 0xd8, 0xad, 0xd9, 0x8a, 0x46,
    0xd9, 0x84, 0xd8, 0xae, 0xd9, 0x85, 0x46, 0xd9, 0x84, 0xd9, 0x85, 0xd8, 0xad, 0x46, 0xd9, 0x84,
    0xd9, 0x85, 0xd9, 0x8a, 0x46, 0xd9, 0x85, 0xd8, 0xac, 0xd8, 0xad, 0x46, 0xd9, 0x85, 0xd8, 0xac,
    0xd8, 0xae, 0x46, 0xd9, 0x85, 0xd8, 0xac, 0xd9, 0x85, 0x46, 0xd9, 0x85, 0xd8, 0xac, 0xd9, 0x8a,
    0x46, 0xd9, 0x85, 0xd8, 0xad, 0xd8, 0xac, 0x46, 0xd9, 0x85, 0xd8, 0xad, 0xd9, 0x85, 0x46, 0xd9,
    0x85, 0xd8, 0xad, 0xd9, 0x8a, 0x46, 0xd9, 0x85, 0xd8, 0xae, 0xd8, 0xac, 0x46, 0xd9, 0x85, 0xd8,
    0xae, 0xd9, 0x85, 0x46, 0xd9, 0x85, 0xd8, 0xae, 0xd9, 0x8a, 0x46, 0xd9, 0x85, 0xd9, 0x85, 0xd9,
    0x8a, 0x46, 0xd9, 0x86, 0xd8, 0xac, 0xd8, 0xad, 0x46, 0xd9, 0x86, 0xd8, 0xac, 0xd9, 0x85, 0x46,
    0xd9, 0x86, 0xd8, 0xac, 0xd9, 0x89, 0x46, 0xd9, 0x86, 0xd8, 0xac, 0xd9, 0x8a, 0x46, 0xd9, 0x86,
    0xd8, 0xad, 0xd9, 0x85, 0x46, 0xd9, 0x86, 0xd8, 0xad, 0xd9, 0x89, 0x46, 0xd9, 0x86, 0xd8, 0xad,
    0xd9, 0x8a, 0x46, 0xd9, 0x86, 0xd9, 0x85, 0xd9, 0x89, 0x46, 0xd9, 0x86, 0xd9, 0x85, 0xd9, 0x8a,
    0x46, 0xd9, 0x87, 0xd9, 0x85, 0xd8, 0xac, 0x46, 0xd9, 0x87, 0xd9, 0x85, 0xd9, 0x85, 0x46, 0xd9,
    0x8a, 0xd8, 0xac, 0xd9, 0x8a, 0x46, 0xd9, 0x8a, 0xd8, 0xad, 0xd9, 0x8a, 0x46, 0xd9, 0x8a, 0xd9,
    0x85, 0xd9, 0x85, 0x46, 0xd9, 0x8a, 0xd9, 0x85, 0xd9, 0x8a, 0x46, 0xd9, 0x8a, 0xd9, 0x94, 0xd8,
    0xa7, 0x46, 0xd9, 0x8a, 0xd9, 0x94, 0xd8, 0xac, 0x46, 0xd9, 0x8a, 0xd9, 0x94, 0xd8, 0xad, 0x46,
    0xd9, 0x8a, 0xd9, 0x94, 0xd8, 0xae, 0x46, 0xd9, 0x8a, 0xd9, 0x94, 0xd8, 0xb1, 0x46, 0xd9, 0x8a,
    0xd9, 0x94, 0xd8, 0xb2, 0x46, 0xd9, 0x8a, 0xd9, 0x94, 0xd9, 0x85, 0x46, 0xd9, 0x8a, 0xd9, 0x94,
    0xd9, 0x86, 0x46, 0xd9, 0x8a, 0xd9, 0x94, 0xd9, 0x87, 0x46, 0xd9, 0x8a, 0xd9, 0x94, 0xd9, 0x88,
    0x46, 0xd9, 0x8a, 0xd9, 0x94, 0xd9, 0x89, 0x46, 0xd9, 0x8a, 0xd9, 0x94, 0xd9, 0x8a, 0x46, 0xd9,
    0x8a, 0xd9, 0x94, 0xdb, 0x86, 0x46, 0xd9, 0x8a, 0xd9, 0x94, 0xdb, 0x87, 0x46, 0xd9, 0x8a, 0xd9,
    0x94, 0xdb, 0x88, 0x46, 0xd9, 0x8a, 0xd9, 0x94, 0xdb, 0x90, 0x46, 0xd9, 0x8a, 0xd9, 0x94, 0xdb,
    0x95, 0x46, 0xe0, 0xb9, 0x8d, 0xe0, 0xb8, 0xb2, 0x46, 0xe0, 0xba, 0xab, 0xe0, 0xba, 0x99, 0x46,
    0xe0, 0xba, 0xab, 0xe0, 0xba, 0xa1, 0x46, 0xe0, 0xbb, 0x8d, 0xe0, 0xba, 0xb2, 0x46, 0xe0, 0xbd,
    0x80, 0xe0, 0xbe, 0xb5, 0x46, 0xe0, 0xbd, 0x82, 0xe0, 0xbe, 0xb7, 0x46, 0xe0, 0xbd, 0x8c, 0xe0,
    0xbe, 0xb7, 0x46, 0xe0, 0xbd, 0x91, 0xe0, 0xbe, 0xb7, 0x46, 0xe0, 0xbd, 0x96, 0xe0, 0xbe, 0xb7,
    0x46, 0xe0, 0xbd, 0x9b, 0xe0, 0xbe, 0xb7, 0x46, 0xe0, 0xbe, 0x90, 0xe0, 0xbe, 0xb5, 0x46, 0xe0,
    0xbe, 0x92, 0xe0, 0xbe, 0xb7, 0x46, 0xe0, 0xbe, 0x9c, 0xe0, 0xbe, 0xb7, 0x46, 0xe0, 0xbe, 0xa1,
    0xe0, 0xbe, 0xb7, 0x46, 0xe0, 0xbe, 0xa6, 0xe0, 0xbe, 0xb7, 0x46, 0xe0, 0xbe, 0xab, 0xe0, 0xbe,
    0xb7, 0x46, 0xe2, 0x80, 0xb2, 0xe2, 0x80, 0xb2, 0x46, 0xe2, 0x80, 0xb5, 0xe2, 0x80, 0xb5, 0x46,
    0xe2, 0x88, 0xab, 0xe2, 0x88, 0xab, 0x46, 0xe2, 0x88, 0xae, 0xe2, 0x88, 0xae, 0x46, 0xe3, 0x81,
    0xbb, 0xe3, 0x81, 0x8b, 0x46, 0xe3, 0x82, 0x88, 0xe3, 0x82, 0x8a, 0x46, 0xe3, 0x82, 0xad, 0xe3,
    0x83, 0xad, 0x46, 0xe3, 0x82, 0xb3, 0xe3, 0x82, 0xb3, 0x46, 0xe3, 0x82, 0xb3, 0xe3, 0x83, 0x88,
    0x46, 0xe3, 0x83, 0x88, 0xe3, 0x83, 0xb3, 0x46, 0xe3, 0x83, 0x8a, 0xe3, 0x83, 0x8e, 0x46, 0xe3,
    0x83, 0x9b, 0xe3, 0x83, 0xb3, 0x46, 0xe3, 0x83, 0x9f, 0xe3, 0x83, 0xaa, 0x46, 0xe3, 0x83, 0xaa,
    0xe3, 0x83, 0xa9, 0x46, 0xe3, 0x83, 0xac, 0xe3, 0x83, 0xa0, 0x46, 0xe4, 0xbb, 0xa4, 0xe5, 0x92,
    0x8c, 0x46, 0xe5, 0xa4, 0xa7, 0xe6, 0xad, 0xa3, 0x46, 0xe5, 0xb9, 0xb3, 0xe6, 0x88, 0x90, 0x46,
    0xe6, 0x98, 0x8e, 0xe6, 0xb2, 0xbb, 0x46, 0xe6, 0x98, 0xad, 0xe5, 0x92, 0x8c, 0x47, 0x72, 0x61,
    0x64, 0xe2, 0x88, 0x95, 0x73, 0x47, 0xe3, 0x80, 0x94, 0x53, 0xe3, 0x80, 0x95, 0x48, 0x28, 0xe1,
    0x84, 0x80, 0xe1, 0x85, 0xa1, 0x29, 0x48, 0x28, 0xe1, 0x84, 0x82, 0xe1, 0x85, 0xa1, 0x29, 0x48,
    0x28, 0xe1, 0x84, 0x83, 0xe1, 0x85, 0xa1, 0x29, 0x48, 0x28, 0xe1, 0x84, 0x85, 0xe1, 0x85, 0xa1,
    0x29, 0x48, 0x28, 0xe1, 0x84, 0x86, 0xe1, 0x85, 0xa1, 0x29, 0x48, 0x28, 0xe1, 0x84, 0x87, 0xe1,
    0x85, 0xa1, 0x29, 0x48, 0x28, 0xe1, 0x84, 0x89, 0xe1, 0x85, 0xa1, 0x29, 0x48, 0x28, 0xe1, 0x84,
    0x8b, 0xe1, 0x85, 0xa1, 0x29, 0x48, 0x28, 0xe1, 0x84, 0x8c, 0xe1, 0x85, 0xa1, 0x29, 0x48, 0x28,
    0xe1, 0x84, 0x8c, 0xe1, 0x85, 0xae, 0x29, 0x48, 0x28, 0xe1, 0x84, 0x8e, 0xe1, 0x85, 0xa1, 0x29,
    0x48, 0x28, 0xe1, 0x84, 0x8f, 0xe1, 0x85, 0xa1, 0x29, 0x48, 0x28, 0xe1, 0x84, 0x90, 0xe1, 0x85,
    0xa1, 0x29, 0x48, 0x28, 0xe1, 0x84, 0x91, 0xe1, 0x85, 0xa1, 0x29, 0x48, 0x28, 0xe1, 0x84, 0x92,
    0xe1, 0x85, 0xa1, 0x29, 0x48, 0x72, 0x61, 0x64, 0xe2, 0x88, 0x95, 0x73, 0x32, 0x48, 0xd8, 0xa7,
    0xd9, 0x83, 0xd8, 0xa8, 0xd8, 0xb1, 0x48, 0xd8, 0xa7, 0xd9, 0x84, 0xd9, 0x84, 0xd9, 0x87, 0x48,
    0xd8, 0xb1, 0xd8, 0xb3, 0xd9, 0x88, 0xd9, 0x84, 0x48, 0xd8, 0xb1, 0xdb, 0x8c, 0xd8, 0xa7, 0xd9,
    0x84, 0x48, 0xd8, 0xb5, 0xd9, 0x84, 0xd8, 0xb9, 0xd9, 0x85, 0x48, 0xd8, 0xb9, 0xd9, 0x84, 0xd9,
    0x8a, 0xd9, 0x87, 0x48, 0xd9, 0x85, 0xd8, 0xad, 0xd9, 0x85, 0xd8, 0xaf, 0x48, 0xd9, 0x88, 0xd8,
    0xb3, 0xd9, 0x84, 0xd9, 0x85, 0x49, 0xe2, 0x80, 0xb2, 0xe2, 0x80, 0xb2, 0xe2, 0x80, 0xb2, 0x49,
    0xe2, 0x80, 0xb5, 0xe2, 0x80, 0xb5, 0xe2, 0x80, 0xb5, 0x49, 0xe2, 0x88, 0xab, 0xe2, 0x88, 0xab,
    0xe2, 0x88, 0xab, 0x49, 0xe2, 0x88, 0xae, 0xe2, 0x88, 0xae, 0xe2, 0x88, 0xae, 0x49, 0xe3, 0x80,
    0x94, 0xe4, 0xb8, 0x89, 0xe3, 0x80, 0x95, 0x49, 0xe3, 0x80, 0x94, 0xe4, 0xba, 0x8c, 0xe3, 0x80,
    0x95, 0x49, 0xe3, 0x80, 0x94, 0xe5, 0x8b, 0x9d, 0xe3, 0x80, 0x95, 0x49, 0xe3, 0x80, 0x94, 0xe5,
    0xae, 0x89, 0xe3, 0x80, 0x95, 0x49, 0xe3, 0x80, 0x94, 0xe6, 0x89, 0x93, 0xe3, 0x80, 0x95, 0x49,
    0xe3, 0x80, 0x94, 0xe6, 0x95, 0x97, 0xe3, 0x80, 0x95, 0x49, 0xe3, 0x80, 0x94, 0xe6, 0x9c, 0xac,
    0xe3, 0x80, 0x95, 0x49, 0xe3, 0x80, 0x94, 0xe7, 0x82, 0xb9, 0xe3, 0x80, 0x95, 0x49, 0xe3, 0x80,
    0x94, 0xe7, 0x9b, 0x97, 0xe3, 0x80, 0x95, 0x49, 0xe3, 0x82, 0xa2, 0xe3, 0x83, 0xbc, 0xe3, 0x83,
    0xab, 0x49, 0xe3, 0x82, 0xa4, 0xe3, 0x83, 0xb3, 0xe3, 0x83, 0x81, 0x49, 0xe3, 0x82, 0xa6, 0xe3,
    0x82, 0xa9, 0xe3, 0x83, 0xb3, 0x49, 0xe3, 0x82, 0xaa, 0xe3, 0x83, 0xb3, 0xe3, 0x82, 0xb9, 0x49,
    0xe3, 0x82, 0xaa, 0xe3, 0x83, 0xbc, 0xe3, 0x83, 0xa0, 0x49, 0xe3, 0x82, 0xab, 0xe3, 0x82, 0xa4,
    0xe3, 0x83, 0xaa, 0x49, 0xe3, 0x82, 0xb1, 0xe3, 0x83, 0xbc, 0xe3, 0x82, 0xb9, 0x49, 0xe3, 0x82,
    0xb3, 0xe3, 0x83, 0xab, 0xe3, 0x83, 0x8a, 0x49, 0xe3, 0x82, 0xbb, 0xe3, 0x83, 0xb3, 0xe3, 0x83,
    0x81, 0x49, 0xe3, 0x82, 0xbb, 0xe3, 0x83, 0xb3, 0xe3, 0x83, 0x88, 0x49, 0xe3, 0x83, 0x86, 0xe3,
    0x82, 0x99, 0xe3, 0x82, 0xb7, 0x49, 0xe3, 0x83, 0x88, 0xe3, 0x82, 0x99, 0xe3, 0x83, 0xab, 0x49,
    0xe3, 0x83, 0x8e, 0xe3, 0x83, 0x83, 0xe3, 0x83, 0x88, 0x49, 0xe3, 0x83, 0x8f, 0xe3, 0x82, 0xa4,
    0xe3, 0x83, 0x84, 0x49, 0xe3, 0x83, 0x92, 0xe3, 0x82, 0x99, 0xe3, 0x83, 0xab, 0x49, 0xe3, 0x83,
    0x92, 0xe3, 0x82, 0x9a, 0xe3, 0x82, 0xb3, 0x49, 0xe3, 0x83, 0x95, 0xe3, 0x83, 0xa9, 0xe3, 0x83,
    0xb3, 0x49, 0xe3, 0x83, 0x98, 0xe3, 0x82, 0x9a, 0xe3, 0x82, 0xbd, 0x49, 0xe3, 0x83, 0x98, 0xe3,
    0x83, 0xab, 0xe3, 0x83, 0x84, 0x49, 0xe3, 0x83, 0x9b, 0xe3, 0x83, 0xbc, 0xe3, 0x83, 0xab, 0x49,
    0xe3, 0x83, 0x9b, 0xe3, 0x83, 0xbc, 0xe3, 0x83, 0xb3, 0x49, 0xe3, 0x83, 0x9e, 0xe3, 0x82, 0xa4,
    0xe3, 0x83, 0xab, 0x49, 0xe3, 0x83, 0x9e, 0xe3, 0x83, 0x83, 0xe3, 0x83, 0x8f, 0x49, 0xe3, 0x83,
    0x9e, 0xe3, 0x83, 0xab, 0xe3, 0x82, 0xaf, 0x49, 0xe3, 0x83, 0xa4, 0xe3, 0x83, 0xbc, 0xe3, 0x83,
    0xab, 0x49, 0xe3, 0x83, 0xa6, 0xe3, 0x82, 0xa2, 0xe3, 0x83, 0xb3, 0x49, 0xe3, 0x83, 0xaf, 0xe3,
    0x83, 0x83, 0xe3, 0x83, 0x88, 0x4c, 0xe2, 0x80, 0xb2, 0xe2, 0x80, 0xb2, 0xe2, 0x80, 0xb2, 0xe2,
    0x80, 0xb2, 0x4c, 0xe2, 0x88, 0xab, 0xe2, 0x88, 0xab, 0xe2, 0x88, 0xab, 0xe2, 0x88, 0xab, 0x4c,
    0xe3, 0x82, 0xa2, 0xe3, 0x83, 0xab, 0xe3, 0x83, 0x95, 0xe3, 0x82, 0xa1, 0x4c, 0xe3, 0x82, 0xa8,
    0xe3, 0x83, 0xbc, 0xe3, 0x82, 0xab, 0xe3, 0x83, 0xbc, 0x4c, 0xe3, 0x82, 0xab, 0xe3, 0x82, 0x99,
    0xe3, 0x83, 0xad, 0xe3, 0x83, 0xb3, 0x4c, 0xe3, 0x82, 0xab, 0xe3, 0x82, 0x99, 0xe3, 0x83, 0xb3,
    0xe3, 0x83, 0x9e, 0x4c, 0xe3, 0x82, 0xab, 0xe3, 0x83, 0xa9, 0xe3, 0x83, 0x83, 0xe3, 0x83, 0x88,
    0x4c, 0xe3, 0x82, 0xab, 0xe3, 0x83, 0xad, 0xe3, 0x83, 0xaa, 0xe3, 0x83, 0xbc, 0x4c, 0xe3, 0x82,
    0xad, 0xe3, 0x82, 0x99, 0xe3, 0x83, 0x8b, 0xe3, 0x83, 0xbc, 0x4c, 0xe3, 0x82, 0xad, 0xe3, 0x83,
    0xa5, 0xe3, 0x83, 0xaa, 0xe3, 0x83, 0xbc, 0x4c, 0xe3, 0x82, 0xaf, 0xe3, 0x82, 0x99, 0xe3, 0x83,
    0xa9, 0xe3, 0x83, 0xa0, 0x4c, 0xe3, 0x82, 0xaf, 0xe3, 0x83, 0xad, 0xe3, 0x83, 0xbc, 0xe3, 0x83,
    0x8d, 0x4c, 0xe3, 0x82, 0xb5, 0xe3, 0x82, 0xa4, 0xe3, 0x82, 0xaf, 0xe3, 0x83, 0xab, 0x4c, 0xe3,
    0x82, 0xbf, 0xe3, 0x82, 0x99, 0xe3, 0x83, 0xbc, 0xe3, 0x82, 0xb9, 0x4c, 0xe3, 0x83, 0x8f, 0xe3,
    0x82, 0x9a, 0xe3, 0x83, 0xbc, 0xe3, 0x83, 0x84, 0x4c, 0xe3, 0x83, 0x92, 0xe3, 0x82, 0x9a, 0xe3,
    0x82, 0xaf, 0xe3, 0x83, 0xab, 0x4c, 0xe3, 0x83, 0x95, 0xe3, 0x82, 0xa3, 0xe3, 0x83, 0xbc, 0xe3,
    0x83, 0x88, 0x4c, 0xe3, 0x83, 0x98, 0xe3, 0x82, 0x99, 0xe3, 0x83, 0xbc, 0xe3, 0x82, 0xbf, 0x4c,
    0xe3, 0x83, 0x98, 0xe3, 0x82, 0x9a, 0xe3, 0x83, 0x8b, 0xe3, 0x83, 0x92, 0x4c, 0xe3, 0x83, 0x98,
    0xe3, 0x82, 0x9a, 0xe3, 0x83, 0xb3, 0xe3, 0x82, 0xb9, 0x4c, 0xe3, 0x83, 0x9b, 0xe3, 0x82, 0x99,
    0xe3, 0x83, 0xab, 0xe3, 0x83, 0x88, 0x4c, 0xe3, 0x83, 0x9e, 0xe3, 0x82, 0xa4, 0xe3, 0x82, 0xaf,
    0xe3, 0x83, 0xad, 0x4c, 0xe3, 0x83, 0x9f, 0xe3, 0x82, 0xaf, 0xe3, 0x83, 0xad, 0xe3, 0x83, 0xb3,
    0x4c, 0xe3, 0x83, 0xa1, 0xe3, 0x83, 0xbc, 0xe3, 0x83, 0x88, 0xe3, 0x83, 0xab, 0x4c, 0xe3, 0x83,
    0xaa, 0xe3, 0x83, 0x83, 0xe3, 0x83, 0x88, 0xe3, 0x83, 0xab, 0x4c, 0xe3, 0x83, 0xab, 0xe3, 0x83,
    0x92, 0xe3, 0x82, 0x9a, 0xe3, 0x83, 0xbc, 0x4c, 0xe6, 0xa0, 0xaa, 0xe5, 0xbc, 0x8f, 0xe4, 0xbc,
    0x9a, 0xe7, 0xa4, 0xbe, 0x4e, 0x28, 0xe1, 0x84, 0x8b, 0xe1, 0x85, 0xa9, 0xe1, 0x84, 0x92, 0xe1,
    0x85, 0xae, 0x29, 0x4f, 0xd8, 0xac, 0xd9, 0x84, 0x20, 0xd8, 0xac, 0xd9, 0x84, 0xd8, 0xa7, 0xd9,
    0x84, 0xd9, 0x87, 0x4f, 0xe3, 0x82, 0xa2, 0xe3, 0x83, 0x8f, 0xe3, 0x82, 0x9a, 0xe3, 0x83, 0xbc,
    0xe3, 0x83, 0x88, 0x4f, 0xe3, 0x82, 0xa2, 0xe3, 0x83, 0xb3, 0xe3, 0x83, 0x98, 0xe3, 0x82, 0x9a,
    0xe3, 0x82, 0xa2, 0x4f, 0xe3, 0x82, 0xad, 0xe3, 0x83, 0xad, 0xe3, 0x83, 0xaf, 0xe3, 0x83, 0x83,
    0xe3, 0x83, 0x88, 0x4f, 0xe3, 0x82, 0xb5, 0xe3, 0x83, 0xb3, 0xe3, 0x83, 0x81, 0xe3, 0x83, 0xbc,
    0xe3, 0x83, 0xa0, 0x4f, 0xe3, 0x83, 0x8f, 0xe3, 0x82, 0x99, 0xe3, 0x83, 0xbc, 0xe3, 0x83, 0xac,
    0xe3, 0x83, 0xab, 0x4f, 0xe3, 0x83, 0x98, 0xe3, 0x82, 0xaf, 0xe3, 0x82, 0xbf, 0xe3, 0x83, 0xbc,
    0xe3, 0x83, 0xab, 0x4f, 0xe3, 0x83, 0x9b, 0xe3, 0x82, 0x9a, 0xe3, 0x82, 0xa4, 0xe3, 0x83, 0xb3,
    0xe3, 0x83, 0x88, 0x4f, 0xe3, 0x83, 0x9e, 0xe3, 0x83, 0xb3, 0xe3, 0x82, 0xb7, 0xe3, 0x83, 0xa7,
    0xe3, 0x83, 0xb3, 0x4f, 0xe3, 0x83, 0xa1, 0xe3, 0x82, 0xab, 0xe3, 0x82, 0x99, 0xe3, 0x83, 0x88,
    0xe3, 0x83, 0xb3, 0x4f, 0xe3, 0x83, 0xab, 0xe3, 0x83, 0xbc, 0xe3, 0x83, 0x95, 0xe3, 0x82, 0x99,
    0xe3, 0x83, 0xab, 0x51, 0x28, 0xe1, 0x84, 0x8b, 0xe1, 0x85, 0xa9, 0xe1, 0x84, 0x8c, 0xe1, 0x85,
    0xa5, 0xe1, 0x86, 0xab, 0x29, 0x52, 0xe3, 0x82, 0xad, 0xe3, 0x82, 0x99, 0xe3, 0x83, 0xab, 0xe3,
    0x82, 0xbf, 0xe3, 0x82, 0x99, 0xe3, 0x83, 0xbc, 0x52, 0xe3, 0x82, 0xad, 0xe3, 0x83, 0xad, 0xe3,
    0x82, 0xaf, 0xe3, 0x82, 0x99, 0xe3, 0x83, 0xa9, 0xe3, 0x83, 0xa0, 0x52, 0xe3, 0x82, 0xad, 0xe3,
    0x83, 0xad, 0xe3, 0x83, 0xa1, 0xe3, 0x83, 0xbc, 0xe3, 0x83, 0x88, 0xe3, 0x83, 0xab, 0x52, 0xe3,
    0x82, 0xaf, 0xe3, 0x82, 0x99, 0xe3, 0x83, 0xa9, 0xe3, 0x83, 0xa0, 0xe3, 0x83, 0x88, 0xe3, 0x83,
    0xb3, 0x52, 0xe3, 0x82, 0xaf, 0xe3, 0x83, 0xab, 0xe3, 0x82, 0xbb, 0xe3, 0x82, 0x99, 0xe3, 0x82,
    0xa4, 0xe3, 0x83, 0xad, 0x52, 0xe3, 0x83, 0x8f, 0xe3, 0x82, 0x9a, 0xe3, 0x83, 0xbc, 0xe3, 0x82,
    0xbb, 0xe3, 0x83, 0xb3, 0xe3, 0x83, 0x88, 0x52, 0xe3, 0x83, 0x92, 0xe3, 0x82, 0x9a, 0xe3, 0x82,
    0xa2, 0xe3, 0x82, 0xb9, 0xe3, 0x83, 0x88, 0xe3, 0x83, 0xab, 0x52, 0xe3, 0x83, 0x95, 0xe3, 0x82,
    0x99, 0xe3, 0x83, 0x83, 0xe3, 0x82, 0xb7, 0xe3, 0x82, 0xa7, 0xe3, 0x83, 0xab, 0x52, 0xe3, 0x83,
    0x9f, 0xe3, 0x83, 0xaa, 0xe3, 0x83, 0x8f, 0xe3, 0x82, 0x99, 0xe3, 0x83, 0xbc, 0xe3, 0x83, 0xab,
    0x52, 0xe3, 0x83, 0xac, 0xe3, 0x83, 0xb3, 0xe3, 0x83, 0x88, 0xe3, 0x82, 0xb1, 0xe3, 0x82, 0x99,
    0xe3, 0x83, 0xb3, 0x5f, 0xd8, 0xb5, 0xd9, 0x84, 0xd9, 0x89, 0x20, 0xd8, 0xa7, 0xd9, 0x84, 0xd9,
    0x84, 0xd9, 0x87, 0x20, 0xd8, 0xb9, 0xd9, 0x84, 0xd9, 0x8a, 0xd9, 0x87, 0x20, 0xd9, 0x88, 0xd8,
    0xb3, 0xd9, 0x84, 0xd9, 0x85, 0x44, 0x44, 0x5a, 0xcc, 0x8c, 0xcd, 0x44, 0x44, 0x7a, 0xcc, 0x8c,
    0xcd, 0x44, 0x64, 0x7a, 0xcc, 0x8c, 0xcd, 0x46, 0xd9, 0x84, 0xd8, 0xa7, 0xd9, 0x93, 0xcd, 0x46,
    0xd9, 0x84, 0xd8, 0xa7, 0xd9, 0x94, 0xcd, 0x46, 0xd9, 0x84, 0xd8, 0xa7, 0xd9, 0x95, 0xb9, 0x49,
    0xe3, 0x83, 0xa1, 0xe3, 0x82, 0xab, 0xe3, 0x82, 0x99, 0x11, 0x4c, 0xe1, 0x84, 0x8c, 0xe1, 0x85,
    0xae, 0xe1, 0x84, 0x8b, 0xe1, 0x85, 0xb4, 0x1, 0x4c, 0xe3, 0x82, 0xad, 0xe3, 0x82, 0x99, 0xe3,
    0x82, 0xab, 0xe3, 0x82, 0x99, 0x11, 0x4c, 0xe3, 0x82, 0xb3, 0xe3, 0x83, 0xbc, 0xe3, 0x83, 0x9b,
    0xe3, 0x82, 0x9a, 0x11, 0x4c, 0xe3, 0x83, 0xa4, 0xe3, 0x83, 0xbc, 0xe3, 0x83, 0x88, 0xe3, 0x82,
    0x99, 0x11, 0x4f, 0xe1, 0x84, 0x8e, 0xe1, 0x85, 0xa1, 0xe1, 0x86, 0xb7, 0xe1, 0x84, 0x80, 0xe1,
    0x85, 0xa9, 0x1, 0x4f, 0xe3, 0x82, 0xa4, 0xe3, 0x83, 0x8b, 0xe3, 0x83, 0xb3, 0xe3, 0x82, 0xaf,
    0xe3, 0x82, 0x99, 0x11, 0x4f, 0xe3, 0x82, 0xb7, 0xe3, 0x83, 0xaa, 0xe3, 0x83, 0xb3, 0xe3, 0x82,
    0xaf, 0xe3, 0x82, 0x99, 0x11, 0x4f, 0xe3, 0x83, 0x98, 0xe3, 0x82, 0x9a, 0xe3, 0x83, 0xbc, 0xe3,
    0x82, 0xb7, 0xe3, 0x82, 0x99, 0x11, 0x4f, 0xe3, 0x83, 0x9b, 0xe3, 0x82, 0x9a, 0xe3, 0x83, 0xb3,
    0xe3, 0x83, 0x88, 0xe3, 0x82, 0x99, 0x11, 0x52, 0xe3, 0x82, 0xa8, 0xe3, 0x82, 0xb9, 0xe3, 0x82,
    0xaf, 0xe3, 0x83, 0xbc, 0xe3, 0x83, 0x88, 0xe3, 0x82, 0x99, 0x11, 0x52, 0xe3, 0x83, 0x95, 0xe3,
    0x82, 0xa1, 0xe3, 0x83, 0xa9, 0xe3, 0x83, 0x83, 0xe3, 0x83, 0x88, 0xe3, 0x82, 0x99, 0x11, 0x3,
    0x3c, 0xcc, 0xb8, 0x5, 0x3, 0x3d, 0xcc, 0xb8, 0x5, 0x3, 0x3e, 0xcc, 0xb8, 0x5, 0x3, 0x41,
    0xcc, 0x80, 0xcd, 0x3, 0x41, 0xcc, 0x81, 0xcd, 0x3, 0x41, 0xcc, 0x83, 0xcd, 0x3, 0x41, 0xcc,
    0x84, 0xcd, 0x3, 0x41, 0xcc, 0x89, 0xcd, 0x3, 0x41, 0xcc, 0x8c, 0xcd, 0x3, 0x41, 0xcc, 0x8f,
    0xcd, 0x3, 0x41, 0xcc, 0x91, 0xcd, 0x3, 0x41, 0xcc, 0xa5, 0xb9, 0x3, 0x41, 0xcc, 0xa8, 0xa9,
    0x3, 0x42, 0xcc, 0x87, 0xcd, 0x3, 0x42, 0xcc, 0xa3, 0xb9, 0x3, 0x42, 0xcc, 0xb1, 0xb9, 0x3,
    0x43, 0xcc, 0x81, 0xcd, 0x3, 0x43, 0xcc, 0x82, 0xcd, 0x3, 0x43, 0xcc, 0x87, 0xcd, 0x3, 0x43,
    0xcc, 0x8c, 0xcd, 0x3, 0x44, 0xcc, 0x87, 0xcd, 0x3, 0x44, 0xcc, 0x8c, 0xcd, 0x3, 0x44, 0xcc,
    0xa3, 0xb9, 0x3, 0x44, 0xcc, 0xa7, 0xa9, 0x3, 0x44, 0xcc, 0xad, 0xb9, 0x3, 0x44, 0xcc, 0xb1,
    0xb9, 0x3, 0x45, 0xcc, 0x80, 0xcd, 0x3, 0x45, 0xcc, 0x81, 0xcd, 0x3, 0x45, 0xcc, 0x83, 0xcd,
    0x3, 0x45, 0xcc, 0x86, 0xcd, 0x3, 0x45, 0xcc, 0x87, 0xcd, 0x3, 0x45, 0xcc, 0x88, 0xcd, 0x3,
    0x45, 0xcc, 0x89, 0xcd, 0x3, 0x45, 0xcc, 0x8c, 0xcd, 0x3, 0x45, 0xcc, 0x8f, 0xcd, 0x3, 0x45,
    0xcc, 0x91, 0xcd, 0x3, 0x45, 0xcc, 0xa8, 0xa9, 0x3, 0x45, 0xcc, 0xad, 0xb9, 0x3, 0x45, 0xcc,
    0xb0, 0xb9, 0x3, 0x46, 0xcc, 0x87, 0xcd, 0x3, 0x47, 0xcc, 0x81, 0xcd, 0x3, 0x47, 0xcc, 0x82,
    0xcd, 0x3, 0x47, 0xcc, 0x84, 0xcd, 0x3, 0x47, 0xcc, 0x86, 0xcd, 0x3, 0x47, 0xcc, 0x87, 0xcd,
    0x3, 0x47, 0xcc, 0x8c, 0xcd, 0x3, 0x47, 0xcc, 0xa7, 0xa9, 0x3, 0x48, 0xcc, 0x82, 0xcd, 0x3,
    0x48, 0xcc, 0x87, 0xcd, 0x3, 0x48, 0xcc, 0x88, 0xcd, 0x3, 0x48, 0xcc, 0x8c, 0xcd, 0x3, 0x48,
    0xcc, 0xa3, 0xb9, 0x3, 0x48, 0xcc, 0xa7, 0xa9, 0x3, 0x48, 0xcc, 0xae, 0xb9, 0x3, 0x49, 0xcc,
    0x80, 0xcd, 0x3, 0x49, 0xcc, 0x81, 0xcd, 0x3, 0x49, 0xcc, 0x82, 0xcd, 0x3, 0x49, 0xcc, 0x83,
    0xcd, 0x3, 0x49, 0xcc, 0x84, 0xcd, 0x3, 0x49, 0xcc, 0x86, 0xcd, 0x3, 0x49, 0xcc, 0x87, 0xcd,
    0x3, 0x49, 0xcc, 0x89, 0xcd, 0x3, 0x49, 0xcc, 0x8c, 0xcd, 0x3, 0x49, 0xcc, 0x8f, 0xcd, 0x3,
    0x49, 0xcc, 0x91, 0xcd, 0x3, 0x49, 0xcc, 0xa3, 0xb9, 0x3, 0x49, 0xcc, 0xa8, 0xa9, 0x3, 0x49,
    0xcc, 0xb0, 0xb9, 0x3, 0x4a, 0xcc, 0x82, 0xcd, 0x3, 0x4b, 0xcc, 0x81, 0xcd, 0x3, 0x4b, 0xcc,
    0x8c, 0xcd, 0x3, 0x4b, 0xcc, 0xa3, 0xb9, 0x3, 0x4b, 0xcc, 0xa7, 0xa9, 0x3, 0x4b, 0xcc, 0xb1,
    0xb9, 0x3, 0x4c, 0xcc, 0x81, 0xcd, 0x3, 0x4c, 0xcc, 0x8c, 0xcd, 0x3, 0x4c, 0xcc, 0xa7, 0xa9,
    0x3, 0x4c, 0xcc, 0xad, 0xb9, 0x3, 0x4c, 0xcc, 0xb1, 0xb9, 0x3, 0x4d, 0xcc, 0x81, 0xcd, 0x3,
    0x4d, 0xcc, 0x87, 0xcd, 0x3, 0x4d, 0xcc, 0xa3, 0xb9, 0x3, 0x4e, 0xcc, 0x80, 0xcd, 0x3, 0x4e,
    0xcc, 0x81, 0xcd, 0x3, 0x4e, 0xcc, 0x83, 0xcd, 0x3, 0x4e, 0xcc, 0x87, 0xcd, 0x3, 0x4e, 0xcc,
    0x8c, 0xcd, 0x3, 0x4e, 0xcc, 0xa3, 0xb9, 0x3, 0x4e, 0xcc, 0xa7, 0xa9, 0x3, 0x4e, 0xcc, 0xad,
    0xb9, 0x3, 0x4e, 0xcc, 0xb1, 0xb9, 0x3, 0x4f, 0xcc, 0x80, 0xcd, 0x3, 0x4f, 0xcc, 0x81, 0xcd,
    0x3, 0x4f, 0xcc, 0x86, 0xcd, 0x3, 0x4f, 0xcc, 0x89, 0xcd, 0x3, 0x4f, 0xcc, 0x8b, 0xcd, 0x3,
    0x4f, 0xcc, 0x8c, 0xcd, 0x3, 0x4f, 0xcc, 0x8f, 0xcd, 0x3, 0x4f, 0xcc, 0x91, 0xcd, 0x3, 0x50,
    0xcc, 0x81, 0xcd, 0x3, 0x50, 0xcc, 0x87, 0xcd, 0x3, 0x52, 0xcc, 0x81, 0xcd, 0x3, 0x52, 0xcc,
    0x87, 0xcd, 0x3, 0x52, 0xcc, 0x8c, 0xcd, 0x3, 0x52, 0xcc, 0x8f, 0xcd, 0x3, 0x52, 0xcc, 0x91,
    0xcd, 0x3, 0x52, 0xcc, 0xa7, 0xa9, 0x3, 0x52, 0xcc, 0xb1, 0xb9, 0x3, 0x53, 0xcc, 0x82, 0xcd,
    0x3, 0x53, 0xcc, 0x87, 0xcd, 0x3, 0x53, 0xcc, 0xa6, 0xb9, 0x3, 0x53, 0xcc, 0xa7, 0xa9, 0x3,
    0x54, 0xcc, 0x87, 0xcd, 0x3, 0x54, 0xcc, 0x8c, 0xcd, 0x3, 0x54, 0xcc, 0xa3, 0xb9, 0x3, 0x54,
    0xcc, 0xa6, 0xb9, 0x3, 0x54, 0xcc, 0xa7, 0xa9, 0x3, 0x54, 0xcc, 0xad, 0xb9, 0x3, 0x54, 0xcc,
    0xb1, 0xb9, 0x3, 0x55, 0xcc, 0x80, 0xcd, 0x3, 0x55, 0xcc, 0x81, 0xcd, 0x3, 0x55, 0xcc, 0x82,
    0xcd, 0x3, 0x55, 0xcc, 0x86, 0xcd, 0x3, 0x55, 0xcc, 0x89, 0xcd, 0x3, 0x55, 0xcc, 0x8a, 0xcd,
    0x3, 0x55, 0xcc, 0x8b, 0xcd, 0x3, 0x55, 0xcc, 0x8c, 0xcd, 0x3, 0x55, 0xcc, 0x8f, 0xcd, 0x3,
    0x55, 0xcc, 0x91, 0xcd, 0x3, 0x55, 0xcc, 0xa3, 0xb9, 0x3, 0x55, 0xcc, 0xa4, 0xb9, 0x3, 0x55,
    0xcc, 0xa8, 0xa9, 0x3, 0x55, 0xcc, 0xad, 0xb9, 0x3, 0x55, 0xcc, 0xb0, 0xb9, 0x3, 0x56, 0xcc,
    0x83, 0xcd, 0x3, 0x56, 0xcc, 0xa3, 0xb9, 0x3, 0x57, 0xcc, 0x80, 0xcd, 0x3, 0x57, 0xcc, 0x81,
    0xcd, 0x3, 0x57, 0xcc, 0x82, 0xcd, 0x3, 0x57, 0xcc, 0x87, 0xcd, 0x3, 0x57, 0xcc, 0x88, 0xcd,
    0x3, 0x57, 0xcc, 0xa3, 0xb9, 0x3, 0x58, 0xcc, 0x87, 0xcd, 0x3, 0x58, 0xcc, 0x88, 0xcd, 0x3,
    0x59, 0xcc, 0x80, 0xcd, 0x3, 0x59, 0xcc, 0x81, 0xcd, 0x3, 0x59, 0xcc, 0x82, 0xcd, 0x3, 0x59,
    0xcc, 0x83, 0xcd, 0x3, 0x59, 0xcc, 0x84, 0xcd, 0x3, 0x59, 0xcc, 0x87, 0xcd, 0x3, 0x59, 0xcc,
    0x88, 0xcd, 0x3, 0x59, 0xcc, 0x89, 0xcd, 0x3, 0x59, 0xcc, 0xa3, 0xb9, 0x3, 0x5a, 0xcc, 0x81,
    0xcd, 0x3, 0x5a, 0xcc, 0x82, 0xcd, 0x3, 0x5a, 0xcc, 0x87, 0xcd, 0x3, 0x5a, 0xcc, 0x8c, 0xcd,
    0x3, 0x5a, 0xcc, 0xa3, 0xb9, 0x3, 0x5a, 0xcc, 0xb1, 0xb9, 0x3, 0x61, 0xcc, 0x80, 0xcd, 0x3,
    0x61, 0xcc, 0x81, 0xcd, 0x3, 0x61, 0xcc, 0x83, 0xcd, 0x3, 0x61, 0xcc, 0x84, 0xcd, 0x3, 0x61,
    0xcc, 0x89, 0xcd, 0x3, 0x61, 0xcc, 0x8c, 0xcd, 0x3, 0x61, 0xcc, 0x8f, 0xcd, 0x3, 0x61, 0xcc,
    0x91, 0xcd, 0x3, 0x61, 0xcc, 0xa5, 0xb9, 0x3, 0x61, 0xcc, 0xa8, 0xa9, 0x3, 0x62, 0xcc, 0x87,
    0xcd, 0x3, 0x62, 0xcc, 0xa3, 0xb9, 0x3, 0x62, 0xcc, 0xb1, 0xb9, 0x3, 0x63, 0xcc, 0x81, 0xcd,
    0x3, 0x63, 0xcc, 0x82, 0xcd, 0x3, 0x63, 0xcc, 0x87, 0xcd, 0x3, 0x63, 0xcc, 0x8c, 0xcd, 0x3,
    0x64, 0xcc, 0x87, 0xcd, 0x3, 0x64, 0xcc, 0x8c, 0xcd, 0x3, 0x64, 0xcc, 0xa3, 0xb9, 0x3, 0x64,
    0xcc, 0xa7, 0xa9, 0x3, 0x64, 0xcc, 0xad, 0xb9, 0x3, 0x64, 0xcc, 0xb1, 0xb9, 0x3, 0x65, 0xcc,
    0x80, 0xcd, 0x3, 0x65, 0xcc, 0x81, 0xcd, 0x3, 0x65, 0xcc, 0x83, 0xcd, 0x3, 0x65, 0xcc, 0x86,
    0xcd, 0x3, 0x65, 0xcc, 0x87, 0xcd, 0x3, 0x65, 0xcc, 0x88, 0xcd, 0x3, 0x65, 0xcc, 0x89, 0xcd,
    0x3, 0x65, 0xcc, 0x8c, 0xcd, 0x3, 0x65, 0xcc, 0x8f, 0xcd, 0x3, 0x65, 0xcc, 0x91, 0xcd, 0x3,
    0x65, 0xcc, 0xa8, 0xa9, 0x3, 0x65, 0xcc, 0xad, 0xb9, 0x3, 0x65, 0xcc, 0xb0, 0xb9, 0x3, 0x66,
    0xcc, 0x87, 0xcd, 0x3, 0x67, 0xcc, 0x81, 0xcd, 0x3, 0x67, 0xcc, 0x82, 0xcd, 0x3, 0x67, 0xcc,
    0x84, 0xcd, 0x3, 0x67, 0xcc, 0x86, 0xcd, 0x3, 0x67, 0xcc, 0x87, 0xcd, 0x3, 0x67, 0xcc, 0x8c,
    0xcd, 0x3, 0x67, 0xcc, 0xa7, 0xa9, 0x3, 0x68, 0xcc, 0x82, 0xcd, 0x3, 0x68, 0xcc, 0x87, 0xcd,
    0x3, 0x68, 0xcc, 0x88, 0xcd, 0x3, 0x68, 0xcc, 0x8c, 0xcd, 0x3, 0x68, 0xcc, 0xa3, 0xb9, 0x3,
    0x68, 0xcc, 0xa7, 0xa9, 0x3, 0x68, 0xcc, 0xae, 0xb9, 0x3, 0x68, 0xcc, 0xb1, 0xb9, 0x3, 0x69,
    0xcc, 0x80, 0xcd, 0x3, 0x69, 0xcc, 0x81, 0xcd, 0x3, 0x69, 0xcc, 0x82, 0xcd, 0x3, 0x69, 0xcc,
    0x83, 0xcd, 0x3, 0x69, 0xcc, 0x84, 0xcd, 0x3, 0x69, 0xcc, 0x86, 0xcd, 0x3, 0x69, 0xcc, 0x89,
    0xcd, 0x3, 0x69, 0xcc, 0x8c, 0xcd, 0x3, 0x69, 0xcc, 0x8f, 0xcd, 0x3, 0x69, 0xcc, 0x91, 0xcd,
    0x3, 0x69, 0xcc, 0xa3, 0xb9, 0x3, 0x69, 0xcc, 0xa8, 0xa9, 0x3, 0x69, 0xcc, 0xb0, 0xb9, 0x3,
    0x6a, 0xcc, 0x82, 0xcd, 0x3, 0x6a, 0xcc, 0x8c, 0xcd, 0x3, 0x6b, 0xcc, 0x81, 0xcd, 0x3, 0x6b,
    0xcc, 0x8c, 0xcd, 0x3, 0x6b, 0xcc, 0xa3, 0xb9, 0x3, 0x6b, 0xcc, 0xa7, 0xa9, 0x3, 0x6b, 0xcc,
    0xb1, 0xb9, 0x3, 0x6c, 0xcc, 0x81, 0xcd, 0x3, 0x6c, 0xcc, 0x8c, 0xcd, 0x3, 0x6c, 0xcc, 0xa7,
    0xa9, 0x3, 0x6c, 0xcc, 0xad, 0xb9, 0x3, 0x6c, 0xcc, 0xb1, 0xb9, 0x3, 0x6d, 0xcc, 0x81, 0xcd,
    0x3, 0x6d, 0xcc, 0x87, 0xcd, 0x3, 0x6d, 0xcc, 0xa3, 0xb9, 0x3, 0x6e, 0xcc, 0x80, 0xcd, 0x3,
    0x6e, 0xcc, 0x81, 0xcd, 0x3, 0x6e, 0xcc, 0x83, 0xcd, 0x3, 0x6e, 0xcc, 0x87, 0xcd, 0x3, 0x6e,
    0xcc, 0x8c, 0xcd, 0x3, 0x6e, 0xcc, 0xa3, 0xb9, 0x3, 0x6e, 0xcc, 0xa7, 0xa9, 0x3, 0x6e, 0xcc,
    0xad, 0xb9, 0x3, 0x6e, 0xcc, 0xb1, 0xb9, 0x3, 0x6f, 0xcc, 0x80, 0xcd, 0x3, 0x6f, 0xcc, 0x81,
    0xcd, 0x3, 0x6f, 0xcc, 0x86, 0xcd, 0x3, 0x6f, 0xcc, 0x89, 0xcd, 0x3, 0x6f, 0xcc, 0x8b, 0xcd,
    0x3, 0x6f, 0xcc, 0x8c, 0xcd, 0x3, 0x6f, 0xcc, 0x8f, 0xcd, 0x3, 0x6f, 0xcc, 0x91, 0xcd, 0x3,
    0x70, 0xcc, 0x81, 0xcd, 0x3, 0x70, 0xcc, 0x87, 0xcd, 0x3, 0x72, 0xcc, 0x81, 0xcd, 0x3, 0x72,
    0xcc, 0x87, 0xcd, 0x3, 0x72, 0xcc, 0x8c, 0xcd, 0x3, 0x72, 0xcc, 0x8f, 0xcd, 0x3, 0x72, 0xcc,
    0x91, 0xcd, 0x3, 0x72, 0xcc, 0xa7, 0xa9, 0x3, 0x72, 0xcc, 0xb1, 0xb9, 0x3, 0x73, 0xcc, 0x82,
    0xcd, 0x3, 0x73, 0xcc, 0x87, 0xcd, 0x3, 0x73, 0xcc, 0xa6, 0xb9, 0x3, 0x73, 0xcc, 0xa7, 0xa9,
    0x3, 0x74, 0xcc, 0x87, 0xcd, 0x3, 0x74, 0xcc, 0x88, 0xcd, 0x3, 0x74, 0xcc, 0x8c, 0xcd, 0x3,
    0x74, 0xcc, 0xa3, 0xb9, 0x3, 0x74, 0xcc, 0xa6, 0xb9, 0x3, 0x74, 0xcc, 0xa7, 0xa9, 0x3, 0x74,
    0xcc, 0xad, 0xb9, 0x3, 0x74, 0xcc, 0xb1, 0xb9, 0x3, 0x75, 0xcc, 0x80, 0xcd, 0x3, 0x75, 0xcc,
    0x81, 0xcd, 0x3, 0x75, 0xcc, 0x82, 0xcd, 0x3, 0x75, 0xcc, 0x86, 0xcd, 0x3, 0x75, 0xcc, 0x89,
    0xcd, 0x3, 0x75, 0xcc, 0x8a, 0xcd, 0x3, 0x75, 0xcc, 0x8b, 0xcd, 0x3, 0x75, 0xcc, 0x8c, 0xcd,
    0x3, 0x75, 0xcc, 0x8f, 0xcd, 0x3, 0x75, 0xcc, 0x91, 0xcd, 0x3, 0x75, 0xcc, 0xa3, 0xb9, 0x3,
    0x75, 0xcc, 0xa4, 0xb9, 0x3, 0x75, 0xcc, 0xa8, 0xa9, 0x3, 0x75, 0xcc, 0xad, 0xb9, 0x3, 0x75,
    0xcc, 0xb0, 0xb9, 0x3, 0x76, 0xcc, 0x83, 0xcd, 0x3, 0x76, 0xcc, 0xa3, 0xb9, 0x3, 0x77, 0xcc,
    0x80, 0xcd, 0x3, 0x77, 0xcc, 0x81, 0xcd, 0x3, 0x77, 0xcc, 0x82, 0xcd, 0x3, 0x77, 0xcc, 0x87,
    0xcd, 0x3, 0x77, 0xcc, 0x88, 0xcd, 0x3, 0x77, 0xcc, 0x8a, 0xcd, 0x3, 0x77, 0xcc, 0xa3, 0xb9,
    0x3, 0x78, 0xcc, 0x87, 0xcd, 0x3, 0x78, 0xcc, 0x88, 0xcd, 0x3, 0x79, 0xcc, 0x80, 0xcd, 0x3,
    0x79, 0xcc, 0x81, 0xcd, 0x3, 0x79, 0xcc, 0x82, 0xcd, 0x3, 0x79, 0xcc, 0x83, 0xcd, 0x3, 0x79,
    0xcc, 0x84, 0xcd, 0x3, 0x79, 0xcc, 0x87, 0xcd, 0x3, 0x79, 0xcc, 0x88, 0xcd, 0x3, 0x79, 0xcc,
    0x89, 0xcd, 0x3, 0x79, 0xcc, 0x8a, 0xcd, 0x3, 0x79, 0xcc, 0xa3, 0xb9, 0x3, 0x7a, 0xcc, 0x81,
    0xcd, 0x3, 0x7a, 0xcc, 0x82, 0xcd, 0x3, 0x7a, 0xcc, 0x87, 0xcd, 0x3, 0x7a, 0xcc, 0x8c, 0xcd,
    0x3, 0x7a, 0xcc, 0xa3, 0xb9, 0x3, 0x7a, 0xcc, 0xb1, 0xb9, 0x4, 0xc2, 0xa8, 0xcc, 0x80, 0xce,
    0x4, 0xc2, 0xa8, 0xcc, 0x81, 0xce, 0x4, 0xc2, 0xa8, 0xcd, 0x82, 0xce, 0x4, 0xc3, 0x86, 0xcc,
    0x81, 0xcd, 0x4, 0xc3, 0x86, 0xcc, 0x84, 0xcd, 0x4, 0xc3, 0x98, 0xcc, 0x81, 0xcd, 0x4, 0xc3,
    0xa6, 0xcc, 0x81, 0xcd, 0x4, 0xc3, 0xa6, 0xcc, 0x84, 0xcd, 0x4, 0xc3, 0xb8, 0xcc, 0x81, 0xcd,
    0x4, 0xc5, 0xbf, 0xcc, 0x87, 0xcd, 0x4, 0xc6, 0xb7, 0xcc, 0x8c, 0xcd, 0x4, 0xca, 0x92, 0xcc,
    0x8c, 0xcd, 0x4, 0xce, 0x91, 0xcc, 0x80, 0xcd, 0x4, 0xce, 0x91, 0xcc, 0x81, 0xcd, 0x4, 0xce,
    0x91, 0xcc, 0x84, 0xcd, 0x4, 0xce, 0x91, 0xcc, 0x86, 0xcd, 0x4, 0xce, 0x91, 0xcd, 0x85, 0xdd,
    0x4, 0xce, 0x95, 0xcc, 0x80, 0xcd, 0x4, 0xce, 0x95, 0xcc, 0x81, 0xcd, 0x4, 0xce, 0x97, 0xcc,
    0x80, 0xcd, 0x4, 0xce, 0x97, 0xcc, 0x81, 0xcd, 0x4, 0xce, 0x97, 0xcd, 0x85, 0xdd, 0x4, 0xce,
    0x99, 0xcc, 0x80, 0xcd, 0x4, 0xce, 0x99, 0xcc, 0x81, 0xcd, 0x4, 0xce, 0x99, 0xcc, 0x84, 0xcd,
    0x4, 0xce, 0x99, 0xcc, 0x86, 0xcd, 0x4, 0xce, 0x99, 0xcc, 0x88, 0xcd, 0x4, 0xce, 0x9f, 0xcc,
    0x80, 0xcd, 0x4, 0xce, 0x9f, 0xcc, 0x81, 0xcd, 0x4, 0xce, 0xa1, 0xcc, 0x94, 0xcd, 0x4, 0xce,
    0xa5, 0xcc, 0x80, 0xcd, 0x4, 0xce, 0xa5, 0xcc, 0x81, 0xcd, 0x4, 0xce, 0xa5, 0xcc, 0x84, 0xcd,
    0x4, 0xce, 0xa5, 0xcc, 0x86, 0xcd, 0x4, 0xce, 0xa5, 0xcc, 0x88, 0xcd, 0x4, 0xce, 0xa9, 0xcc,
    0x80, 0xcd, 0x4, 0xce, 0xa9, 0xcc, 0x81, 0xcd, 0x4, 0xce, 0xa9, 0xcd, 0x85, 0xdd, 0x4, 0xce,
    0xb1, 0xcc, 0x84, 0xcd, 0x4, 0xce, 0xb1, 0xcc, 0x86, 0xcd, 0x4, 0xce, 0xb1, 0xcd, 0x85, 0xdd,
    0x4, 0xce, 0xb5, 0xcc, 0x80, 0xcd, 0x4, 0xce, 0xb5, 0xcc, 0x81, 0xcd, 0x4, 0xce, 0xb7, 0xcd,
    0x85, 0xdd, 0x4, 0xce, 0xb9, 0xcc, 0x80, 0xcd, 0x4, 0xce, 0xb9, 0xcc, 0x81, 0xcd, 0x4, 0xce,
    0xb9, 0xcc, 0x84, 0xcd, 0x4, 0xce, 0xb9, 0xcc, 0x86, 0xcd, 0x4, 0xce, 0xb9, 0xcd, 0x82, 0xcd,
    0x4, 0xce, 0xbf, 0xcc, 0x80, 0xcd, 0x4, 0xce, 0xbf, 0xcc, 0x81, 0xcd, 0x4, 0xcf, 0x81, 0xcc,
    0x93, 0xcd, 0x4, 0xcf, 0x81, 0xcc, 0x94, 0xcd, 0x4, 0xcf, 0x85, 0xcc, 0x80, 0xcd, 0x4, 0xcf,
    0x85, 0xcc, 0x81, 0xcd, 0x4, 0xcf, 0x85, 0xcc, 0x84, 0xcd, 0x4, 0xcf, 0x85, 0xcc, 0x86, 0xcd,
    0x4, 0xcf, 0x85, 0xcd, 0x82, 0xcd, 0x4, 0xcf, 0x89, 0xcd, 0x85, 0xdd, 0x4, 0xcf, 0x92, 0xcc,
    0x81, 0xcd, 0x4, 0xcf, 0x92, 0xcc, 0x88, 0xcd, 0x4, 0xd0, 0x86, 0xcc, 0x88, 0xcd, 0x4, 0xd0,
    0x90, 0xcc, 0x86, 0xcd, 0x4, 0xd0, 0x90, 0xcc, 0x88, 0xcd, 0x4, 0xd0, 0x93, 0xcc, 0x81, 0xcd,
    0x4, 0xd0, 0x95, 0xcc, 0x80, 0xcd, 0x4, 0xd0, 0x95, 0xcc, 0x86, 0xcd, 0x4, 0xd0, 0x95, 0xcc,
    0x88, 0xcd, 0x4, 0xd0, 0x96, 0xcc, 0x86, 0xcd, 0x4, 0xd0, 0x96, 0xcc, 0x88, 0xcd, 0x4, 0xd0,
    0x97, 0xcc, 0x88, 0xcd, 0x4, 0xd0, 0x98, 0xcc, 0x80, 0xcd, 0x4, 0xd0, 0x98, 0xcc, 0x84, 0xcd,
    0x4, 0xd0, 0x98, 0xcc, 0x86, 0xcd, 0x4, 0xd0, 0x98, 0xcc, 0x88, 0xcd, 0x4, 0xd0, 0x9a, 0xcc,
    0x81, 0xcd, 0x4, 0xd0, 0x9e, 0xcc, 0x88, 0xcd, 0x4, 0xd0, 0xa3, 0xcc, 0x84, 0xcd, 0x4, 0xd0,
    0xa3, 0xcc, 0x86, 0xcd, 0x4, 0xd0, 0xa3, 0xcc, 0x88, 0xcd, 0x4, 0xd0, 0xa3, 0xcc, 0x8b, 0xcd,
    0x4, 0xd0, 0xa7, 0xcc, 0x88, 0xcd, 0x4, 0xd0, 0xab, 0xcc, 0x88, 0xcd, 0x4, 0xd0, 0xad, 0xcc,
    0x88, 0xcd, 0x4, 0xd0, 0xb0, 0xcc, 0x86, 0xcd, 0x4, 0xd0, 0xb0, 0xcc, 0x88, 0xcd, 0x4, 0xd0,
    0xb3, 0xcc, 0x81, 0xcd, 0x4, 0xd0, 0xb5, 0xcc, 0x80, 0xcd, 0x4, 0xd0, 0xb5, 0xcc, 0x86, 0xcd,
    0x4, 0xd0, 0xb5, 0xcc, 0x88, 0xcd, 0x4, 0xd0, 0xb6, 0xcc, 0x86, 0xcd, 0x4, 0xd0, 0xb6, 0xcc,
    0x88, 0xcd, 0x4, 0xd0, 0xb7, 0xcc, 0x88, 0xcd, 0x4, 0xd0, 0xb8, 0xcc, 0x80, 0xcd, 0x4, 0xd0,
    0xb8, 0xcc, 0x84, 0xcd, 0x4, 0xd0, 0xb8, 0xcc, 0x86, 0xcd, 0x4, 0xd0, 0xb8, 0xcc, 0x88, 0xcd,
    0x4, 0xd0, 0xba, 0xcc, 0x81, 0xcd, 0x4, 0xd0, 0xbe, 0xcc, 0x88, 0xcd, 0x4, 0xd1, 0x83, 0xcc,
    0x84, 0xcd, 0x4, 0xd1, 0x83, 0xcc, 0x86, 0xcd, 0x4, 0xd1, 0x83, 0xcc, 0x88, 0xcd, 0x4, 0xd1,
    0x83, 0xcc, 0x8b, 0xcd, 0x4, 0xd1, 0x87, 0xcc, 0x88, 0xcd, 0x4, 0xd1, 0x8b, 0xcc, 0x88, 0xcd,
    0x4, 0xd1, 0x8d, 0xcc, 0x88, 0xcd, 0x4, 0xd1, 0x96, 0xcc, 0x88, 0xcd, 0x4, 0xd1, 0xb4, 0xcc,
    0x8f, 0xcd, 0x4, 0xd1, 0xb5, 0xcc, 0x8f, 0xcd, 0x4, 0xd3, 0x98, 0xcc, 0x88, 0xcd, 0x4, 0xd3,
    0x99, 0xcc, 0x88, 0xcd, 0x4, 0xd3, 0xa8, 0xcc, 0x88, 0xcd, 0x4, 0xd3, 0xa9, 0xcc, 0x88, 0xcd,
    0x4, 0xd8, 0xa7, 0xd9, 0x93, 0xcd, 0x4, 0xd8, 0xa7, 0xd9, 0x94, 0xcd, 0x4, 0xd8, 0xa7, 0xd9,
    0x95, 0xb9, 0x4, 0xd9, 0x88, 0xd9, 0x94, 0xcd, 0x4, 0xd9, 0x8a, 0xd9, 0x94, 0xcd, 0x4, 0xdb,
    0x81, 0xd9, 0x94, 0xcd, 0x4, 0xdb, 0x92, 0xd9, 0x94, 0xcd, 0x4, 0xdb, 0x95, 0xd9, 0x94, 0xcd,
    0x5, 0x41, 0xcc, 0x82, 0xcc, 0x80, 0xce, 0x5, 0x41, 0xcc, 0x82, 0xcc, 0x81, 0xce, 0x5, 0x41,
    0xcc, 0x82, 0xcc, 0x83, 0xce, 0x5, 0x41, 0xcc, 0x82, 0xcc, 0x89, 0xce, 0x5, 0x41, 0xcc, 0x86,
    0xcc, 0x80, 0xce, 0x5, 0x41, 0xcc, 0x86, 0xcc, 0x81, 0xce, 0x5, 0x41, 0xcc, 0x86, 0xcc, 0x83,
    0xce, 0x5, 0x41, 0xcc, 0x86, 0xcc, 0x89, 0xce, 0x5, 0x41, 0xcc, 0x87, 0xcc, 0x84, 0xce, 0x5,
    0x41, 0xcc, 0x88, 0xcc, 0x84, 0xce, 0x5, 0x41, 0xcc, 0x8a, 0xcc, 0x81, 0xce, 0x5, 0x41, 0xcc,
    0xa3, 0xcc, 0x82, 0xce, 0x5, 0x41, 0xcc, 0xa3, 0xcc, 0x86, 0xce, 0x5, 0x43, 0xcc, 0xa7, 0xcc,
    0x81, 0xce, 0x5, 0x45, 0xcc, 0x82, 0xcc, 0x80, 0xce, 0x5, 0x45, 0xcc, 0x82, 0xcc, 0x81, 0xce,
    0x5, 0x45, 0xcc, 0x82, 0xcc, 0x83, 0xce, 0x5, 0x45, 0xcc, 0x82, 0xcc, 0x89, 0xce, 0x5, 0x45,
    0xcc, 0x84, 0xcc, 0x80, 0xce, 0x5, 0x45, 0xcc, 0x84, 0xcc, 0x81, 0xce, 0x5, 0x45, 0xcc, 0xa3,
    0xcc, 0x82, 0xce, 0x5, 0x45, 0xcc, 0xa7, 0xcc, 0x86, 0xce, 0x5, 0x49, 0xcc, 0x88, 0xcc, 0x81,
    0xce, 0x5, 0x4c, 0xcc, 0xa3, 0xcc, 0x84, 0xce, 0x5, 0x4f, 0xcc, 0x82, 0xcc, 0x80, 0xce, 0x5,
    0x4f, 0xcc, 0x82, 0xcc, 0x81, 0xce, 0x5, 0x4f, 0xcc, 0x82, 0xcc, 0x83, 0xce, 0x5, 0x4f, 0xcc,
    0x82, 0xcc, 0x89, 0xce, 0x5, 0x4f, 0xcc, 0x83, 0xcc, 0x81, 0xce, 0x5, 0x4f, 0xcc, 0x83, 0xcc,
    0x84, 0xce, 0x5, 0x4f, 0xcc, 0x83, 0xcc, 0x88, 0xce, 0x5, 0x4f, 0xcc, 0x84, 0xcc, 0x80, 0xce,
    0x5, 0x4f, 0xcc, 0x84, 0xcc, 0x81, 0xce, 0x5, 0x4f, 0xcc, 0x87, 0xcc, 0x84, 0xce, 0x5, 0x4f,
    0xcc, 0x88, 0xcc, 0x84, 0xce, 0x5, 0x4f, 0xcc, 0x9b, 0xcc, 0x80, 0xce, 0x5, 0x4f, 0xcc, 0x9b,
    0xcc, 0x81, 0xce, 0x5, 0x4f, 0xcc, 0x9b, 0xcc, 0x83, 0xce, 0x5, 0x4f, 0xcc, 0x9b, 0xcc, 0x89,
    0xce, 0x5, 0x4f, 0xcc, 0x9b, 0xcc, 0xa3, 0xba, 0x5, 0x4f, 0xcc, 0xa3, 0xcc, 0x82, 0xce, 0x5,
    0x4f, 0xcc, 0xa8, 0xcc, 0x84, 0xce, 0x5, 0x52, 0xcc, 0xa3, 0xcc, 0x84, 0xce, 0x5, 0x53, 0xcc,
    0x81, 0xcc, 0x87, 0xce, 0x5, 0x53, 0xcc, 0x8c, 0xcc, 0x87, 0xce, 0x5, 0x53, 0xcc, 0xa3, 0xcc,
    0x87, 0xce, 0x5, 0x55, 0xcc, 0x83, 0xcc, 0x81, 0xce, 0x5, 0x55, 0xcc, 0x84, 0xcc, 0x88, 0xce,
    0x5, 0x55, 0xcc, 0x88, 0xcc, 0x80, 0xce, 0x5, 0x55, 0xcc, 0x88, 0xcc, 0x81, 0xce, 0x5, 0x55,
    0xcc, 0x88, 0xcc, 0x84, 0xce, 0x5, 0x55, 0xcc, 0x88, 0xcc, 0x8c, 0xce, 0x5, 0x55, 0xcc, 0x9b,
    0xcc, 0x80, 0xce, 0x5, 0x55, 0xcc, 0x9b, 0xcc, 0x81, 0xce, 0x5, 0x55, 0xcc, 0x9b, 0xcc, 0x83,
    0xce, 0x5, 0x55, 0xcc, 0x9b, 0xcc, 0x89, 0xce, 0x5, 0x55, 0xcc, 0x9b, 0xcc, 0xa3, 0xba, 0x5,
    0x61, 0xcc, 0x82, 0xcc, 0x80, 0xce, 0x5, 0x61, 0xcc, 0x82, 0xcc, 0x81, 0xce, 0x5, 0x61, 0xcc,
    0x82, 0xcc, 0x83, 0xce, 0x5, 0x61, 0xcc, 0x82, 0xcc, 0x89, 0xce, 0x5, 0x61, 0xcc, 0x86, 0xcc,
    0x80, 0xce, 0x5, 0x61, 0xcc, 0x86, 0xcc, 0x81, 0xce, 0x5, 0x61, 0xcc, 0x86, 0xcc, 0x83, 0xce,
    0x5, 0x61, 0xcc, 0x86, 0xcc, 0x89, 0xce, 0x5, 0x61, 0xcc, 0x87, 0xcc, 0x84, 0xce, 0x5, 0x61,
    0xcc, 0x88, 0xcc, 0x84, 0xce, 0x5, 0x61, 0xcc, 0x8a, 0xcc, 0x81, 0xce, 0x5, 0x61, 0xcc, 0xa3,
    0xcc, 0x82, 0xce, 0x5, 0x61, 0xcc, 0xa3, 0xcc, 0x86, 0xce, 0x5, 0x63, 0xcc, 0xa7, 0xcc, 0x81,
    0xce, 0x5, 0x65, 0xcc, 0x82, 0xcc, 0x80, 0xce, 0x5, 0x65, 0xcc, 0x82, 0xcc, 0x81, 0xce, 0x5,
    0x65, 0xcc, 0x82, 0xcc, 0x83, 0xce, 0x5, 0x65, 0xcc, 0x82, 0xcc, 0x89, 0xce, 0x5, 0x65, 0xcc,
    0x84, 0xcc, 0x80, 0xce, 0x5, 0x65, 0xcc, 0x84, 0xcc, 0x81, 0xce, 0x5, 0x65, 0xcc, 0xa3, 0xcc,
    0x82, 0xce, 0x5, 0x65, 0xcc, 0xa7, 0xcc, 0x86, 0xce, 0x5, 0x69, 0xcc, 0x88, 0xcc, 0x81, 0xce,
    0x5, 0x6c, 0xcc, 0xa3, 0xcc, 0x84, 0xce, 0x5, 0x6f, 0xcc, 0x82, 0xcc, 0x80, 0xce, 0x5, 0x6f,
    0xcc, 0x82, 0xcc, 0x81, 0xce, 0x5, 0x6f, 0xcc, 0x82, 0xcc, 0x83, 0xce, 0x5, 0x6f, 0xcc, 0x82,
    0xcc, 0x89, 0xce, 0x5, 0x6f, 0xcc, 0x83, 0xcc, 0x81, 0xce, 0x5, 0x6f, 0xcc, 0x83, 0xcc, 0x84,
    0xce, 0x5, 0x6f, 0xcc, 0x83, 0xcc, 0x88, 0xce, 0x5, 0x6f, 0xcc, 0x84, 0xcc, 0x80, 0xce, 0x5,
    0x6f, 0xcc, 0x84, 0xcc, 0x81, 0xce, 0x5, 0x6f, 0xcc, 0x87, 0xcc, 0x84, 0xce, 0x5, 0x6f, 0xcc,
    0x88, 0xcc, 0x84, 0xce, 0x5, 0x6f, 0xcc, 0x9b, 0xcc, 0x80, 0xce, 0x5, 0x6f, 0xcc, 0x9b, 0xcc,
    0x81, 0xce, 0x5, 0x6f, 0xcc, 0x9b, 0xcc, 0x83, 0xce, 0x5, 0x6f, 0xcc, 0x9b, 0xcc, 0x89, 0xce,
    0x5, 0x6f, 0xcc, 0x9b, 0xcc, 0xa3, 0xba, 0x5, 0x6f, 0xcc, 0xa3, 0xcc, 0x82, 0xce, 0x5, 0x6f,
    0xcc, 0xa8, 0xcc, 0x84, 0xce, 0x5, 0x72, 0xcc, 0xa3, 0xcc, 0x84, 0xce, 0x5, 0x73, 0xcc, 0x81,
    0xcc, 0x87, 0xce, 0x5, 0x73, 0xcc, 0x8c, 0xcc, 0x87, 0xce, 0x5, 0x73, 0xcc, 0xa3, 0xcc, 0x87,
    0xce, 0x5, 0x75, 0xcc, 0x83, 0xcc, 0x81, 0xce, 0x5, 0x75, 0xcc, 0x84, 0xcc, 0x88, 0xce, 0x5,
    0x75, 0xcc, 0x88, 0xcc, 0x80, 0xce, 0x5, 0x75, 0xcc, 0x88, 0xcc, 0x81, 0xce, 0x5, 0x75, 0xcc,
    0x88, 0xcc, 0x84, 0xce, 0x5, 0x75, 0xcc, 0x88, 0xcc, 0x8c, 0xce, 0x5, 0x75, 0xcc, 0x9b, 0xcc,
    0x80, 0xce, 0x5, 0x75, 0xcc, 0x9b, 0xcc, 0x81, 0xce, 0x5, 0x75, 0xcc, 0x9b, 0xcc, 0x83, 0xce,
    0x5, 0x75, 0xcc, 0x9b, 0xcc, 0x89, 0xce, 0x5, 0x75, 0xcc, 0x9b, 0xcc, 0xa3, 0xba, 0x5, 0xe1,
    0xbe, 0xbf, 0xcc, 0x80, 0xce, 0x5, 0xe1, 0xbe, 0xbf, 0xcc, 0x81, 0xce, 0x5, 0xe1, 0xbe, 0xbf,
    0xcd, 0x82, 0xce, 0x5, 0xe1, 0xbf, 0xbe, 0xcc, 0x80, 0xce, 0x5, 0xe1, 0xbf, 0xbe, 0xcc, 0x81,
    0xce, 0x5, 0xe1, 0xbf, 0xbe, 0xcd, 0x82, 0xce, 0x5, 0xe2, 0x86, 0x90, 0xcc, 0xb8, 0x5, 0x5,
    0xe2, 0x86, 0x92, 0xcc, 0xb8, 0x5, 0x5, 0xe2, 0x86, 0x94, 0xcc, 0xb8, 0x5, 0x5, 0xe2, 0x87,
    0x90, 0xcc, 0xb8, 0x5, 0x5, 0xe2, 0x87, 0x92, 0xcc, 0xb8, 0x5, 0x5, 0xe2, 0x87, 0x94, 0xcc,
    0xb8, 0x5, 0x5, 0xe2, 0x88, 0x83, 0xcc, 0xb8, 0x5, 0x5, 0xe2, 0x88, 0x88, 0xcc, 0xb8, 0x5,
    0x5, 0xe2, 0x88, 0x8b, 0xcc, 0xb8, 0x5, 0x5, 0xe2, 0x88, 0xa3, 0xcc, 0xb8, 0x5, 0x5, 0xe2,
    0x88, 0xa5, 0xcc, 0xb8, 0x5, 0x5, 0xe2, 0x88, 0xbc, 0xcc, 0xb8, 0x5, 0x5, 0xe2, 0x89, 0x83,
    0xcc, 0xb8, 0x5, 0x5, 0xe2, 0x89, 0x85, 0xcc, 0xb8, 0x5, 0x5, 0xe2, 0x89, 0x88, 0xcc, 0xb8,
    0x5, 0x5, 0xe2, 0x89, 0x8d, 0xcc, 0xb8, 0x5, 0x5, 0xe2, 0x89, 0xa1, 0xcc, 0xb8, 0x5, 0x5,
    0xe2, 0x89, 0xa4, 0xcc, 0xb8, 0x5, 0x5, 0xe2, 0x89, 0xa5, 0xcc, 0xb8, 0x5, 0x5, 0xe2, 0x89,
    0xb2, 0xcc, 0xb8, 0x5, 0x5, 0xe2, 0x89, 0xb3, 0xcc, 0xb8, 0x5, 0x5, 0xe2, 0x89, 0xb6, 0xcc,
    0xb8, 0x5, 0x5, 0xe2, 0x89, 0xb7, 0xcc, 0xb8, 0x5, 0x5, 0xe2, 0x89, 0xba, 0xcc, 0xb8, 0x5,
    0x5, 0xe2, 0x89, 0xbb, 0xcc, 0xb8, 0x5, 0x5, 0xe2, 0x89, 0xbc, 0xcc, 0xb8, 0x5, 0x5, 0xe2,
    0x89, 0xbd, 0xcc, 0xb8, 0x5, 0x5, 0xe2, 0x8a, 0x82, 0xcc, 0xb8, 0x5, 0x5, 0xe2, 0x8a, 0x83,
    0xcc, 0xb8, 0x5, 0x5, 0xe2, 0x8a, 0x86, 0xcc, 0xb8, 0x5, 0x5, 0xe2, 0x8a, 0x87, 0xcc, 0xb8,
    0x5, 0x5, 0xe2, 0x8a, 0x91, 0xcc, 0xb8, 0x5, 0x5, 0xe2, 0x8a, 0x92, 0xcc, 0xb8, 0x5, 0x5,
    0xe2, 0x8a, 0xa2, 0xcc, 0xb8, 0x5, 0x5, 0xe2, 0x8a, 0xa8, 0xcc, 0xb8, 0x5, 0x5, 0xe2, 0x8a,
    0xa9, 0xcc, 0xb8, 0x5, 0x5, 0xe2, 0x8a, 0xab, 0xcc, 0xb8, 0x5, 0x5, 0xe2, 0x8a, 0xb2, 0xcc,
    0xb8, 0x5, 0x5, 0xe2, 0x8a, 0xb3, 0xcc, 0xb8, 0x5, 0x5, 0xe2, 0x8a, 0xb4, 0xcc, 0xb8, 0x5,
    0x5, 0xe2, 0x8a, 0xb5, 0xcc, 0xb8, 0x5, 0x6, 0xce, 0x91, 0xcc, 0x93, 0xcd, 0x85, 0xde, 0x6,
    0xce, 0x91, 0xcc, 0x94, 0xcd, 0x85, 0xde, 0x6, 0xce, 0x95, 0xcc, 0x93, 0xcc, 0x80, 0xce, 0x6,
    0xce, 0x95, 0xcc, 0x93, 0xcc, 0x81, 0xce, 0x6, 0xce, 0x95, 0xcc, 0x94, 0xcc, 0x80, 0xce, 0x6,
    0xce, 0x95, 0xcc, 0x94, 0xcc, 0x81, 0xce, 0x6, 0xce, 0x97, 0xcc, 0x93, 0xcd, 0x85, 0xde, 0x6,
    0xce, 0x97, 0xcc, 0x94, 0xcd, 0x85, 0xde, 0x6, 0xce, 0x99, 0xcc, 0x93, 0xcc, 0x80, 0xce, 0x6,
    0xce, 0x99, 0xcc, 0x93, 0xcc, 0x81, 0xce, 0x6, 0xce, 0x99, 0xcc, 0x93, 0xcd, 0x82, 0xce, 0x6,
    0xce, 0x99, 0xcc, 0x94, 0xcc, 0x80, 0xce, 0x6, 0xce, 0x99, 0xcc, 0x94, 0xcc, 0x81, 0xce, 0x6,
    0xce, 0x99, 0xcc, 0x94, 0xcd, 0x82, 0xce, 0x6, 0xce, 0x9f, 0xcc, 0x93, 0xcc, 0x80, 0xce, 0x6,
    0xce, 0x9f, 0xcc, 0x93, 0xcc, 0x81, 0xce, 0x6, 0xce, 0x9f, 0xcc, 0x94, 0xcc, 0x80, 0xce, 0x6,
    0xce, 0x9f, 0xcc, 0x94, 0xcc, 0x81, 0xce, 0x6, 0xce, 0xa5, 0xcc, 0x94, 0xcc, 0x80, 0xce, 0x6,
    0xce, 0xa5, 0xcc, 0x94, 0xcc, 0x81, 0xce, 0x6, 0xce, 0xa5, 0xcc, 0x94, 0xcd, 0x82, 0xce, 0x6,
    0xce, 0xa9, 0xcc, 0x93, 0xcd, 0x85, 0xde, 0x6, 0xce, 0xa9, 0xcc, 0x94, 0xcd, 0x85, 0xde, 0x6,
    0xce, 0xb1, 0xcc, 0x80, 0xcd, 0x85, 0xde, 0x6, 0xce, 0xb1, 0xcc, 0x81, 0xcd, 0x85, 0xde, 0x6,
    0xce, 0xb1, 0xcc, 0x93, 0xcd, 0x85, 0xde, 0x6, 0xce, 0xb1, 0xcc, 0x94, 0xcd, 0x85, 0xde, 0x6,
    0xce, 0xb1, 0xcd, 0x82, 0xcd, 0x85, 0xde, 0x6, 0xce, 0xb5, 0xcc, 0x93, 0xcc, 0x80, 0xce, 0x6,
    0xce, 0xb5, 0xcc, 0x93, 0xcc, 0x81, 0xce, 0x6, 0xce, 0xb5, 0xcc, 0x94, 0xcc, 0x80, 0xce, 0x6,
    0xce, 0xb5, 0xcc, 0x94, 0xcc, 0x81, 0xce, 0x6, 0xce, 0xb7, 0xcc, 0x80, 0xcd, 0x85, 0xde, 0x6,
    0xce, 0xb7, 0xcc, 0x81, 0xcd, 0x85, 0xde, 0x6, 0xce, 0xb7, 0xcc, 0x93, 0xcd, 0x85, 0xde, 0x6,
    0xce, 0xb7, 0xcc, 0x94, 0xcd, 0x85, 0xde, 0x6, 0xce, 0xb7, 0xcd, 0x82, 0xcd, 0x85, 0xde, 0x6,
    0xce, 0xb9, 0xcc, 0x88, 0xcc, 0x80, 0xce, 0x6, 0xce, 0xb9, 0xcc, 0x88, 0xcc, 0x81, 0xce, 0x6,
    0xce, 0xb9, 0xcc, 0x88, 0xcd, 0x82, 0xce, 0x6, 0xce, 0xb9, 0xcc, 0x93, 0xcc, 0x80, 0xce, 0x6,
    0xce, 0xb9, 0xcc, 0x93, 0xcc, 0x81, 0xce, 0x6, 0xce, 0xb9, 0xcc, 0x93, 0xcd, 0x82, 0xce, 0x6,
    0xce, 0xb9, 0xcc, 0x94, 0xcc, 0x80, 0xce, 0x6, 0xce, 0xb9, 0xcc, 0x94, 0xcc, 0x81, 0xce, 0x6,
    0xce, 0xb9, 0xcc, 0x94, 0xcd, 0x82, 0xce, 0x6, 0xce, 0xbf, 0xcc, 0x93, 0xcc, 0x80, 0xce, 0x6,
    0xce, 0xbf, 0xcc, 0x93, 0xcc, 0x81, 0xce, 0x6, 0xce, 0xbf, 0xcc, 0x94, 0xcc, 0x80, 0xce, 0x6,
    0xce, 0xbf, 0xcc, 0x94, 0xcc, 0x81, 0xce, 0x6, 0xcf, 0x85, 0xcc, 0x88, 0xcc, 0x80, 0xce, 0x6,
    0xcf, 0x85, 0xcc, 0x88, 0xcc, 0x81, 0xce, 0x6, 0xcf, 0x85, 0xcc, 0x88, 0xcd, 0x82, 0xce, 0x6,
    0xcf, 0x85, 0xcc, 0x93, 0xcc, 0x80, 0xce, 0x6, 0xcf, 0x85, 0xcc, 0x93, 0xcc, 0x81, 0xce, 0x6,
    0xcf, 0x85, 0xcc, 0x93, 0xcd, 0x82, 0xce, 0x6, 0xcf, 0x85, 0xcc, 0x94, 0xcc, 0x80, 0xce, 0x6,
    0xcf, 0x85, 0xcc, 0x94, 0xcc, 0x81, 0xce, 0x6, 0xcf, 0x85, 0xcc, 0x94, 0xcd, 0x82, 0xce, 0x6,
    0xcf, 0x89, 0xcc, 0x80, 0xcd, 0x85, 0xde, 0x6, 0xcf, 0x89, 0xcc, 0x81, 0xcd, 0x85, 0xde, 0x6,
    0xcf, 0x89, 0xcc, 0x93, 0xcd, 0x85, 0xde, 0x6, 0xcf, 0x89, 0xcc, 0x94, 0xcd, 0x85, 0xde, 0x6,
    0xcf, 0x89, 0xcd, 0x82, 0xcd, 0x85, 0xde, 0x6, 0xe0, 0xa4, 0xa8, 0xe0, 0xa4, 0xbc, 0xd, 0x6,
    0xe0, 0xa4, 0xb0, 0xe0, 0xa4, 0xbc, 0xd, 0x6, 0xe0, 0xa4, 0xb3, 0xe0, 0xa4, 0xbc, 0xd, 0x6,
    0xe0, 0xa7, 0x87, 0xe0, 0xa6, 0xbe, 0x1, 0x6, 0xe0, 0xa7, 0x87, 0xe0, 0xa7, 0x97, 0x1, 0x6,
    0xe0, 0xad, 0x87, 0xe0, 0xac, 0xbe, 0x1, 0x6, 0xe0, 0xad, 0x87, 0xe0, 0xad, 0x96, 0x1, 0x6,
    0xe0, 0xad, 0x87, 0xe0, 0xad, 0x97, 0x1, 0x6, 0xe0, 0xae, 0x92, 0xe0, 0xaf, 0x97, 0x1, 0x6,
    0xe0, 0xaf, 0x86, 0xe0, 0xae, 0xbe, 0x1, 0x6, 0xe0, 0xaf, 0x86, 0xe0, 0xaf, 0x97, 0x1, 0x6,
    0xe0, 0xaf, 0x87, 0xe0, 0xae, 0xbe, 0x1, 0x6, 0xe0, 0xb1, 0x86, 0xe0, 0xb1, 0x96, 0x89, 0x6,
    0xe0, 0xb2, 0xbf, 0xe0, 0xb3, 0x95, 0x1, 0x6, 0xe0, 0xb3, 0x86, 0xe0, 0xb3, 0x95, 0x1, 0x6,
    0xe0, 0xb3, 0x86, 0xe0, 0xb3, 0x96, 0x1, 0x6, 0xe0, 0xb5, 0x86, 0xe0, 0xb4, 0xbe, 0x1, 0x6,
    0xe0, 0xb5, 0x86, 0xe0, 0xb5, 0x97, 0x1, 0x6, 0xe0, 0xb5, 0x87, 0xe0, 0xb4, 0xbe, 0x1, 0x6,
    0xe0, 0xb7, 0x99, 0xe0, 0xb7, 0x8a, 0x15, 0x6, 0xe0, 0xb7, 0x99, 0xe0, 0xb7, 0x9f, 0x1, 0x6,
    0xe1, 0x80, 0xa5, 0xe1, 0x80, 0xae, 0x1, 0x6, 0xe1, 0xac, 0x85, 0xe1, 0xac, 0xb5, 0x1, 0x6,
    0xe1, 0xac, 0x87, 0xe1, 0xac, 0xb5, 0x1, 0x6, 0xe1, 0xac, 0x89, 0xe1, 0xac, 0xb5, 0x1, 0x6,
    0xe1, 0xac, 0x8b, 0xe1, 0xac, 0xb5, 0x1, 0x6, 0xe1, 0xac, 0x8d, 0xe1, 0xac, 0xb5, 0x1, 0x6,
    0xe1, 0xac, 0x91, 0xe1, 0xac, 0xb5, 0x1, 0x6, 0xe1, 0xac, 0xba, 0xe1, 0xac, 0xb5, 0x1, 0x6,
    0xe1, 0xac, 0xbc, 0xe1, 0xac, 0xb5, 0x1, 0x6, 0xe1, 0xac, 0xbe, 0xe1, 0xac, 0xb5, 0x1, 0x6,
    0xe1, 0xac, 0xbf, 0xe1, 0xac, 0xb5, 0x1, 0x6, 0xe1, 0xad, 0x82, 0xe1, 0xac, 0xb5, 0x1, 0x6,
    0xe3, 0x81, 0x86, 0xe3, 0x82, 0x99, 0x11, 0x6, 0xe3, 0x81, 0x8b, 0xe3, 0x82, 0x99, 0x11, 0x6,
    0xe3, 0x81, 0x8d, 0xe3, 0x82, 0x99, 0x11, 0x6, 0xe3, 0x81, 0x8f, 0xe3, 0x82, 0x99, 0x11, 0x6,
    0xe3, 0x81, 0x91, 0xe3, 0x82, 0x99, 0x11, 0x6, 0xe3, 0x81, 0x93, 0xe3, 0x82, 0x99, 0x11, 0x6,
    0xe3, 0x81, 0x95, 0xe3, 0x82, 0x99, 0x11, 0x6, 0xe3, 0x81, 0x97, 0xe3, 0x82, 0x99, 0x11, 0x6,
    0xe3, 0x81, 0x99, 0xe3, 0x82, 0x99, 0x11, 0x6, 0xe3, 0x81, 0x9b, 0xe3, 0x82, 0x99, 0x11, 0x6,
    0xe3, 0x81, 0x9d, 0xe3, 0x82, 0x99, 0x11, 0x6, 0xe3, 0x81, 0x9f, 0xe3, 0x82, 0x99, 0x11, 0x6,
    0xe3, 0x81, 0xa1, 0xe3, 0x82, 0x99, 0x11, 0x6, 0xe3, 0x81, 0xa4, 0xe3, 0x82, 0x99, 0x11, 0x6,
    0xe3, 0x81, 0xa6, 0xe3, 0x82, 0x99, 0x11, 0x6, 0xe3, 0x81, 0xa8, 0xe3, 0x82, 0x99, 0x11, 0x6,
    0xe3, 0x81, 0xaf, 0xe3, 0x82, 0x99, 0x11, 0x6, 0xe3, 0x81, 0xaf, 0xe3, 0x82, 0x9a, 0x11, 0x6,
    0xe3, 0x81, 0xb2, 0xe3, 0x82, 0x99, 0x11, 0x6, 0xe3, 0x81, 0xb2, 0xe3, 0x82, 0x9a, 0x11, 0x6,
    0xe3, 0x81, 0xb5, 0xe3, 0x82, 0x99, 0x11, 0x6, 0xe3, 0x81, 0xb5, 0xe3, 0x82, 0x9a, 0x11, 0x6,
    0xe3, 0x81, 0xb8, 0xe3, 0x82, 0x99, 0x11, 0x6, 0xe3, 0x81, 0xb8, 0xe3, 0x82, 0x9a, 0x11, 0x6,
    0xe3, 0x81, 0xbb, 0xe3, 0x82, 0x99, 0x11, 0x6, 0xe3, 0x81, 0xbb, 0xe3, 0x82, 0x9a, 0x11, 0x6,
    0xe3, 0x82, 0x9d, 0xe3, 0x82, 0x99, 0x11, 0x6, 0xe3, 0x82, 0xa6, 0xe3, 0x82, 0x99, 0x11, 0x6,
    0xe3, 0x82, 0xab, 0xe3, 0x82, 0x99, 0x11, 0x6, 0xe3, 0x82, 0xad, 0xe3, 0x82, 0x99, 0x11, 0x6,
    0xe3, 0x82, 0xaf, 0xe3, 0x82, 0x99, 0x11, 0x6, 0xe3, 0x82, 0xb1, 0xe3, 0x82, 0x99, 0x11, 0x6,
    0xe3, 0x82, 0xb3, 0xe3, 0x82, 0x99, 0x11, 0x6, 0xe3, 0x82, 0xb5, 0xe3, 0x82, 0x99, 0x11, 0x6,
    0xe3, 0x82, 0xb7, 0xe3, 0x82, 0x99, 0x11, 0x6, 0xe3, 0x82, 0xb9, 0xe3, 0x82, 0x99, 0x11, 0x6,
    0xe3, 0x82, 0xbb, 0xe3, 0x82, 0x99, 0x11, 0x6, 0xe3, 0x82, 0xbd, 0xe3, 0x82, 0x99, 0x11, 0x6,
    0xe3, 0x82, 0xbf, 0xe3, 0x82, 0x99, 0x11, 0x6, 0xe3, 0x83, 0x81, 0xe3, 0x82, 0x99, 0x11, 0x6,
    0xe3, 0x83, 0x84, 0xe3, 0x82, 0x99, 0x11, 0x6, 0xe3, 0x83, 0x86, 0xe3, 0x82, 0x99, 0x11, 0x6,
    0xe3, 0x83, 0x88, 0xe3, 0x82, 0x99, 0x11, 0x6, 0xe3, 0x83, 0x8f, 0xe3, 0x82, 0x99, 0x11, 0x6,
    0xe3, 0x83, 0x8f, 0xe3, 0x82, 0x9a, 0x11, 0x6, 0xe3, 0x83, 0x92, 0xe3, 0x82, 0x99, 0x11, 0x6,
    0xe3, 0x83, 0x92, 0xe3, 0x82, 0x9a, 0x11, 0x6, 0xe3, 0x83, 0x95, 0xe3, 0x82, 0x99, 0x11, 0x6,
    0xe3, 0x83, 0x95, 0xe3, 0x82, 0x9a, 0x11, 0x6, 0xe3, 0x83, 0x98, 0xe3, 0x82, 0x99, 0x11, 0x6,
    0xe3, 0x83, 0x98, 0xe3, 0x82, 0x9a, 0x11, 0x6, 0xe3, 0x83, 0x9b, 0xe3, 0x82, 0x99, 0x11, 0x6,
    0xe3, 0x83, 0x9b, 0xe3, 0x82, 0x9a, 0x11, 0x6, 0xe3, 0x83, 0xaf, 0xe3, 0x82, 0x99, 0x11, 0x6,
    0xe3, 0x83, 0xb0, 0xe3, 0x82, 0x99, 0x11, 0x6, 0xe3, 0x83, 0xb1, 0xe3, 0x82, 0x99, 0x11, 0x6,
    0xe3, 0x83, 0xb2, 0xe3, 0x82, 0x99, 0x11, 0x6, 0xe3, 0x83, 0xbd, 0xe3, 0x82, 0x99, 0x11, 0x6,
    0xf0, 0x90, 0x97, 0x92, 0xcc, 0x87, 0xcd, 0x6, 0xf0, 0x90, 0x97, 0x9a, 0xcc, 0x87, 0xcd, 0x8,
    0xce, 0x91, 0xcc, 0x93, 0xcc, 0x80, 0xcd, 0x85, 0xdf, 0x8, 0xce, 0x91, 0xcc, 0x93, 0xcc, 0x81,
    0xcd, 0x85, 0xdf, 0x8, 0xce, 0x91, 0xcc, 0x93, 0xcd, 0x82, 0xcd, 0x85, 0xdf, 0x8, 0xce, 0x91,
    0xcc, 0x94, 0xcc, 0x80, 0xcd, 0x85, 0xdf, 0x8, 0xce, 0x91, 0xcc, 0x94, 0xcc, 0x81, 0xcd, 0x85,
    0xdf, 0x8, 0xce, 0x91, 0xcc, 0x94, 0xcd, 0x82, 0xcd, 0x85, 0xdf, 0x8, 0xce, 0x97, 0xcc, 0x93,
    0xcc, 0x80, 0xcd, 0x85, 0xdf, 0x8, 0xce, 0x97, 0xcc, 0x93, 0xcc, 0x81, 0xcd, 0x85, 0xdf, 0x8,
    0xce, 0x97, 0xcc, 0x93, 0xcd, 0x82, 0xcd, 0x85, 0xdf, 0x8, 0xce, 0x97, 0xcc, 0x94, 0xcc, 0x80,
    0xcd, 0x85, 0xdf, 0x8, 0xce, 0x97, 0xcc, 0x94, 0xcc, 0x81, 0xcd, 0x85, 0xdf, 0x8, 0xce, 0x97,
    0xcc, 0x94, 0xcd, 0x82, 0xcd, 0x85, 0xdf, 0x8, 0xce, 0xa9, 0xcc, 0x93, 0xcc, 0x80, 0xcd, 0x85,
    0xdf, 0x8, 0xce, 0xa9, 0xcc, 0x93, 0xcc, 0x81, 0xcd, 0x85, 0xdf, 0x8, 0xce, 0xa9, 0xcc, 0x93,
    0xcd, 0x82, 0xcd, 0x85, 0xdf, 0x8, 0xce, 0xa9, 0xcc, 0x94, 0xcc, 0x80, 0xcd, 0x85, 0xdf, 0x8,
    0xce, 0xa9, 0xcc, 0x94, 0xcc, 0x81, 0xcd, 0x85, 0xdf, 0x8, 0xce, 0xa9, 0xcc, 0x94, 0xcd, 0x82,
    0xcd, 0x85, 0xdf, 0x8, 0xce, 0xb1, 0xcc, 0x93, 0xcc, 0x80, 0xcd, 0x85, 0xdf, 0x8, 0xce, 0xb1,
    0xcc, 0x93, 0xcc, 0x81, 0xcd, 0x85, 0xdf, 0x8, 0xce, 0xb1, 0xcc, 0x93, 0xcd, 0x82, 0xcd, 0x85,
    0xdf, 0x8, 0xce, 0xb1, 0xcc, 0x94, 0xcc, 0x80, 0xcd, 0x85, 0xdf, 0x8, 0xce, 0xb1, 0xcc, 0x94,
    0xcc, 0x81, 0xcd, 0x85, 0xdf, 0x8, 0xce, 0xb1, 0xcc, 0x94, 0xcd, 0x82, 0xcd, 0x85, 0xdf, 0x8,
    0xce, 0xb7, 0xcc, 0x93, 0xcc, 0x80, 0xcd, 0x85, 0xdf, 0x8, 0xce, 0xb7, 0xcc, 0x93, 0xcc, 0x81,
    0xcd, 0x85, 0xdf, 0x8, 0xce, 0xb7, 0xcc, 0x93, 0xcd, 0x82, 0xcd, 0x85, 0xdf, 0x8, 0xce, 0xb7,
    0xcc, 0x94, 0xcc, 0x80, 0xcd, 0x85, 0xdf, 0x8, 0xce, 0xb7, 0xcc, 0x94, 0xcc, 0x81, 0xcd, 0x85,
    0xdf, 0x8, 0xce, 0xb7, 0xcc, 0x94, 0xcd, 0x82, 0xcd, 0x85, 0xdf, 0x8, 0xcf, 0x89, 0xcc, 0x93,
    0xcc, 0x80, 0xcd, 0x85, 0xdf, 0x8, 0xcf, 0x89, 0xcc, 0x93, 0xcc, 0x81, 0xcd, 0x85, 0xdf, 0x8,
    0xcf, 0x89, 0xcc, 0x93, 0xcd, 0x82, 0xcd, 0x85, 0xdf, 0x8, 0xcf, 0x89, 0xcc, 0x94, 0xcc, 0x80,
    0xcd, 0x85, 0xdf, 0x8, 0xcf, 0x89, 0xcc, 0x94, 0xcc, 0x81, 0xcd, 0x85, 0xdf, 0x8, 0xcf, 0x89,
    0xcc, 0x94, 0xcd, 0x82, 0xcd, 0x85, 0xdf, 0x8, 0xf0, 0x91, 0x82, 0x99, 0xf0, 0x91, 0x82, 0xba,
    0xd, 0x8, 0xf0, 0x91, 0x82, 0x9b, 0xf0, 0x91, 0x82, 0xba, 0xd, 0x8, 0xf0, 0x91, 0x82, 0xa5,
    0xf0, 0x91, 0x82, 0xba, 0xd, 0x8, 0xf0, 0x91, 0x84, 0xb1, 0xf0, 0x91, 0x84, 0xa7, 0x1, 0x8,
    0xf0, 0x91, 0x84, 0xb2, 0xf0, 0x91, 0x84, 0xa7, 0x1, 0x8, 0xf0, 0x91, 0x8d, 0x87, 0xf0, 0x91,
    0x8c, 0xbe, 0x1, 0x8, 0xf0, 0x91, 0x8d, 0x87, 0xf0, 0x91, 0x8d, 0x97, 0x1, 0x8, 0xf0, 0x91,
    0x8e, 0x82, 0xf0, 0x91, 0x8f, 0x89, 0x1, 0x8, 0xf0, 0x91, 0x8e, 0x84, 0xf0, 0x91, 0x8e, 0xbb,
    0x1, 0x8, 0xf0, 0x91, 0x8e, 0x8b, 0xf0, 0x91, 0x8f, 0x82, 0x1, 0x8, 0xf0, 0x91, 0x8e, 0x90,
    0xf0, 0x91, 0x8f, 0x89, 0x1, 0x8, 0xf0, 0x91, 0x92, 0xb9, 0xf0, 0x91, 0x92, 0xb0, 0x1, 0x8,
    0xf0, 0x91, 0x92, 0xb9, 0xf0, 0x91, 0x92, 0xba, 0x1, 0x8, 0xf0, 0x91, 0x92, 0xb9, 0xf0, 0x91,
    0x92, 0xbd, 0x1, 0x8, 0xf0, 0x91, 0x96, 0xb8, 0xf0, 0x91, 0x96, 0xaf, 0x1, 0x8, 0xf0, 0x91,
    0x96, 0xb9, 0xf0, 0x91, 0x96, 0xaf, 0x1, 0x8, 0xf0, 0x91, 0xa4, 0xb5, 0xf0, 0x91, 0xa4, 0xb0,
    0x1, 0x9, 0xe0, 0xb3, 0x86, 0xe0, 0xb3, 0x82, 0xe0, 0xb3, 0x95, 0x2, 0x9, 0xe0, 0xb7, 0x99,
    0xe0, 0xb7, 0x8f, 0xe0, 0xb7, 0x8a, 0x16, 0xc, 0xf0, 0x96, 0xb5, 0xa3, 0xf0, 0x96, 0xb5, 0xa7,
    0xf0, 0x96, 0xb5, 0xa7, 0x2, 0x42, 0xc2, 0xb4, 0x1, 0x43, 0x20, 0xcc, 0x81, 0xcd, 0x43, 0x20,
    0xcc, 0x83, 0xcd, 0x43, 0x20, 0xcc, 0x84, 0xcd, 0x43, 0x20, 0xcc, 0x85, 0xcd, 0x43, 0x20, 0xcc,
    0x86, 0xcd, 0x43, 0x20, 0xcc, 0x87, 0xcd, 0x43, 0x20, 0xcc, 0x88, 0xcd, 0x43, 0x20, 0xcc, 0x8a,
    0xcd, 0x43, 0x20, 0xcc, 0x8b, 0xcd, 0x43, 0x20, 0xcc, 0x93, 0xcd, 0x43, 0x20, 0xcc, 0x94, 0xcd,
    0x43, 0x20, 0xcc, 0xa7, 0xa9, 0x43, 0x20, 0xcc, 0xa8, 0xa9, 0x43, 0x20, 0xcc, 0xb3, 0xb9, 0x43,
    0x20, 0xcd, 0x82, 0xcd, 0x43, 0x20, 0xcd, 0x85, 0xdd, 0x43, 0x20, 0xd9, 0x8b, 0x5d, 0x43, 0x20,
    0xd9, 0x8c, 0x61, 0x43, 0x20, 0xd9, 0x8d, 0x65, 0x43, 0x20, 0xd9, 0x8e, 0x69, 0x43, 0x20, 0xd9,
    0x8f, 0x6d, 0x43, 0x20, 0xd9, 0x90, 0x71, 0x43, 0x20, 0xd9, 0x91, 0x75, 0x43, 0x20, 0xd9, 0x92,
    0x79, 0x43, 0x41, 0xcc, 0x8a, 0xcd, 0x43, 0x73, 0xcc, 0x87, 0xcd, 0x44, 0x20, 0xe3, 0x82, 0x99,
    0x11, 0x44, 0x20, 0xe3, 0x82, 0x9a, 0x11, 0x44, 0xc2, 0xa8, 0xcc, 0x81, 0xce, 0x44, 0xce, 0x91,
    0xcc, 0x81, 0xcd, 0x44, 0xce, 0x95, 0xcc, 0x81, 0xcd, 0x44, 0xce, 0x97, 0xcc, 0x81, 0xcd, 0x44,
    0xce, 0x99, 0xcc, 0x81, 0xcd, 0x44, 0xce, 0x9f, 0xcc, 0x81, 0xcd, 0x44, 0xce, 0xa5, 0xcc, 0x81,
    0xcd, 0x44, 0xce, 0xa5, 0xcc, 0x88, 0xcd, 0x44, 0xce, 0xa9, 0xcc, 0x81, 0xcd, 0x44, 0xce, 0xb1,
    0xcc, 0x81, 0xcd, 0x44, 0xce, 0xb5, 0xcc, 0x81, 0xcd, 0x44, 0xce, 0xb7, 0xcc, 0x81, 0xcd, 0x44,
    0xce, 0xb9, 0xcc, 0x81, 0xcd, 0x44, 0xce, 0xbf, 0xcc, 0x81, 0xcd, 0x44, 0xcf, 0x85, 0xcc, 0x81,
    0xcd, 0x44, 0xcf, 0x89, 0xcc, 0x81, 0xcd, 0x44, 0xd7, 0x90, 0xd6, 0xb7, 0x35, 0x44, 0xd7, 0x90,
    0xd6, 0xb8, 0x39, 0x44, 0xd7, 0x90, 0xd6, 0xbc, 0x45, 0x44, 0xd7, 0x91, 0xd6, 0xbc, 0x45, 0x44,
    0xd7, 0x91, 0xd6, 0xbf, 0x4d, 0x44, 0xd7, 0x92, 0xd6, 0xbc, 0x45, 0x44, 0xd7, 0x93, 0xd6, 0xbc,
    0x45, 0x44, 0xd7, 0x94, 0xd6, 0xbc, 0x45, 0x44, 0xd7, 0x95, 0xd6, 0xb9, 0x3d, 0x44, 0xd7, 0x95,
    0xd6, 0xbc, 0x45, 0x44, 0xd7, 0x96, 0xd6, 0xbc, 0x45, 0x44, 0xd7, 0x98, 0xd6, 0xbc, 0x45, 0x44,
    0xd7, 0x99, 0xd6, 0xb4, 0x29, 0x44, 0xd7, 0x99, 0xd6, 0xbc, 0x45, 0x44, 0xd7, 0x9a, 0xd6, 0xbc,
    0x45, 0x44, 0xd7, 0x9b, 0xd6, 0xbc, 0x45, 0x44, 0xd7, 0x9b, 0xd6, 0xbf, 0x4d, 0x44, 0xd7, 0x9c,
    0xd6, 0xbc, 0x45, 0x44, 0xd7, 0x9e, 0xd6, 0xbc, 0x45, 0x44, 0xd7, 0xa0, 0xd6, 0xbc, 0x45, 0x44,
    0xd7, 0xa1, 0xd6, 0xbc, 0x45, 0x44, 0xd7, 0xa3, 0xd6, 0xbc, 0x45, 0x44, 0xd7, 0xa4, 0xd6, 0xbc,
    0x45, 0x44, 0xd7, 0xa4, 0xd6, 0xbf, 0x4d, 0x44, 0xd7, 0xa6, 0xd6, 0xbc, 0x45, 0x44, 0xd7, 0xa7,
    0xd6, 0xbc, 0x45, 0x44, 0xd7, 0xa8, 0xd6, 0xbc, 0x45, 0x44, 0xd7, 0xa9, 0xd6, 0xbc, 0x45, 0x44,
    0xd7, 0xa9, 0xd7, 0x81, 0x51, 0x44, 0xd7, 0xa9, 0xd7, 0x82, 0x55, 0x44, 0xd7, 0xaa, 0xd6, 0xbc,
    0x45, 0x44, 0xd7, 0xb2, 0xd6, 0xb7, 0x35, 0x44, 0xd8, 0xa7, 0xd9, 0x8b, 0x5d, 0x44, 0xd8, 0xa7,
    0xd9, 0x93, 0xcd, 0x44, 0xd8, 0xa7, 0xd9, 0x94, 0xcd, 0x44, 0xd8, 0xa7, 0xd9, 0x95, 0xb9, 0x44,
    0xd8, 0xb0, 0xd9, 0xb0, 0x7d, 0x44, 0xd8, 0xb1, 0xd9, 0xb0, 0x7d, 0x44, 0xd9, 0x80, 0xd9, 0x8b,
    0x5d, 0x44, 0xd9, 0x80, 0xd9, 0x8e, 0x69, 0x44, 0xd9, 0x80, 0xd9, 0x8f, 0x6d, 0x44, 0xd9, 0x80,
    0xd9, 0x90, 0x71, 0x44, 0xd9, 0x80, 0xd9, 0x91, 0x75, 0x44, 0xd9, 0x80, 0xd9, 0x92, 0x79, 0x44,
    0xd9, 0x87, 0xd9, 0xb0, 0x7d, 0x44, 0xd9, 0x88, 0xd9, 0x94, 0xcd, 0x44, 0xd9, 0x89, 0xd9, 0xb0,
    0x7d, 0x44, 0xd9, 0x8a, 0xd9, 0x94, 0xcd, 0x44, 0xdb, 0x92, 0xd9, 0x94, 0xcd, 0x44, 0xdb, 0x95,
    0xd9, 0x94, 0xcd, 0x45, 0x20, 0xcc, 0x88, 0xcc, 0x80, 0xce, 0x45, 0x20, 0xcc, 0x88, 0xcc, 0x81,
    0xce, 0x45, 0x20, 0xcc, 0x88, 0xcd, 0x82, 0xce, 0x45, 0x20, 0xcc, 0x93, 0xcc, 0x80, 0xce, 0x45,
    0x20, 0xcc, 0x93, 0xcc, 0x81, 0xce, 0x45, 0x20, 0xcc, 0x93, 0xcd, 0x82, 0xce, 0x45, 0x20, 0xcc,
    0x94, 0xcc, 0x80, 0xce, 0x45, 0x20, 0xcc, 0x94, 0xcc, 0x81, 0xce, 0x45, 0x20, 0xcc, 0x94, 0xcd,
    0x82, 0xce, 0x45, 0x20, 0xd9, 0x8c, 0xd9, 0x91, 0x76, 0x45, 0x20, 0xd9, 0x8d, 0xd9, 0x91, 0x76,
    0x45, 0x20, 0xd9, 0x8e, 0xd9, 0x91, 0x76, 0x45, 0x20, 0xd9, 0x8f, 0xd9, 0x91, 0x76, 0x45, 0x20,
    0xd9, 0x90, 0xd9, 0x91, 0x76, 0x45, 0x20, 0xd9, 0x91, 0xd9, 0xb0, 0x7e, 0x45, 0xe2, 0xab, 0x9d,
    0xcc, 0xb8, 0x5, 0x46, 0xce, 0xb9, 0xcc, 0x88, 0xcc, 0x81, 0xce, 0x46, 0xcf, 0x85, 0xcc, 0x88,
    0xcc, 0x81, 0xce, 0x46, 0xd7, 0xa9, 0xd6, 0xbc, 0xd7, 0x81, 0x52, 0x46, 0xd7, 0xa9, 0xd6, 0xbc,
    0xd7, 0x82, 0x56, 0x46, 0xd9, 0x80, 0xd9, 0x8e, 0xd9, 0x91, 0x76, 0x46, 0xd9, 0x80, 0xd9, 0x8f,
    0xd9, 0x91, 0x76, 0x46, 0xd9, 0x80, 0xd9, 0x90, 0xd9, 0x91, 0x76, 0x46, 0xe0, 0xa4, 0x95, 0xe0,
    0xa4, 0xbc, 0xd, 0x46, 0xe0, 0xa4, 0x96, 0xe0, 0xa4, 0xbc, 0xd, 0x46, 0xe0, 0xa4, 0x97, 0xe0,
    0xa4, 0xbc, 0xd, 0x46, 0xe0, 0xa4, 0x9c, 0xe0, 0xa4, 0xbc, 0xd, 0x46, 0xe0, 0xa4, 0xa1, 0xe0,
    0xa4, 0xbc, 0xd, 0x46, 0xe0, 0xa4, 0xa2, 0xe0, 0xa4, 0xbc, 0xd, 0x46, 0xe0, 0xa4, 0xab, 0xe0,
    0xa4, 0xbc, 0xd, 0x46, 0xe0, 0xa4, 0xaf, 0xe0, 0xa4, 0xbc, 0xd, 0x46, 0xe0, 0xa6, 0xa1, 0xe0,
    0xa6, 0xbc, 0xd, 0x46, 0xe0, 0xa6, 0xa2, 0xe0, 0xa6, 0xbc, 0xd, 0x46, 0xe0, 0xa6, 0xaf, 0xe0,
    0xa6, 0xbc, 0xd, 0x46, 0xe0, 0xa8, 0x96, 0xe0, 0xa8, 0xbc, 0xd, 0x46, 0xe0, 0xa8, 0x97, 0xe0,
    0xa8, 0xbc, 0xd, 0x46, 0xe0, 0xa8, 0x9c, 0xe0, 0xa8, 0xbc, 0xd, 0x46, 0xe0, 0xa8, 0xab, 0xe0,
    0xa8, 0xbc, 0xd, 0x46, 0xe0, 0xa8, 0xb2, 0xe0, 0xa8, 0xbc, 0xd, 0x46, 0xe0, 0xa8, 0xb8, 0xe0,
    0xa8, 0xbc, 0xd, 0x46, 0xe0, 0xac, 0xa1, 0xe0, 0xac, 0xbc, 0xd, 0x46, 0xe0, 0xac, 0xa2, 0xe0,
    0xac, 0xbc, 0xd, 0x46, 0xe0, 0xbe, 0xb2, 0xe0, 0xbe, 0x80, 0xa1, 0x46, 0xe0, 0xbe, 0xb3, 0xe0,
    0xbe, 0x80, 0xa1, 0x46, 0xe1, 0x84, 0x80, 0xe1, 0x85, 0xa1, 0x1, 0x46, 0xe1, 0x84, 0x82, 0xe1,
    0x85, 0xa1, 0x1, 0x46, 0xe1, 0x84, 0x83, 0xe1, 0x85, 0xa1, 0x1, 0x46, 0xe1, 0x84, 0x85, 0xe1,
    0x85, 0xa1, 0x1, 0x46, 0xe1, 0x84, 0x86, 0xe1, 0x85, 0xa1, 0x1, 0x46, 0xe1, 0x84, 0x87, 0xe1,
    0x85, 0xa1, 0x1, 0x46, 0xe1, 0x84, 0x89, 0xe1, 0x85, 0xa1, 0x1, 0x46, 0xe1, 0x84, 0x8b, 0xe1,
    0x85, 0xa1, 0x1, 0x46, 0xe1, 0x84, 0x8b, 0xe1, 0x85, 0xae, 0x1, 0x46, 0xe1, 0x84, 0x8c, 0xe1,
    0x85, 0xa1, 0x1, 0x46, 0xe1, 0x84, 0x8e, 0xe1, 0x85, 0xa1, 0x1, 0x46, 0xe1, 0x84, 0x8f, 0xe1,
    0x85, 0xa1, 0x1, 0x46, 0xe1, 0x84, 0x90, 0xe1, 0x85, 0xa1, 0x1, 0x46, 0xe1, 0x84, 0x91, 0xe1,
    0x85, 0xa1, 0x1, 0x46, 0xe1, 0x84, 0x92, 0xe1, 0x85, 0xa1, 0x1, 0x46, 0xe3, 0x83, 0x86, 0xe3,
    0x82, 0x99, 0x11, 0x48, 0xf0, 0x9d, 0x85, 0x97, 0xf0, 0x9d, 0x85, 0xa5, 0xb1, 0x48, 0xf0, 0x9d,
    0x85, 0x98, 0xf0, 0x9d, 0x85, 0xa5, 0xb1, 0x48, 0xf0, 0x9d, 0x86, 0xb9, 0xf0, 0x9d, 0x85, 0xa5,
    0xb1, 0x48, 0xf0, 0x9d, 0x86, 0xba, 0xf0, 0x9d, 0x85, 0xa5, 0xb1, 0x49, 0xe0, 0xbe, 0xb2, 0xe0,
    0xbd, 0xb1, 0xe0, 0xbe, 0x80, 0xa2, 0x49, 0xe0, 0xbe, 0xb3, 0xe0, 0xbd, 0xb1, 0xe0, 0xbe, 0x80,
    0xa2, 0x4c, 0xf0, 0x9d, 0x85, 0x98, 0xf0, 0x9d, 0x85, 0xa5, 0xf0, 0x9d, 0x85, 0xae, 0xb2, 0x4c,
    0xf0, 0x9d, 0x85, 0x98, 0xf0, 0x9d, 0x85, 0xa5, 0xf0, 0x9d, 0x85, 0xaf, 0xb2, 0x4c, 0xf0, 0x9d,
    0x85, 0x98, 0xf0, 0x9d, 0x85, 0xa5, 0xf0, 0x9d, 0x85, 0xb0, 0xb2, 0x4c, 0xf0, 0x9d, 0x85, 0x98,
    0xf0, 0x9d, 0x85, 0xa5, 0xf0, 0x9d, 0x85, 0xb1, 0xb2, 0x4c, 0xf0, 0x9d, 0x85, 0x98, 0xf0, 0x9d,
    0x85, 0xa5, 0xf0, 0x9d, 0x85, 0xb2, 0xb2, 0x4c, 0xf0, 0x9d, 0x86, 0xb9, 0xf0, 0x9d, 0x85, 0xa5,
    0xf0, 0x9d, 0x85, 0xae, 0xb2, 0x4c, 0xf0, 0x9d, 0x86, 0xb9, 0xf0, 0x9d, 0x85, 0xa5, 0xf0, 0x9d,
    0x85, 0xaf, 0xb2, 0x4c, 0xf0, 0x9d, 0x86, 0xba, 0xf0, 0x9d, 0x85, 0xa5, 0xf0, 0x9d, 0x85, 0xae,
    0xb2, 0x4c, 0xf0, 0x9d, 0x86, 0xba, 0xf0, 0x9d, 0x85, 0xa5, 0xf0, 0x9d, 0x85, 0xaf, 0xb2, 0x83,
    0x41, 0xcc, 0x82, 0xcd, 0x83, 0x41, 0xcc, 0x86, 0xcd, 0x83, 0x41, 0xcc, 0x87, 0xcd, 0x83, 0x41,
    0xcc, 0x88, 0xcd, 0x83, 0x41, 0xcc, 0x8a, 0xcd, 0x83, 0x41, 0xcc, 0xa3, 0xb9, 0x83, 0x43, 0xcc,
    0xa7, 0xa9, 0x83, 0x45, 0xcc, 0x82, 0xcd, 0x83, 0x45, 0xcc, 0x84, 0xcd, 0x83, 0x45, 0xcc, 0xa3,
    0xb9, 0x83, 0x45, 0xcc, 0xa7, 0xa9, 0x83, 0x49, 0xcc, 0x88, 0xcd, 0x83, 0x4c, 0xcc, 0xa3, 0xb9,
    0x83, 0x4f, 0xcc, 0x82, 0xcd, 0x83, 0x4f, 0xcc, 0x83, 0xcd, 0x83, 0x4f, 0xcc, 0x84, 0xcd, 0x83,
    0x4f, 0xcc, 0x87, 0xcd, 0x83, 0x4f, 0xcc, 0x88, 0xcd, 0x83, 0x4f, 0xcc, 0x9b, 0xb1, 0x83, 0x4f,
    0xcc, 0xa3, 0xb9, 0x83, 0x4f, 0xcc, 0xa8, 0xa9, 0x83, 0x52, 0xcc, 0xa3, 0xb9, 0x83, 0x53, 0xcc,
    0x81, 0xcd, 0x83, 0x53, 0xcc, 0x8c, 0xcd, 0x83, 0x53, 0xcc, 0xa3, 0xb9, 0x83, 0x55, 0xcc, 0x83,
    0xcd, 0x83, 0x55, 0xcc, 0x84, 0xcd, 0x83, 0x55, 0xcc, 0x88, 0xcd, 0x83, 0x55, 0xcc, 0x9b, 0xb1,
    0x83, 0x61, 0xcc, 0x82, 0xcd, 0x83, 0x61, 0xcc, 0x86, 0xcd, 0x83, 0x61, 0xcc, 0x87, 0xcd, 0x83,
    0x61, 0xcc, 0x88, 0xcd, 0x83, 0x61, 0xcc, 0x8a, 0xcd, 0x83, 0x61, 0xcc, 0xa3, 0xb9, 0x83, 0x63,
    0xcc, 0xa7, 0xa9, 0x83, 0x65, 0xcc, 0x82, 0xcd, 0x83, 0x65, 0xcc, 0x84, 0xcd, 0x83, 0x65, 0xcc,
    0xa3, 0xb9, 0x83, 0x65, 0xcc, 0xa7, 0xa9, 0x83, 0x69, 0xcc, 0x88, 0xcd, 0x83, 0x6c, 0xcc, 0xa3,
    0xb9, 0x83, 0x6f, 0xcc, 0x82, 0xcd, 0x83, 0x6f, 0xcc, 0x83, 0xcd, 0x83, 0x6f, 0xcc, 0x84, 0xcd,
    0x83, 0x6f, 0xcc, 0x87, 0xcd, 0x83, 0x6f, 0xcc, 0x88, 0xcd, 0x83, 0x6f, 0xcc, 0x9b, 0xb1, 0x83,
    0x6f, 0xcc, 0xa3, 0xb9, 0x83, 0x6f, 0xcc, 0xa8, 0xa9, 0x83, 0x72, 0xcc, 0xa3, 0xb9, 0x83, 0x73,
    0xcc, 0x81, 0xcd, 0x83, 0x73, 0xcc, 0x8c, 0xcd, 0x83, 0x73, 0xcc, 0xa3, 0xb9, 0x83, 0x75, 0xcc,
    0x83, 0xcd, 0x83, 0x75, 0xcc, 0x84, 0xcd, 0x83, 0x75, 0xcc, 0x88, 0xcd, 0x83, 0x75, 0xcc, 0x9b,
    0xb1, 0x84, 0xce, 0x91, 0xcc, 0x93, 0xcd, 0x84, 0xce, 0x91, 0xcc, 0x94, 0xcd, 0x84, 0xce, 0x95,
    0xcc, 0x93, 0xcd, 0x84, 0xce, 0x95, 0xcc, 0x94, 0xcd, 0x84, 0xce, 0x97, 0xcc, 0x93, 0xcd, 0x84,
    0xce, 0x97, 0xcc, 0x94, 0xcd, 0x84, 0xce, 0x99, 0xcc, 0x93, 0xcd, 0x84, 0xce, 0x99, 0xcc, 0x94,
    0xcd, 0x84, 0xce, 0x9f, 0xcc, 0x93, 0xcd, 0x84, 0xce, 0x9f, 0xcc, 0x94, 0xcd, 0x84, 0xce, 0xa5,
    0xcc, 0x94, 0xcd, 0x84, 0xce, 0xa9, 0xcc, 0x93, 0xcd, 0x84, 0xce, 0xa9, 0xcc, 0x94, 0xcd, 0x84,
    0xce, 0xb1, 0xcc, 0x80, 0xcd, 0x84, 0xce, 0xb1, 0xcc, 0x81, 0xcd, 0x84, 0xce, 0xb1, 0xcc, 0x93,
    0xcd, 0x84, 0xce, 0xb1, 0xcc, 0x94, 0xcd, 0x84, 0xce, 0xb1, 0xcd, 0x82, 0xcd, 0x84, 0xce, 0xb5,
    0xcc, 0x93, 0xcd, 0x84, 0xce, 0xb5, 0xcc, 0x94, 0xcd, 0x84, 0xce, 0xb7, 0xcc, 0x80, 0xcd, 0x84,
    0xce, 0xb7, 0xcc, 0x81, 0xcd, 0x84, 0xce, 0xb7, 0xcc, 0x93, 0xcd, 0x84, 0xce, 0xb7, 0xcc, 0x94,
    0xcd, 0x84, 0xce, 0xb7, 0xcd, 0x82, 0xcd, 0x84, 0xce, 0xb9, 0xcc, 0x88, 0xcd, 0x84, 0xce, 0xb9,
    0xcc, 0x93, 0xcd, 0x84, 0xce, 0xb9, 0xcc, 0x94, 0xcd, 0x84, 0xce, 0xbf, 0xcc, 0x93, 0xcd, 0x84,
    0xce, 0xbf, 0xcc, 0x94, 0xcd, 0x84, 0xcf, 0x85, 0xcc, 0x88, 0xcd, 0x84, 0xcf, 0x85, 0xcc, 0x93,
    0xcd, 0x84, 0xcf, 0x85, 0xcc, 0x94, 0xcd, 0x84, 0xcf, 0x89, 0xcc, 0x80, 0xcd, 0x84, 0xcf, 0x89,
    0xcc, 0x81, 0xcd, 0x84, 0xcf, 0x89, 0xcc, 0x93, 0xcd, 0x84, 0xcf, 0x89, 0xcc, 0x94, 0xcd, 0x84,
    0xcf, 0x89, 0xcd, 0x82, 0xcd, 0x86, 0xce, 0x91, 0xcc, 0x93, 0xcc, 0x80, 0xce, 0x86, 0xce, 0x91,
    0xcc, 0x93, 0xcc, 0x81, 0xce, 0x86, 0xce, 0x91, 0xcc, 0x93, 0xcd, 0x82, 0xce, 0x86, 0xce, 0x91,
    0xcc, 0x94, 0xcc, 0x80, 0xce, 0x86, 0xce, 0x91, 0xcc, 0x94, 0xcc, 0x81, 0xce, 0x86, 0xce, 0x91,
    0xcc, 0x94, 0xcd, 0x82, 0xce, 0x86, 0xce, 0x97, 0xcc, 0x93, 0xcc, 0x80, 0xce, 0x86, 0xce, 0x97,
    0xcc, 0x93, 0xcc, 0x81, 0xce, 0x86, 0xce, 0x97, 0xcc, 0x93, 0xcd, 0x82, 0xce, 0x86, 0xce, 0x97,
    0xcc, 0x94, 0xcc, 0x80, 0xce, 0x86, 0xce, 0x97, 0xcc, 0x94, 0xcc, 0x81, 0xce, 0x86, 0xce, 0x97,
    0xcc, 0x94, 0xcd, 0x82, 0xce, 0x86, 0xce, 0xa9, 0xcc, 0x93, 0xcc, 0x80, 0xce, 0x86, 0xce, 0xa9,
    0xcc, 0x93, 0xcc, 0x81, 0xce, 0x86, 0xce, 0xa9, 0xcc, 0x93, 0xcd, 0x82, 0xce, 0x86, 0xce, 0xa9,
    0xcc, 0x94, 0xcc, 0x80, 0xce, 0x86, 0xce, 0xa9, 0xcc, 0x94, 0xcc, 0x81, 0xce, 0x86, 0xce, 0xa9,
    0xcc, 0x94, 0xcd, 0x82, 0xce, 0x86, 0xce, 0xb1, 0xcc, 0x93, 0xcc, 0x80, 0xce, 0x86, 0xce, 0xb1,
    0xcc, 0x93, 0xcc, 0x81, 0xce, 0x86, 0xce, 0xb1, 0xcc, 0x93, 0xcd, 0x82, 0xce, 0x86, 0xce, 0xb1,
    0xcc, 0x94, 0xcc, 0x80, 0xce, 0x86, 0xce, 0xb1, 0xcc, 0x94, 0xcc, 0x81, 0xce, 0x86, 0xce, 0xb1,
    0xcc, 0x94, 0xcd, 0x82, 0xce, 0x86, 0xce, 0xb7, 0xcc, 0x93, 0xcc, 0x80, 0xce, 0x86, 0xce, 0xb7,
    0xcc, 0x93, 0xcc, 0x81, 0xce, 0x86, 0xce, 0xb7, 0xcc, 0x93, 0xcd, 0x82, 0xce, 0x86, 0xce, 0xb7,
    0xcc, 0x94, 0xcc, 0x80, 0xce, 0x86, 0xce, 0xb7, 0xcc, 0x94, 0xcc, 0x81, 0xce, 0x86, 0xce, 0xb7,
    0xcc, 0x94, 0xcd, 0x82, 0xce, 0x86, 0xcf, 0x89, 0xcc, 0x93, 0xcc, 0x80, 0xce, 0x86, 0xcf, 0x89,
    0xcc, 0x93, 0xcc, 0x81, 0xce, 0x86, 0xcf, 0x89, 0xcc, 0x93, 0xcd, 0x82, 0xce, 0x86, 0xcf, 0x89,
    0xcc, 0x94, 0xcc, 0x80, 0xce, 0x86, 0xcf, 0x89, 0xcc, 0x94, 0xcc, 0x81, 0xce, 0x86, 0xcf, 0x89,
    0xcc, 0x94, 0xcd, 0x82, 0xce, 0x86, 0xe0, 0xb3, 0x86, 0xe0, 0xb3, 0x82, 0x1, 0x86, 0xe0, 0xb7,
    0x99, 0xe0, 0xb7, 0x8f, 0x1, 0x88, 0xf0, 0x96, 0xb5, 0xa3, 0xf0, 0x96, 0xb5, 0xa7, 0x1, 0x42,
    0xcc, 0x80, 0xcd, 0x33, 0x42, 0xcc, 0x81, 0xcd, 0x33, 0x42, 0xcc, 0x93, 0xcd, 0x33, 0x43, 0xe1,
    0x85, 0xa1, 0x1, 0x0, 0x43, 0xe1, 0x85, 0xa2, 0x1, 0x0, 0x43, 0xe1, 0x85, 0xa3, 0x1, 0x0,
    0x43, 0xe1, 0x85, 0xa4, 0x1, 0x0, 0x43, 0xe1, 0x85, 0xa5, 0x1, 0x0, 0x43, 0xe1, 0x85, 0xa6,
    0x1, 0x0, 0x43, 0xe1, 0x85, 0xa7, 0x1, 0x0, 0x43, 0xe1, 0x85, 0xa8, 0x1, 0x0, 0x43, 0xe1,
    0x85, 0xa9, 0x1, 0x0, 0x43, 0xe1, 0x85, 0xaa, 0x1, 0x0, 0x43, 0xe1, 0x85, 0xab, 0x1, 0x0,
    0x43, 0xe1, 0x85, 0xac, 0x1, 0x0, 0x43, 0xe1, 0x85, 0xad, 0x1, 0x0, 0x43, 0xe1, 0x85, 0xae,
    0x1, 0x0, 0x43, 0xe1, 0x85, 0xaf, 0x1, 0x0, 0x43, 0xe1, 0x85, 0xb0, 0x1, 0x0, 0x43, 0xe1,
    0x85, 0xb1, 0x1, 0x0, 0x43, 0xe1, 0x85, 0xb2, 0x1, 0x0, 0x43, 0xe1, 0x85, 0xb3, 0x1, 0x0,
    0x43, 0xe1, 0x85, 0xb4, 0x1, 0x0, 0x43, 0xe1, 0x85, 0xb5, 0x1, 0x0, 0x43, 0xe1, 0x86, 0xaa,
    0x1, 0x0, 0x43, 0xe1, 0x86, 0xac, 0x1, 0x0, 0x43, 0xe1, 0x86, 0xad, 0x1, 0x0, 0x43, 0xe1,
    0x86, 0xb0, 0x1, 0x0, 0x43, 0xe1, 0x86, 0xb1, 0x1, 0x0, 0x43, 0xe1, 0x86, 0xb2, 0x1, 0x0,
    0x43, 0xe1, 0x86, 0xb3, 0x1, 0x0, 0x43, 0xe1, 0x86, 0xb4, 0x1, 0x0, 0x43, 0xe1, 0x86, 0xb5,
    0x1, 0x0, 0x44, 0xcc, 0x88, 0xcc, 0x81, 0xce, 0x33, 0x68, 0xf0, 0x91, 0x8f, 0x82, 0xf0, 0x91,
    0x8e, 0xb8, 0x2, 0x0, 0x68, 0xf0, 0x91, 0x8f, 0x82, 0xf0, 0x91, 0x8f, 0x82, 0x2, 0x0, 0x68,
    0xf0, 0x91, 0x8f, 0x82, 0xf0, 0x91, 0x8f, 0x89, 0x2, 0x0, 0x68, 0xf0, 0x96, 0x84, 0x9e, 0xf0,
    0x96, 0x84, 0x9f, 0x2, 0x0, 0x68, 0xf0, 0x96, 0x84, 0x9e, 0xf0, 0x96, 0x84, 0xa0, 0x2, 0x0,
    0x68, 0xf0, 0x96, 0x84, 0xa9, 0xf0, 0x96, 0x84, 0x9f, 0x2, 0x0, 0x68, 0xf0, 0x96, 0xb5, 0xa7,
    0xf0, 0x96, 0xb5, 0xa7, 0x2, 0x0, 0x6c, 0xf0, 0x96, 0x84, 0x9e, 0xf0, 0x96, 0x84, 0x9e, 0xf0,
    0x96, 0x84, 0x9f, 0x3, 0x0, 0x6c, 0xf0, 0x96, 0x84, 0x9e, 0xf0, 0x96, 0x84, 0x9e, 0xf0, 0x96,
    0x84, 0xa0, 0x3, 0x0, 0x6c, 0xf0, 0x96, 0x84, 0x9e, 0xf0, 0x96, 0x84, 0xa9, 0xf0, 0x96, 0x84,
    0x9f, 0x3, 0x0, 0xe8, 0xf0, 0x96, 0x84, 0x9e, 0xf0, 0x96, 0x84, 0x9e, 0x2, 0x0, 0xe8, 0xf0,
    0x96, 0x84, 0x9e, 0xf0, 0x96, 0x84, 0xa9, 0x2, 0x0, 0x43, 0xe3, 0x82, 0x99, 0x11, 0x4, 0x43,
    0xe3, 0x82, 0x9a, 0x11, 0x4, 0x46, 0xe0, 0xbd, 0xb1, 0xe0, 0xbd, 0xb2, 0xa2, 0x27, 0x46, 0xe0,
    0xbd, 0xb1, 0xe0, 0xbd, 0xb4, 0xa6, 0x27, 0x46, 0xe0, 0xbd, 0xb1, 0xe0, 0xbe, 0x80, 0xa2, 0x27,
    0x0, 0x1,
};

const uint16_t burrow__norm_nfc_values[3072] = {
    0x0, 0x0, 0x0, 0x0, 0x0, 0x0, 0x0, 0x0, 0x0, 0x0,
    0x0, 0x0, 0x0, 0x0, 0x0, 0x0, 0x0, 0x0, 0x0, 0x0,
    0x0, 0x0, 0x0, 0x0, 0x0, 0x0, 0x0, 0x0, 0x0, 0x0,
    0x0, 0x0, 0x0, 0x0, 0x0, 0x0, 0x0, 0x0, 0x0, 0x0,
    0x0, 0x0, 0x0, 0x0, 0x0, 0x0, 0x0, 0x0, 0x0, 0x0,
    0x0, 0x0, 0x0, 0x0, 0x0, 0x0, 0x0, 0x0, 0x0, 0x0,
    0xa000, 0xa000, 0xa000, 0x0, 0x0, 0xa000, 0xa000, 0xa000, 0xa000, 0xa000,
    0xa000, 0xa000, 0xa000, 0xa000, 0xa000, 0xa000, 0xa000, 0xa000, 0xa000, 0xa000,
    0xa000, 0x0, 0xa000, 0xa000, 0xa000, 0xa000, 0xa000, 0xa000, 0xa000, 0xa000,
    0xa000, 0x0, 0x0, 0x0, 0x0, 0x0, 0x0, 0xa000, 0xa000, 0xa000,
    0xa000, 0xa000, 0xa000, 0xa000, 0xa000, 0xa000, 0xa000, 0xa000, 0xa000, 0xa000,
    0xa000, 0xa000, 0xa000, 0x0, 0xa000, 0xa000, 0xa000, 0xa000, 0xa000, 0xa000,
    0xa000, 0xa000, 0xa000, 0x0, 0x0, 0x0, 0x0, 0x0, 0x0, 0x0,
    0x0, 0x0, 0x0, 0x0, 0x0, 0x0, 0x0, 0x0, 0x0, 0x0,
    0x0, 0x0, 0x0, 0x0, 0x0, 0x0, 0x0, 0x0, 0x0, 0x0,
    0x0, 0x0, 0x0, 0x0, 0x0, 0x0, 0x0, 0x0, 0x0, 0x0,
    0x0, 0x0, 0x0, 0x0, 0x0, 0x0, 0x0, 0x0, 0x0, 0x0,
    0x0, 0x0, 0x0, 0x0, 0x0, 0x0, 0x0, 0x0, 0x0, 0x0,
    0x0, 0x0, 0x0, 0x0, 0x0, 0x0, 0x0, 0x0, 0x0, 0x0,
    0x0, 0x0, 0x2ece, 0x2ed3, 0x47ff, 0x2ed8, 0x480e, 0x4813, 0xa000, 0x481d,
    0x2f41, 0x2f46, 0x4822, 0x2f5a, 0x2fcd, 0x2fd2, 0x2fd7, 0x4836, 0x0, 0x3063,
    0x3086, 0x308b, 0x4840, 0x4845, 0x4854, 0x0, 0xa000, 0x3112, 0x3117, 0x311c,
    0x4886, 0x3194, 0x0, 0x0, 0x31da, 0x31df, 0x4890, 0x31e4, 0x489f, 0x48a4,
    0xa000, 0x48ae, 0x324d, 0x3252, 0x48b3, 0x3266, 0x32de, 0x32e3, 0x32e8, 0x48c7,
    0x0, 0x3374, 0x3397, 0x339c, 0x48d1, 0x48d6, 0x48e5, 0x0, 0xa000, 0x3428,
    0x342d, 0x3432, 0x4917, 0x34af, 0x0, 0x34c8, 0x2edd, 0x31e9, 0x4804, 0x4895,
    0x2efb, 0x3207, 0x2f0f, 0x321b, 0x2f14, 0x3220, 0x2f19, 0x3225, 0x2f1e, 0x322a,
    0x2f28, 0x3234, 0x0, 0x0, 0x4827, 0x48b8, 0x2f50, 0x325c, 0x2f55, 0x3261,
    0x2f73, 0x327f, 0x2f64, 0x3270, 0x2f8c, 0x3298, 0x2f96, 0x32a2, 0x2f9b, 0x32a7,
    0x2fa5, 0x32b1, 0x2faa, 0x32b6, 0x0, 0x0, 0x2fdc, 0x32ed, 0x2fe1, 0x32f2,
    0x2fe6, 0x32f7, 0x3009, 0x3315, 0x2feb, 0x0, 0x0, 0x0, 0x3013, 0x331f,
    0x3027, 0x3338, 0x0, 0x3031, 0x3342, 0x303b, 0x334c, 0x3036, 0x3347, 0x0,
    0x0, 0x0, 0x0, 0x305e, 0x336f, 0x3077, 0x3388, 0x306d, 0x337e, 0x0,
    0x0, 0x0, 0x484a, 0x48db, 0x3090, 0x33a1, 0x309a, 0x33ab, 0x0, 0x0,
    0x30b8, 0x33c9, 0x30d1, 0x33e2, 0x30c2, 0x33d3, 0x486d, 0x48fe, 0x30db, 0x33ec,
    0x30ea, 0x33fb, 0x4872, 0x4903, 0x3103, 0x3419, 0x30f4, 0x340a, 0x0, 0x0,
    0x487c, 0x490d, 0x4881, 0x4912, 0x3121, 0x3437, 0x312b, 0x3441, 0x3130, 0x3446,
    0x314e, 0x3464, 0x3171, 0x3487, 0x3199, 0x34b4, 0x31ad, 0x31bc, 0x34dc, 0x31c6,
    0x34e6, 0x31cb, 0x34eb, 0xa000, 0x0, 0x0, 0x0, 0x0, 0x8100, 0x8100,
    0x8100, 0x0, 0x0, 0x0, 0x0, 0x0, 0x0, 0x2ee7, 0x31f3, 0x2ff5,
    0x3301, 0x309f, 0x33b0, 0x3135, 0x344b, 0x392e, 0x3abd, 0x3927, 0x3ab6, 0x3935,
    0x3ac4, 0x3920, 0x3aaf, 0x0, 0x380f, 0x399e, 0x3808, 0x3997, 0x3512, 0x3524,
    0x0, 0x0, 0x2fa0, 0x32ac, 0x301d, 0x332e, 0x4863, 0x48f4, 0x38ef, 0x3a7e,
    0x3536, 0x353c, 0x3324, 0x0, 0x0, 0x0, 0x2f87, 0x3293, 0x0, 0x0,
    0x3059, 0x336a, 0x3816, 0x39a5, 0x350c, 0x351e, 0x3518, 0x352a, 0x2eec, 0x31f8,
    0x2ef1, 0x31fd, 0x2f69, 0x3275, 0x2f6e, 0x327a, 0x2ffa, 0x3306, 0x2fff, 0x330b,
    0x30a4, 0x33b5, 0x30a9, 0x33ba, 0x30c7, 0x33d8, 0x30cc, 0x33dd, 0x313a, 0x3450,
    0x313f, 0x3455, 0x30e5, 0x33f6, 0x30fe, 0x3414, 0x0, 0x0, 0x2fb9, 0x32c5,
    0x0, 0x0, 0x0, 0x0, 0x0, 0x0, 0x4809, 0x489a, 0x4831, 0x48c2,
    0x38be, 0x3a4d, 0x389b, 0x3a2a, 0x484f, 0x48e0, 0x38b7, 0x3a46, 0x31a3, 0x34be,
    0x0, 0x0, 0x0, 0x0, 0x0, 0x0, 0x0, 0x0, 0x0, 0x0,
    0x0, 0x0, 0x9933, 0x9933, 0x9933, 0x9933, 0x9933, 0x8133, 0x9933, 0x9933,
    0x9933, 0x9933, 0x9933, 0x9933, 0x9933, 0x8133, 0x8133, 0x9933, 0x8133, 0x9933,
    0x8133, 0x9933, 0x9933, 0x8134, 0x812e, 0x812e, 0x812e, 0x812e, 0x8134, 0x992c,
    0x812e, 0x812e, 0x812e, 0x812e, 0x812e, 0x812a, 0x812a, 0x992e, 0x992e, 0x992e,
    0x992e, 0x992a, 0x992a, 0x812e, 0x812e, 0x812e, 0x812e, 0x992e, 0x992e, 0x812e,
    0x992e, 0x992e, 0x812e, 0x812e, 0x8101, 0x8101, 0x8101, 0x8101, 0x9901, 0x812e,
    0x812e, 0x812e, 0x812e, 0x8133, 0x8133, 0x8133, 0x4b3f, 0x4b44, 0x9933, 0x4b49,
    0x4c02, 0x9937, 0x8133, 0x812e, 0x812e, 0x812e, 0x8133, 0x8133, 0x8133, 0x812e,
    0x812e, 0x0, 0x8133, 0x8133, 0x8133, 0x812e, 0x812e, 0x812e, 0x812e, 0x8133,
    0x8134, 0x812e, 0x812e, 0x8133, 0x8135, 0x8136, 0x8136, 0x8135, 0x8136, 0x8136,
    0x8135, 0x8133, 0x8133, 0x8133, 0x8133, 0x8133, 0x8133, 0x8133, 0x8133, 0x8133,
    0x8133, 0x8133, 0x8133, 0x8133, 0x0, 0x0, 0x0, 0x0, 0x1ee, 0x0,
    0x0, 0x0, 0x0, 0x0, 0x8100, 0x0, 0x0, 0x0, 0x37, 0x0,
    0x0, 0x0, 0x0, 0x0, 0x8100, 0x3500, 0x3548, 0xce, 0x3566, 0x3572,
    0x3584, 0x0, 0x35a2, 0x0, 0x35b4, 0x35d2, 0x3d67, 0xa000, 0x0, 0x0,
    0x0, 0xa000, 0x0, 0xa000, 0x0, 0xa000, 0x0, 0x0, 0x0, 0x0,
    0x0, 0xa000, 0x0, 0xa000, 0x0, 0x0, 0x0, 0xa000, 0x0, 0x0,
    0x0, 0xa000, 0x3596, 0x35c6, 0x4975, 0x35f6, 0x499f, 0x3608, 0x3dcf, 0xa000,
    0x0, 0x0, 0x0, 0xa000, 0x0, 0xa000, 0x0, 0xa000, 0x0, 0x0,
    0x0, 0x0, 0x0, 0xa000, 0x3680, 0x368c, 0x0, 0x367a, 0x0, 0x0,
    0xa000, 0x3668, 0x0, 0x0, 0x0, 0x0, 0x36bc, 0x36a4, 0x36ce, 0x0,
    0xa000, 0x0, 0x0, 0xa000, 0x0, 0xa000, 0xa000, 0xa000, 0xa000, 0x36b0,
    0xa000, 0x0, 0x0, 0x0, 0xa000, 0x0, 0x0, 0x0, 0x0, 0xa000,
    0x0, 0x0, 0x0, 0xa000, 0x0, 0x0, 0x0, 0xa000, 0x0, 0xa000,
    0x0, 0x0, 0xa000, 0x0, 0x0, 0xa000, 0x0, 0xa000, 0xa000, 0xa000,
    0xa000, 0x3734, 0xa000, 0x0, 0x0, 0x0, 0xa000, 0x0, 0x0, 0x3692,
    0x3716, 0x0, 0x0, 0x0, 0x0, 0x0, 0x0, 0x0, 0x0, 0x0,
    0x0, 0x0, 0x0, 0x0, 0x366e, 0x36f2, 0x3674, 0x36f8, 0x0, 0x0,
    0x3686, 0x370a, 0xa000, 0xa000, 0x3788, 0x378e, 0x3698, 0x371c, 0x369e, 0x3722,
    0x0, 0x0, 0x36aa, 0x372e, 0x36b6, 0x373a, 0x36c2, 0x3746, 0xa000, 0xa000,
    0x3794, 0x379a, 0x36ec, 0x3770, 0x36c8, 0x374c, 0x36d4, 0x3758, 0x36da, 0x375e,
    0x36e0, 0x3764, 0x0, 0x0, 0x36e6, 0x376a, 0x0, 0x0, 0x0, 0x0,
    0x0, 0x0, 0x0, 0x0, 0x0, 0x0, 0x0, 0x0, 0x0, 0x0,
    0x0, 0x0, 0x0, 0x0, 0x0, 0x0, 0x0, 0x0, 0x0, 0x812e,
    0x8133, 0x8133, 0x8133, 0x8133, 0x812e, 0x8133, 0x8133, 0x8133, 0x812f, 0x812e,
    0x8133, 0x8133, 0x8133, 0x8133, 0x8133, 0x8133, 0x812e, 0x812e, 0x812e, 0x812e,
    0x812e, 0x812e, 0x8133, 0x8133, 0x812e, 0x8133, 0x8133, 0x812f, 0x8132, 0x8133,
    0x8106, 0x8107, 0x8108, 0x8109, 0x810a, 0x810b, 0x810c, 0x810d, 0x810e, 0x810f,
    0x810f, 0x8110, 0x8111, 0x8112, 0x0, 0x8113, 0x0, 0x0, 0x0, 0x0,
    0x0, 0x0, 0x0, 0x0, 0xa000, 0x0, 0xa000, 0x8117, 0x8118, 0x8119,
    0x811a, 0x811b, 0x811c, 0x811d, 0x811e, 0x9933, 0x9933, 0x992e, 0x812e, 0x8133,
    0x8133, 0x8133, 0x8133, 0x8133, 0x812e, 0x8133, 0x8133, 0x812e, 0x0, 0x0,
    0x0, 0x0, 0x0, 0x0, 0x0, 0x0, 0x0, 0x0, 0x0, 0x0,
    0x0, 0x0, 0x0, 0x0, 0x811f, 0x0, 0x0, 0x0, 0x0, 0x0,
    0x0, 0x0, 0x0, 0x0, 0x0, 0x0, 0x0, 0x0, 0x0, 0x0,
    0x0, 0x0, 0x0, 0x0, 0x0, 0x0, 0x0, 0x0, 0x0, 0x0,
    0x8133, 0x8133, 0x8133, 0x8133, 0x8133, 0x812e, 0x812e, 0x812e, 0x812e, 0x812e,
    0x8133, 0x8133, 0x8133, 0x8133, 0x8133, 0x8133, 0x8133, 0x8133, 0x8133, 0x8133,
    0x8133, 0x8133, 0x8133, 0x8133, 0x0, 0x812e, 0x8133, 0x8133, 0x812e, 0x8133,
    0x8133, 0x812e, 0x8133, 0x8133, 0x8133, 0x812e, 0x812e, 0x812e, 0x8117, 0x8118,
    0x8119, 0x8133, 0x8133, 0x8133, 0x812e, 0x8133, 0x8133, 0x812e, 0x812e, 0x8133,
    0x8133, 0x8133, 0x8133, 0x8133, 0x0, 0x0, 0x0, 0x0, 0x0, 0xa000,
    0x3ee7, 0xa000, 0x3eef, 0xa000, 0x3ef7, 0xa000, 0x3eff, 0xa000, 0x3f07, 0x0,
    0x0, 0xa000, 0x3f0f, 0x0, 0x0, 0x0, 0x0, 0x0, 0x0, 0x0,
    0x0, 0x0, 0x0, 0x0, 0x0, 0x0, 0x0, 0x0, 0x0, 0x0,
    0x0, 0x0, 0x0, 0x0, 0x0, 0x0, 0x0, 0x0, 0x0, 0x0,
    0x0, 0x0, 0x0, 0x0, 0x0, 0x0, 0x8103, 0x9900, 0x0, 0x0,
    0x0, 0x0, 0xa000, 0x3f17, 0xa000, 0x3f1f, 0xa000, 0xa000, 0x8133, 0x8133,
    0x812e, 0x8133, 0x8133, 0x8133, 0x8133, 0x8133, 0x8133, 0x8133, 0x812e, 0x8133,
    0x8133, 0x8136, 0x812b, 0x812e, 0x812a, 0x8133, 0x8133, 0x8133, 0x8133, 0x8133,
    0x8133, 0x8133, 0x8133, 0x8133, 0x8133, 0x8133, 0x8133, 0x8133, 0x8133, 0x8133,
    0x8133, 0x8133, 0x8133, 0x8133, 0x8133, 0x8133, 0x8133, 0x8133, 0x8133, 0x8133,
    0x8133, 0x8133, 0x8133, 0x8133, 0x8133, 0x8133, 0x8133, 0x8133, 0x8133, 0x8133,
    0x8133, 0x8133, 0x8134, 0x8132, 0x8132, 0x812e, 0x812d, 0x8133, 0x8135, 0x812e,
    0x8133, 0x812e, 0x2ef6, 0x3202, 0x2f00, 0x320c, 0x2f05, 0x3211, 0x2f0a, 0x3216,
    0x382b, 0x39ba, 0x2f23, 0x322f, 0x2f2d, 0x3239, 0x2f3c, 0x3248, 0x2f32, 0x323e,
    0x2f37, 0x3243, 0x384e, 0x39dd, 0x3855, 0x39e4, 0x2f78, 0x3284, 0x2f7d, 0x3289,
    0x3863, 0x39f2, 0x2f82, 0x328e, 0x2f91, 0x329d, 0x2faf, 0x32bb, 0x2fbe, 0x32ca,
    0x2fb4, 0x32c0, 0x2fc3, 0x32cf, 0x2fc8, 0x32d4, 0x300e, 0x331a, 0x386a, 0x39f9,
    0x3018, 0x3329, 0x3022, 0x3333, 0x302c, 0x333d, 0x483b, 0x48cc, 0x3871, 0x3a00,
    0x3045, 0x3356, 0x3040, 0x3351, 0x304a, 0x335b, 0x304f, 0x3360, 0x3054, 0x3365,
    0x3068, 0x3379, 0x3072, 0x3383, 0x3081, 0x3392, 0x307c, 0x338d, 0x3894, 0x3a23,
    0x38a2, 0x3a31, 0x38a9, 0x3a38, 0x38b0, 0x3a3f, 0x30ae, 0x33bf, 0x30b3, 0x33c4,
    0x30bd, 0x33ce, 0x4868, 0x48f9, 0x38f6, 0x3a85, 0x30d6, 0x33e7, 0x30e0, 0x33f1,
    0x4877, 0x4908, 0x38fd, 0x3a8c, 0x3904, 0x3a93, 0x390b, 0x3a9a, 0x30ef, 0x3400,
    0x30f9, 0x340f, 0x310d, 0x3423, 0x3108, 0x341e, 0x3149, 0x345f, 0x3158, 0x346e,
    0x3153, 0x3469, 0x3912, 0x3aa1, 0x3919, 0x3aa8, 0x315d, 0x3473, 0x3162, 0x3478,
    0x3167, 0x347d, 0x316c, 0x3482, 0x317b, 0x3491, 0x3176, 0x348c, 0x3180, 0x349b,
    0x3185, 0x34a0, 0x318a, 0x34a5, 0x31a8, 0x34c3, 0x31c1, 0x34e1, 0x31d0, 0x34f0,
    0x31d5, 0x34f5, 0x32d9, 0x3405, 0x3496, 0x34d2, 0x0, 0x3530, 0x0, 0x0,
    0x0, 0x0, 0x4818, 0x48a9, 0x2ee2, 0x31ee, 0x37d7, 0x3966, 0x37d0, 0x395f,
    0x37e5, 0x3974, 0x37de, 0x396d, 0x381d, 0x39ac, 0x37f3, 0x3982, 0x37ec, 0x397b,
    0x3801, 0x3990, 0x37fa, 0x3989, 0x3824, 0x39b3, 0x482c, 0x48bd, 0x2f5f, 0x326b,
    0x2f4b, 0x3257, 0x3839, 0x39c8, 0x3832, 0x39c1, 0x3847, 0x39d6, 0x3840, 0x39cf,
    0x385c, 0x39eb, 0x2ff0, 0x32fc, 0x3004, 0x3310, 0x485e, 0x48ef, 0x3095, 0x33a6,
    0x387f, 0x3a0e, 0x3878, 0x3a07, 0x388d, 0x3a1c, 0x3886, 0x3a15, 0x38e8, 0x3a77,
    0x38cc, 0x3a5b, 0x38c5, 0x3a54, 0x38da, 0x3a69, 0x38d3, 0x3a62, 0x38e1, 0x3a70,
    0x3144, 0x345a, 0x3126, 0x343c, 0x3943, 0x3ad2, 0x393c, 0x3acb, 0x3951, 0x3ae0,
    0x394a, 0x3ad9, 0x3958, 0x3ae7, 0x318f, 0x34aa, 0x31b7, 0x34d7, 0x31b2, 0x34cd,
    0x319e, 0x34b9, 0x0, 0x0, 0x0, 0x0, 0x0, 0x0, 0x497b, 0x4981,
    0x4a95, 0x4aad, 0x4a9d, 0x4ab5, 0x4aa5, 0x4abd, 0x4921, 0x4927, 0x4a05, 0x4a1d,
    0x4a0d, 0x4a25, 0x4a15, 0x4a2d, 0x498d, 0x4993, 0x3d17, 0x3d27, 0x3d1f, 0x3d2f,
    0x0, 0x0, 0x492d, 0x4933, 0x3c47, 0x3c57, 0x3c4f, 0x3c5f, 0x0, 0x0,
    0x49a5, 0x49ab, 0x4ac5, 0x4add, 0x4acd, 0x4ae5, 0x4ad5, 0x4aed, 0x4939, 0x493f,
    0x4a35, 0x4a4d, 0x4a3d, 0x4a55, 0x4a45, 0x4a5d, 0x49bd, 0x49c3, 0x3d77, 0x3d8f,
    0x3d7f, 0x3d97, 0x3d87, 0x3d9f, 0x4945, 0x494b, 0x3c77, 0x3c8f, 0x3c7f, 0x3c97,
    0x3c87, 0x3c9f, 0x49c9, 0x49cf, 0x3da7, 0x3db7, 0x3daf, 0x3dbf, 0x0, 0x0,
    0x4951, 0x4957, 0x3ca7, 0x3cb7, 0x3caf, 0x3cbf, 0x0, 0x0, 0x49db, 0x49e1,
    0x3ddf, 0x3df7, 0x3de7, 0x3dff, 0x3def, 0x3e07, 0x0, 0x495d, 0x0, 0x3cc7,
    0x0, 0x3ccf, 0x0, 0x3cd7, 0x49f3, 0x49f9, 0x4af5, 0x4b0d, 0x4afd, 0x4b15,
    0x4b05, 0x4b1d, 0x4963, 0x4969, 0x4a65, 0x4a7d, 0x4a6d, 0x4a85, 0x4a75, 0x4a8d,
    0x496f, 0x441d, 0x35f0, 0x4423, 0x4999, 0x4429, 0x3602, 0x442f, 0x3620, 0x4435,
    0x3638, 0x443b, 0x49e7, 0x4441, 0x0, 0x0, 0x3cff, 0x3d07, 0x41d3, 0x41f1,
    0x41dd, 0x41fb, 0x41e7, 0x4205, 0x3c37, 0x3c3f, 0x411f, 0x413d, 0x4129, 0x4147,
    0x4133, 0x4151, 0x3d47, 0x3d4f, 0x420f, 0x422d, 0x4219, 0x4237, 0x4223, 0x4241,
    0x3c67, 0x3c6f, 0x415b, 0x4179, 0x4165, 0x4183, 0x416f, 0x418d, 0x3e1f, 0x3e27,
    0x424b, 0x4269, 0x4255, 0x4273, 0x425f, 0x427d, 0x3cdf, 0x3ce7, 0x4197, 0x41b5,
    0x41a1, 0x41bf, 0x41ab, 0x41c9, 0x35e4, 0x35de, 0x3cef, 0x35ea, 0x3cf7, 0x0,
    0x4987, 0x3d0f, 0x3554, 0x354e, 0x3542, 0x43ed, 0x355a, 0x8100, 0x257, 0xa100,
    0x8100, 0x3506, 0x3d37, 0x35fc, 0x3d3f, 0x0, 0x49b1, 0x3d57, 0x3560, 0x43f3,
    0x356c, 0x43f9, 0x3578, 0x3aee, 0x3af5, 0x3afc, 0x3614, 0x360e, 0x3d5f, 0x45e3,
    0x0, 0x0, 0x361a, 0x3d6f, 0x3590, 0x358a, 0x357e, 0x43ff, 0x0, 0x3b03,
    0x3b0a, 0x3b11, 0x364a, 0x3644, 0x3dc7, 0x45eb, 0x362c, 0x3632, 0x3650, 0x3dd7,
    0x35c0, 0x35ba, 0x35ae, 0x440b, 0x35a8, 0x34fa, 0x43e7, 0x81, 0x0, 0x0,
    0x3e0f, 0x3656, 0x3e17, 0x0, 0x49ff, 0x3e2f, 0x359c, 0x4405, 0x35cc, 0x4417,
    0x35d8, 0x4355, 0xa100, 0x0, 0x0, 0x3b65, 0x0, 0xa000, 0x3b6c, 0xa000,
    0x0, 0x3b73, 0xa000, 0x3b7a, 0x0, 0x0, 0x0, 0xa000, 0x0, 0x0,
    0x0, 0x0, 0x0, 0x0, 0x0, 0x0, 0x0, 0x0, 0x0, 0x0,
    0x0, 0x0, 0x0, 0x0, 0x0, 0x0, 0x2ec4, 0xa000, 0x3b88, 0x0,
    0xa000, 0xa000, 0x0, 0x0, 0x0, 0x0, 0x0, 0x0, 0x0, 0x3b81,
    0x2ebf, 0x2ec9, 0x3b8f, 0x3b96, 0xa000, 0xa000, 0x3b9d, 0x3ba4, 0xa000, 0xa000,
    0x3bab, 0x3bb2, 0xa000, 0xa000, 0xa000, 0xa000, 0x0, 0x0, 0x3bb9, 0x3bc0,
    0xa000, 0xa000, 0x3bd5, 0x3bdc, 0xa000, 0xa000, 0x3be3, 0x3bea, 0x0, 0x0,
    0x0, 0x0, 0x0, 0x0, 0x0, 0xa000, 0xa000, 0x0, 0x0, 0x0,
    0x0, 0x0, 0x0, 0x0, 0x0, 0x0, 0x0, 0x0, 0x0, 0x0,
    0x0, 0x0, 0xa000, 0x0, 0x0, 0x0, 0x0, 0x0, 0xa000, 0xa000,
    0x0, 0xa000, 0x3bff, 0x3c06, 0x3c0d, 0x3c14, 0x0, 0x0, 0xa000, 0xa000,
    0xa000, 0xa000, 0x0, 0x0, 0x0, 0x0, 0x0, 0x0, 0x0, 0x0,
    0x0, 0x0, 0x0, 0x0, 0x0, 0x0, 0x0, 0x0, 0xa000, 0x0,
    0x0, 0x0, 0x0, 0xa000, 0x3f47, 0xa000, 0x3f4f, 0xa000, 0x3f57, 0xa000,
    0x3f5f, 0xa000, 0x3f67, 0xa000, 0x3f6f, 0xa000, 0x3f77, 0xa000, 0x3f7f, 0xa000,
    0x3f87, 0xa000, 0x3f8f, 0xa000, 0x3f97, 0xa000, 0x3f9f, 0x0, 0xa000, 0x3fa7,
    0xa000, 0x3faf, 0xa000, 0x3fb7, 0x0, 0x0, 0x0, 0x0, 0x0, 0xa000,
    0x3fbf, 0x3fc7, 0xa000, 0x3fcf, 0x3fd7, 0xa000, 0x3fdf, 0x3fe7, 0xa000, 0x3fef,
    0x3ff7, 0xa000, 0x3fff, 0x4007, 0x0, 0x0, 0x0, 0x0, 0x0, 0x0,
    0x0, 0x0, 0x0, 0x0, 0x0, 0x0, 0x0, 0x0, 0x0, 0x0,
    0x0, 0x0, 0x0, 0x0, 0x0, 0x0, 0x3f3f, 0x0, 0x0, 0x0,
    0x0, 0x9904, 0x9904, 0x8100, 0x8100, 0xa000, 0x400f, 0x0, 0x0, 0x0,
    0x0, 0x0, 0x0, 0x0, 0xa000, 0x0, 0x0, 0x0, 0x0, 0xa000,
    0x401f, 0xa000, 0x4027, 0xa000, 0x402f, 0xa000, 0x4037, 0xa000, 0x403f, 0xa000,
    0x4047, 0xa000, 0x404f, 0xa000, 0x4057, 0xa000, 0x405f, 0xa000, 0x4067, 0xa000,
    0x406f, 0xa000, 0x4077, 0x0, 0xa000, 0x407f, 0xa000, 0x4087, 0xa000, 0x408f,
    0x0, 0x0, 0x0, 0x0, 0x0, 0xa000, 0x4097, 0x409f, 0xa000, 0x40a7,
    0x40af, 0xa000, 0x40b7, 0x40bf, 0xa000, 0x40c7, 0x40cf, 0xa000, 0x40d7, 0x40df,
    0x0, 0x0, 0x0, 0x0, 0x0, 0x0, 0x0, 0x0, 0x0, 0x0,
    0x0, 0x0, 0x0, 0x0, 0x0, 0x0, 0x0, 0xa000, 0xa000, 0xa000,
    0xa000, 0x0, 0x4017, 0x0, 0x0, 0x40e7, 0x40ef, 0x40f7, 0x40ff, 0x0,
    0x0, 0xa000, 0x4107, 0x0, 0x1472, 0xdf6, 0x14ce, 0x149a, 0xf52, 0x7e6,
    0x9da, 0x1726, 0x1726, 0xb06, 0x155a, 0xa3e, 0xb02, 0xcea, 0x10ca, 0x125a,
    0x1392, 0x13ce, 0x1402, 0x1516, 0xe6e, 0xefa, 0xfa6, 0x103e, 0x135a, 0x1542,
    0x166e, 0x80a, 0x9ae, 0xe82, 0xfca, 0x138e, 0x16be, 0xbae, 0xf72, 0x137e,
    0x1412, 0xd1e, 0x12b6, 0x13da, 0xc1a, 0xe0a, 0xf12, 0x1016, 0x1522, 0x84a,
    0x8e2, 0x94e, 0xd86, 0xe7a, 0xfc6, 0x10ea, 0x1272, 0x1386, 0x139e, 0x14c2,
    0x15ea, 0x169e, 0x16ba, 0x1126, 0x1166, 0x121e, 0x133e, 0x1576, 0x16c6, 0x1446,
    0xac2, 0xc36, 0x11d6, 0x1296, 0xffa, 0x112e, 0x1492, 0x15e2, 0xabe, 0xb8a,
    0xe72, 0xf26, 0xf5a, 0x120e, 0x1236, 0x15a2, 0x94a, 0x12a2, 0x8ee, 0x8ea,
    0x1192, 0x1222, 0x1356, 0x15aa, 0x1462, 0xd22, 0xe6e, 0x1452, 0x7f2, 0xb5e,
    0xc8e, 0x102a, 0x10aa, 0x96e, 0x1136, 0x85a, 0xc72, 0x7d2, 0xee6, 0xd9e,
    0x120a, 0x9c2, 0xaae, 0x10f6, 0x135e, 0x1436, 0xeb2, 0x14f2, 0xede, 0xd32,
    0x1316, 0xd52, 0x10a6, 0x826, 0x8a2, 0x8e6, 0xe4e, 0x11f6, 0x12ee, 0x1442,
    0x1556, 0x956, 0xa0a, 0xb12, 0xc2a, 0xdba, 0xf76, 0x113a, 0x1592, 0x1676,
    0x16ca, 0x16e2, 0x932, 0xdee, 0xe9e, 0x14e6, 0xbf6, 0xcd2, 0xcee, 0xd7e,
    0xf66, 0xfb2, 0x1062, 0x1186, 0x122a, 0x128e, 0x14d6, 0x1366, 0x14fe, 0x157a,
    0x90a, 0x936, 0xa1e, 0xfa2, 0x13ee, 0x1436, 0xc16, 0xc86, 0xd4a, 0xeaa,
    0x11d2, 0x101e, 0x836, 0xa7a, 0xb5e, 0xbc2, 0xc92, 0x103a, 0x1056, 0x1266,
    0x1286, 0x155e, 0x15de, 0x15ee, 0x162a, 0x84e, 0x117a, 0x154a, 0x15c6, 0xcaa,
    0x812, 0x872, 0xb62, 0xb82, 0xdaa, 0xe6e, 0xfbe, 0x10c6, 0x1372, 0x1512,
    0x171e, 0xdde, 0x159e, 0x92e, 0xe2a, 0xe36, 0xf0a, 0xf42, 0x1046, 0x10a2,
    0x1122, 0x1206, 0x1636, 0x8aa, 0xcfe, 0x15ae, 0x862, 0xba6, 0xf2a, 0x14da,
    0xc62, 0xcb2, 0xe3e, 0x102a, 0x15b6, 0x912, 0x9fa, 0xb92, 0xdce, 0xe1a,
    0xe5a, 0xeee, 0x1042, 0x10b6, 0x1252, 0x13f2, 0x13fe, 0x1552, 0x15d2, 0x97e,
    0xf46, 0x9fe, 0xfc2, 0x1066, 0x1382, 0x15ba, 0x16a6, 0x16ce, 0xe32, 0xf22,
    0x12be, 0x11b2, 0x11be, 0x11e2, 0x1012, 0xf9a, 0x145e, 0x82e, 0x1326, 0x916,
    0x906, 0xc06, 0xd26, 0x11ee, 0xb4e, 0xefe, 0xdea, 0x14e2, 0x13e2, 0x15a6,
    0x141e, 0xc22, 0x882, 0xa56, 0x0, 0x0, 0xaaa, 0x0, 0xdda, 0x0,
    0x0, 0x8f2, 0x101a, 0x10de, 0x1142, 0x115e, 0x1162, 0x1176, 0x15f6, 0x11e6,
    0x126a, 0x0, 0x138a, 0x0, 0x144e, 0x0, 0x0, 0x1502, 0x152e, 0x0,
    0x0, 0x0, 0x164a, 0x164e, 0x1652, 0x16b6, 0x1526, 0x15c2, 0x852, 0x876,
    0x88a, 0x946, 0x952, 0x992, 0xa46, 0xa62, 0xa6a, 0xaa6, 0xab2, 0xb8e,
    0xb96, 0xc9e, 0xcc6, 0xcce, 0xce6, 0xd92, 0xdc2, 0xde2, 0xe52, 0xf16,
    0xf32, 0xf62, 0xfb6, 0xfd6, 0x104a, 0x112a, 0x1146, 0x114e, 0x114a, 0x1152,
    0x1156, 0x115a, 0x116e, 0x1172, 0x1196, 0x11aa, 0x11c6, 0x122a, 0x1232, 0x123a,
    0x124e, 0x1276, 0x12c6, 0x12fa, 0x12fa, 0x1362, 0x140a, 0x1422, 0x1456, 0x145a,
    0x149e, 0x14a2, 0x14fa, 0x1502, 0x15d6, 0x161a, 0x1632, 0xc96, 0x184b, 0x12de,
    0x0, 0x0, 0x7da, 0x8de, 0x89e, 0x846, 0x886, 0x8b2, 0x942, 0x95e,
    0xa46, 0xa32, 0xa42, 0xa5e, 0xaaa, 0xaba, 0xafe, 0xb0a, 0xb26, 0xb36,
    0xc1e, 0xc26, 0xc56, 0xc76, 0xca6, 0xcbe, 0xcae, 0xcce, 0xcc2, 0xce6,
    0xd02, 0xd5a, 0xd66, 0xd6e, 0xd96, 0xdda, 0xe0a, 0xe0e, 0xe22, 0xea2,
    0xeb2, 0xf0a, 0xf56, 0xf4e, 0xf62, 0xf7e, 0xfb6, 0x110e, 0xfda, 0x100e,
    0x101a, 0x105a, 0x1076, 0x109a, 0x10be, 0x10c2, 0x10de, 0x10e2, 0x10f2, 0x1106,
    0x1102, 0x1132, 0x11ae, 0x11c6, 0x11de, 0x1216, 0x122a, 0x1246, 0x1276, 0x132a,
    0x1352, 0x13c6, 0x140e, 0x141a, 0x1422, 0x143a, 0x144e, 0x143e, 0x1456, 0x1452,
    0x144a, 0x145a, 0x1466, 0x14a2, 0x14de, 0x150e, 0x1546, 0x1566, 0x15b2, 0x15d6,
    0x15f6, 0x160a, 0x161a, 0x1626, 0x1632, 0x1686, 0x1726, 0x17e2, 0x17dd, 0x180f,
    0x702, 0x72a, 0x72e, 0x1891, 0x18be, 0x1936, 0x1712, 0x1722, 0x0, 0x0,
    0x0, 0x0, 0x0, 0x0, 0x0, 0x0, 0x0, 0x0, 0x0, 0x0,
    0x0, 0x0, 0x0, 0x0, 0x0, 0x0, 0x0, 0x0, 0x0, 0x0,
    0x0, 0x0, 0x0, 0x0, 0x0, 0x0, 0x0, 0x0, 0x0, 0x0,
    0x0, 0x0, 0x0, 0x0, 0x0, 0x0, 0x7f6, 0x7ee, 0x7fe, 0x1774,
    0x842, 0x852, 0x856, 0x85e, 0x866, 0x86a, 0x876, 0x86e, 0x6ae, 0x1788,
    0x88a, 0x88e, 0x892, 0x8ae, 0x1779, 0x6b2, 0x89a, 0x8ba, 0x1783, 0x8ca,
    0x8d2, 0x832, 0x8da, 0x8de, 0x195e, 0x8fa, 0x902, 0x6ba, 0x91a, 0x91e,
    0x926, 0x92a, 0x6be, 0x942, 0x946, 0x952, 0x95e, 0x962, 0x966, 0x96e,
    0x98e, 0x992, 0x99a, 0x9aa, 0x9b2, 0x9b6, 0x9b6, 0x9b6, 0x1797, 0xf8e,
    0x9ca, 0x9d2, 0x179c, 0x9de, 0x9e6, 0x9ee, 0xa16, 0xa02, 0xa0e, 0xa12,
    0xa1a, 0xa22, 0xa26, 0xa2e, 0xa36, 0xa3a, 0xa3a, 0xa42, 0xa4a, 0xa4e,
    0xa5a, 0xa7e, 0xa62, 0xa82, 0xa66, 0xa6e, 0x906, 0xaca, 0xa92, 0xa96,
    0xa9a, 0xa8e, 0xaa2, 0xa9e, 0xab6, 0x17a1, 0xad2, 0xad6, 0xade, 0xaea,
    0xaf2, 0xb0e, 0x17a6, 0x17ab, 0xb1a, 0xb1e, 0xb22, 0xb16, 0xb2a, 0x6c2,
    0x6c6, 0xb32, 0xb3a, 0xb3a, 0x17b0, 0xb56, 0xb5a, 0xb5e, 0xb66, 0x17b5,
    0xb6e, 0xb72, 0xc4a, 0xb7a, 0x6ca, 0xb86, 0xb96, 0xba2, 0xb9e, 0x17bf,
    0xbaa, 0x17c4, 0xbb6, 0xbb2, 0xbba, 0xbca, 0xbce, 0x6ce, 0xbde, 0xbe6,
    0xbea, 0xbee, 0x6d2, 0x17c9, 0x6d6, 0xc0a, 0xc0e, 0xc12, 0xc1a, 0x1990,
    0xc32, 0x17d3, 0x17d3, 0x12d2, 0xc42, 0xc42, 0x6da, 0x17f6, 0x18c8, 0xc52,
    0xc5a, 0x6de, 0xc6e, 0xc7e, 0xc82, 0xc8a, 0xc9a, 0x6e6, 0x6e2, 0xc9e,
    0x17d8, 0xca2, 0xcb6, 0xcba, 0xcbe, 0xcba, 0xcca, 0xcce, 0xcde, 0xcd6,
    0xcda, 0xce2, 0xce6, 0xcea, 0xcf6, 0xcfa, 0xd12, 0xd1a, 0xd2a, 0xd3e,
    0x17e7, 0xd3a, 0xd2e, 0xd46, 0xd4e, 0xd62, 0x17ec, 0xd6a, 0xd5e, 0xd56,
    0x6ea, 0xd72, 0xd7a, 0xd82, 0xd76, 0x6ee, 0xd92, 0xd9a, 0x17f1, 0xdc6,
    0xdfa, 0xdd6, 0x6fa, 0xde2, 0x6f6, 0x6f2, 0x8be, 0x8c2, 0xdfe, 0xde6,
    0x12a6, 0x75e, 0xe0a, 0xe0e, 0xe12, 0xe26, 0xe1e, 0x180a, 0x6fe, 0xe3a,
    0xe2e, 0xe4a, 0xe52, 0x1814, 0xe56, 0xe42, 0xe5e, 0x702, 0xe62, 0xe66,
    0xe6a, 0xe76, 0x1819, 0xe7e, 0x706, 0xe8a, 0x181e, 0xe8e, 0x70a, 0xe9a,
    0xea6, 0xeb2, 0xeb6, 0x1823, 0x17ba, 0x1828, 0xed6, 0x182d, 0xee2, 0xeea,
    0xeda, 0xef6, 0xf06, 0xf16, 0xf0a, 0xf0e, 0xf1a, 0xf1e, 0x1832, 0xf02,
    0xf36, 0xf3a, 0x70e, 0xf4e, 0xf4a, 0x1837, 0xf2e, 0xf6a, 0x183c, 0x1841,
    0xf6e, 0xf82, 0xf7e, 0xf7a, 0x712, 0xf86, 0xf96, 0xf92, 0xf9e, 0x177e,
    0xfae, 0x1846, 0xfba, 0x1850, 0xfce, 0xfda, 0xfee, 0x1855, 0x1002, 0x1006,
    0x185a, 0x185f, 0x1022, 0x1032, 0x716, 0x1036, 0x71a, 0x71a, 0x104e, 0x1052,
    0x105a, 0x105e, 0x106a, 0x71e, 0x1082, 0x1864, 0x109e, 0x1869, 0x10aa, 0x17ce,
    0x10ba, 0x186e, 0x1873, 0x1878, 0x722, 0x726, 0x10f2, 0x1882, 0x187d, 0x1887,
    0x188c, 0x10fa, 0x10fe, 0x10fe, 0x1106, 0x72e, 0x110a, 0x732, 0x736, 0x1896,
    0x111e, 0x1126, 0x1132, 0x73a, 0x189b, 0x1156, 0x18a0, 0x18a5, 0x1176, 0x118e,
    0x73e, 0x1196, 0x119a, 0x119e, 0x18aa, 0x18af, 0x18af, 0x11b6, 0x742, 0x18b4,
    0x11ca, 0x11ce, 0x746, 0x18b9, 0x11ea, 0x74a, 0x11fa, 0x11f2, 0x1202, 0x18c3,
    0x121a, 0x74e, 0x1226, 0x122e, 0x123e, 0x752, 0x18cd, 0x18d2, 0x756, 0x18d7,
    0x1256, 0x18dc, 0x1262, 0x126e, 0x1276, 0x18e1, 0x18e6, 0x128a, 0x18eb, 0x1292,
    0x17fb, 0x75a, 0x12aa, 0x12ae, 0x762, 0x12b2, 0xb2e, 0x18f0, 0x18f5, 0x1800,
    0x1805, 0x12d2, 0x12d6, 0x14ee, 0x766, 0x1302, 0x12fe, 0x1306, 0x93a, 0x130a,
    0x130e, 0x1312, 0x131a, 0x18fa, 0x1316, 0x131e, 0x1332, 0x1336, 0x1322, 0x133a,
    0x134e, 0x1362, 0x132e, 0x1342, 0x1346, 0x134a, 0x18ff, 0x1909, 0x1904, 0x76a,
    0x136a, 0x136e, 0x1376, 0x191d, 0x137a, 0x190e, 0x76e, 0x772, 0x1913, 0x1918,
    0x776, 0x139a, 0x139e, 0x13a2, 0x13a6, 0x13b2, 0x13ae, 0x13ba, 0x13b6, 0x13c6,
    0x13be, 0x13c2, 0x13ca, 0x77a, 0x13d2, 0x13d6, 0x77e, 0x13e6, 0x13ea, 0x1922,
    0x13f6, 0x13fa, 0x782, 0x1406, 0x6b6, 0x1927, 0x192c, 0x786, 0x78a, 0x1432,
    0x144a, 0x1466, 0x1476, 0x1931, 0x148a, 0x148e, 0x14a6, 0x14b2, 0x193b, 0x178d,
    0x14be, 0x14ba, 0x14c6, 0x1792, 0x14d2, 0x14de, 0x1940, 0x1945, 0x151e, 0x152a,
    0x1532, 0x194a, 0x1536, 0x1562, 0x156e, 0x1572, 0x156a, 0x157e, 0x1582, 0x194f,
    0x158e, 0x78e, 0x1596, 0x1954, 0x792, 0x15ce, 0xbbe, 0x15e6, 0x1959, 0x1963,
    0x796, 0x79a, 0x160e, 0x1968, 0x79e, 0x196d, 0x1626, 0x1626, 0x162e, 0x1972,
    0x1646, 0x7a2, 0x1656, 0x1662, 0x166a, 0x1672, 0x7a6, 0x1977, 0x1686, 0x16a2,
    0x16ae, 0x7aa, 0x7ae, 0x16b2, 0x197c, 0x7b2, 0x1981, 0x1986, 0x198b, 0x16d6,
    0x7b6, 0x16ea, 0x16f2, 0x16f6, 0x16fe, 0x1706, 0x170e, 0x1995, 0x0, 0x0,
    0x0, 0x0, 0x0, 0x0, 0x0, 0x0, 0x0, 0x0, 0x0, 0x0,
    0x0, 0x0, 0x0, 0x0, 0x0, 0x0, 0x0, 0x0, 0x0, 0x0,
    0x0, 0x0, 0x0, 0x0, 0x0, 0x0, 0x0, 0x0, 0x0, 0x0,
    0x0, 0x0,
};

const uint8_t burrow__norm_nfc_index[1408] = {
    0x0, 0x0, 0x0, 0x0, 0x0, 0x0, 0x0, 0x0, 0x0, 0x0, 0x0, 0x0, 0x0, 0x0, 0x0, 0x0,
    0x0, 0x0, 0x0, 0x0, 0x0, 0x0, 0x0, 0x0, 0x0, 0x0, 0x0, 0x0, 0x0, 0x0, 0x0, 0x0,
    0x0, 0x0, 0x0, 0x0, 0x0, 0x0, 0x0, 0x0, 0x0, 0x0, 0x0, 0x0, 0x0, 0x0, 0x0, 0x0,
    0x0, 0x0, 0x0, 0x0, 0x0, 0x0, 0x0, 0x0, 0x0, 0x0, 0x0, 0x0, 0x0, 0x0, 0x0, 0x0,
    0x0, 0x0, 0x0, 0x0, 0x0, 0x0, 0x0, 0x0, 0x0, 0x0, 0x0, 0x0, 0x0, 0x0, 0x0, 0x0,
    0x0, 0x0, 0x0, 0x0, 0x0, 0x0, 0x0, 0x0, 0x0, 0x0, 0x0, 0x0, 0x0, 0x0, 0x0, 0x0,
    0x0, 0x0, 0x0, 0x0, 0x0, 0x0, 0x0, 0x0, 0x0, 0x0, 0x0, 0x0, 0x0, 0x0, 0x0, 0x0,
    0x0, 0x0, 0x0, 0x0, 0x0, 0x0, 0x0, 0x0, 0x0, 0x0, 0x0, 0x0, 0x0, 0x0, 0x0, 0x0,
    0x0, 0x0, 0x0, 0x0, 0x0, 0x0, 0x0, 0x0, 0x0, 0x0, 0x0, 0x0, 0x0, 0x0, 0x0, 0x0,
    0x0, 0x0, 0x0, 0x0, 0x0, 0x0, 0x0, 0x0, 0x0, 0x0, 0x0, 0x0, 0x0, 0x0, 0x0, 0x0,
    0x0, 0x0, 0x0, 0x0, 0x0, 0x0, 0x0, 0x0, 0x0, 0x0, 0x0, 0x0, 0x0, 0x0, 0x0, 0x0,
    0x0, 0x0, 0x0, 0x0, 0x0, 0x0, 0x0, 0x0, 0x0, 0x0, 0x0, 0x0, 0x0, 0x0, 0x0, 0x0,
    0x0, 0x0, 0x2e, 0x1, 0x2, 0x3, 0x2f, 0x4, 0x5, 0x0, 0x30, 0x31, 0x6, 0x7, 0x8, 0x32,
    0x9, 0x33, 0x34, 0xa, 0x0, 0x0, 0xb, 0x35, 0x36, 0xc, 0x0, 0x37, 0x38, 0x39, 0x0, 0x3a,
    0x2, 0x3, 0x4, 0x5, 0x0, 0x0, 0x0, 0x0, 0x0, 0x0, 0x6, 0x7, 0x8, 0x9, 0x0, 0xa,
    0x13, 0x0, 0x0, 0x0, 0x0, 0x0, 0x0, 0x0, 0x0, 0x0, 0x0, 0x0, 0x0, 0x0, 0x0, 0x0,
    0x0, 0x0, 0x0, 0x0, 0x0, 0x0, 0x0, 0x0, 0x0, 0x0, 0x0, 0x0, 0x0, 0x0, 0x0, 0x0,
    0x0, 0x0, 0x0, 0x0, 0x0, 0x0, 0x0, 0x0, 0x0, 0x0, 0x0, 0x0, 0x0, 0x0, 0x0, 0x0,
    0x3b, 0x3c, 0x3d, 0xd, 0x3e, 0x3f, 0x40, 0x41, 0x42, 0x43, 0x44, 0x45, 0x40, 0x46, 0x47, 0x48,
    0x44, 0x49, 0x4a, 0x4b, 0x4c, 0x4d, 0x0, 0x4e, 0x4f, 0x50, 0x51, 0x52, 0x53, 0x54, 0x55, 0x56,
    0x57, 0x0, 0x58, 0x0, 0x59, 0x5a, 0x5b, 0x5c, 0x0, 0x0, 0x0, 0x0, 0x0, 0x5d, 0x0, 0x0,
    0x0, 0x0, 0x0, 0x0, 0x0, 0x0, 0x0, 0x0, 0x0, 0x0, 0x0, 0x0, 0x5e, 0x0, 0x0, 0x5f,
    0x0, 0x0, 0x60, 0x0, 0x61, 0x0, 0x0, 0x0, 0x62, 0x63, 0x64, 0x65, 0xe, 0x66, 0x67, 0x68,
    0x69, 0x0, 0x0, 0x6a, 0x0, 0x0, 0x0, 0xf, 0x10, 0x11, 0x12, 0x13, 0x14, 0x15, 0x16, 0x17,
    0x6b, 0x0, 0x0, 0x6c, 0x6d, 0x0, 0x6e, 0x6f, 0x70, 0x18, 0x19, 0x71, 0x72, 0x0, 0x0, 0x0,
    0x0, 0x0, 0x0, 0x0, 0x0, 0x0, 0x0, 0x0, 0x0, 0x0, 0x0, 0x0, 0x0, 0x0, 0x0, 0x0,
    0x0, 0x0, 0x0, 0x0, 0x0, 0x0, 0x0, 0x0, 0x0, 0x0, 0x0, 0x73, 0x0, 0x0, 0x0, 0x0,
    0x0, 0x0, 0x0, 0x74, 0x0, 0x75, 0x0, 0x76, 0x0, 0x0, 0x0, 0x0, 0x0, 0x0, 0x0, 0x0,
    0x77, 0x1a, 0x1b, 0x1c, 0x78, 0x79, 0x0, 0x0, 0x0, 0x7a, 0x0, 0x0, 0x7b, 0x7c, 0x0, 0x0,
    0x0, 0x0, 0x0, 0x0, 0x0, 0x0, 0x0, 0x0, 0x0, 0x0, 0x0, 0x0, 0x0, 0x0, 0x0, 0x0,
    0x0, 0x0, 0x0, 0x0, 0x0, 0x0, 0x0, 0x0, 0x0, 0x0, 0x0, 0x0, 0x0, 0x0, 0x0, 0x0,
    0x0, 0x0, 0x0, 0x0, 0x0, 0x0, 0x0, 0x0, 0x0, 0x0, 0x0, 0x0, 0x0, 0x0, 0x0, 0x0,
    0x0, 0x0, 0x0, 0x0, 0x0, 0x0, 0x0, 0x0, 0x0, 0x0, 0x0, 0x0, 0x0, 0x0, 0x0, 0x0,
    0x0, 0x0, 0x0, 0x0, 0x0, 0x0, 0x0, 0x0, 0x0, 0x7d, 0x7e, 0x7f, 0x0, 0x0, 0x0, 0x0,
    0x80, 0x0, 0x0, 0x81, 0x82, 0x83, 0x84, 0x85, 0x0, 0x0, 0x86, 0x87, 0x0, 0x0, 0x0, 0x88,
    0x89, 0x8a, 0x8b, 0x8c, 0x8d, 0x8e, 0x8f, 0x89, 0x8a, 0x8b, 0x8c, 0x8d, 0x8e, 0x8f, 0x89, 0x8a,
    0x8b, 0x8c, 0x8d, 0x8e, 0x8f, 0x89, 0x8a, 0x8b, 0x8c, 0x8d, 0x8e, 0x8f, 0x89, 0x8a, 0x8b, 0x8c,
    0x8d, 0x8e, 0x8f, 0x89, 0x8a, 0x8b, 0x8c, 0x8d, 0x8e, 0x8f, 0x89, 0x8a, 0x8b, 0x8c, 0x8d, 0x8e,
    0x8f, 0x89, 0x8a, 0x8b, 0x8c, 0x8d, 0x8e, 0x8f, 0x89, 0x8a, 0x8b, 0x8c, 0x8d, 0x8e, 0x8f, 0x89,
    0x8a, 0x8b, 0x8c, 0x8d, 0x8e, 0x8f, 0x89, 0x8a, 0x8b, 0x8c, 0x8d, 0x8e, 0x8f, 0x89, 0x8a, 0x8b,
    0x8c, 0x8d, 0x8e, 0x8f, 0x89, 0x8a, 0x8b, 0x8c, 0x8d, 0x8e, 0x8f, 0x89, 0x8a, 0x8b, 0x8c, 0x8d,
    0x8e, 0x8f, 0x89, 0x8a, 0x8b, 0x8c, 0x8d, 0x8e, 0x8f, 0x89, 0x8a, 0x8b, 0x8c, 0x8d, 0x8e, 0x8f,
    0x89, 0x8a, 0x8b, 0x8c, 0x8d, 0x8e, 0x8f, 0x89, 0x8a, 0x8b, 0x8c, 0x8d, 0x8e, 0x8f, 0x89, 0x8a,
    0x8b, 0x8c, 0x8d, 0x8e, 0x8f, 0x89, 0x8a, 0x8b, 0x8c, 0x8d, 0x8e, 0x8f, 0x89, 0x8a, 0x8b, 0x8c,
    0x8d, 0x8e, 0x8f, 0x89, 0x8a, 0x8b, 0x8c, 0x8d, 0x8e, 0x8f, 0x89, 0x8a, 0x8b, 0x8c, 0x8d, 0x8e,
    0x8f, 0x89, 0x8a, 0x8b, 0x8c, 0x8d, 0x8e, 0x8f, 0x89, 0x8a, 0x8b, 0x8c, 0x8d, 0x8e, 0x90, 0x0,
    0x0, 0x0, 0x0, 0x0, 0x0, 0x0, 0x0, 0x0, 0x0, 0x0, 0x0, 0x0, 0x0, 0x0, 0x0, 0x0,
    0x0, 0x0, 0x0, 0x0, 0x0, 0x0, 0x0, 0x0, 0x0, 0x0, 0x0, 0x0, 0x0, 0x0, 0x0, 0x0,
    0x0, 0x0, 0x0, 0x0, 0x0, 0x0, 0x0, 0x0, 0x0, 0x0, 0x0, 0x0, 0x0, 0x0, 0x0, 0x0,
    0x0, 0x0, 0x0, 0x0, 0x0, 0x0, 0x0, 0x0, 0x0, 0x0, 0x0, 0x0, 0x0, 0x0, 0x0, 0x0,
    0x0, 0x0, 0x0, 0x0, 0x1d, 0x1e, 0x1f, 0x20, 0x21, 0x22, 0x23, 0x24, 0x91, 0x92, 0x93, 0x0,
    0x0, 0x94, 0x95, 0x96, 0x97, 0x0, 0x0, 0x0, 0x98, 0x99, 0x9a, 0x9b, 0x0, 0x0, 0x9c, 0x9d,
    0x0, 0x0, 0x0, 0x0, 0x0, 0x0, 0x0, 0x9e, 0x0, 0x0, 0x0, 0x9f, 0x0, 0xa0, 0x0, 0x0,
    0x0, 0x0, 0x0, 0x0, 0x0, 0x0, 0x0, 0xa1, 0x0, 0x0, 0x0, 0x0, 0x0, 0x0, 0x0, 0x0,
    0x0, 0x0, 0x0, 0x0, 0x0, 0x0, 0x0, 0x0, 0xa2, 0x0, 0x0, 0xa3, 0x0, 0x0, 0x0, 0x0,
    0x0, 0x0, 0x0, 0x0, 0xa4, 0xa5, 0x0, 0x0, 0x0, 0x0, 0xa6, 0xa7, 0x0, 0xa8, 0xa9, 0x0,
    0x0, 0xaa, 0xab, 0x0, 0xac, 0x84, 0x0, 0xad, 0xae, 0x0, 0x0, 0xaf, 0xb0, 0xb1, 0xb2, 0xb3,
    0x0, 0xb4, 0xb5, 0xb6, 0x0, 0x0, 0xb7, 0xb8, 0x75, 0x0, 0xb9, 0x0, 0xba, 0x0, 0x0, 0x0,
    0xbb, 0x0, 0x0, 0x0, 0xbc, 0xbd, 0x0, 0xbe, 0xbf, 0xc0, 0xc1, 0x0, 0x0, 0x0, 0x0, 0x0,
    0x75, 0x0, 0x0, 0x0, 0x0, 0xc2, 0xc3, 0x0, 0x0, 0x0, 0x0, 0x0, 0x0, 0xc4, 0x0, 0x0,
    0x0, 0x0, 0x0, 0x0, 0xc5, 0x0, 0x0, 0x0, 0x0, 0x0, 0x0, 0x0, 0x0, 0x0, 0x0, 0x0,
    0x0, 0x0, 0x0, 0x0, 0x0, 0x0, 0x0, 0x0, 0x0, 0x0, 0x0, 0x0, 0x0, 0x0, 0x0, 0x0,
    0x0, 0x0, 0x0, 0x0, 0x0, 0x0, 0x0, 0x0, 0x0, 0x0, 0x0, 0xc6, 0xc7, 0x0, 0x0, 0x0,
    0x0, 0x0, 0x0, 0x0, 0x0, 0xc8, 0x0, 0x0, 0x0, 0x0, 0x0, 0x0, 0x0, 0x0, 0x0, 0xc9,
    0x0, 0x0, 0x0, 0x0, 0x0, 0x0, 0x0, 0x0, 0x0, 0x0, 0x0, 0x0, 0x0, 0x0, 0x0, 0x0,
    0x0, 0x0, 0x0, 0x0, 0x0, 0x0, 0x0, 0x0, 0x0, 0x0, 0x0, 0x0, 0x0, 0x0, 0x0, 0x0,
    0x0, 0x0, 0x0, 0x0, 0x0, 0x0, 0x0, 0x0, 0x0, 0x0, 0x0, 0x0, 0x0, 0x0, 0x0, 0x0,
    0x0, 0x0, 0xca, 0x0, 0x0, 0x0, 0x0, 0x0, 0x0, 0x0, 0x0, 0x0, 0x0, 0x0, 0x0, 0x0,
    0x0, 0x0, 0x0, 0x0, 0x0, 0xcb, 0xcc, 0xcd, 0x0, 0xce, 0x0, 0x0, 0x0, 0x0, 0x0, 0x0,
    0x0, 0x0, 0x0, 0x0, 0x0, 0x0, 0x0, 0x0, 0x0, 0x0, 0x0, 0x0, 0x0, 0x0, 0x0, 0x0,
    0x0, 0x0, 0x0, 0x0, 0x0, 0x0, 0x0, 0x0, 0x0, 0x0, 0x0, 0x0, 0x0, 0x0, 0x0, 0x0,
    0x0, 0x0, 0x0, 0x0, 0x0, 0x0, 0x0, 0x0, 0x0, 0x0, 0x0, 0x0, 0x0, 0x0, 0x0, 0x0,
    0xcf, 0x0, 0xd0, 0x0, 0xc7, 0x0, 0x0, 0x0, 0x0, 0x0, 0xd1, 0xd2, 0x0, 0x0, 0x0, 0x0,
    0x0, 0x0, 0x0, 0xd3, 0x0, 0x0, 0x0, 0xd4, 0x0, 0x0, 0x0, 0xd5, 0x0, 0x0, 0x0, 0x0,
    0x0, 0x0, 0x0, 0xd6, 0x0, 0xd7, 0x0, 0x0, 0x0, 0x0, 0x0, 0x0, 0x0, 0x0, 0x0, 0x0,
    0x0, 0x0, 0x0, 0x0, 0x0, 0x0, 0x0, 0x0, 0x0, 0x0, 0x0, 0x0, 0x0, 0x0, 0x0, 0x0,
    0x0, 0x0, 0x0, 0x0, 0x0, 0x0, 0x0, 0x0, 0xd8, 0x0, 0x0, 0x0, 0x0, 0x0, 0x0, 0x0,
    0x0, 0x0, 0x0, 0x0, 0x0, 0x0, 0x0, 0x0, 0x0, 0x0, 0x0, 0x0, 0x0, 0x0, 0x0, 0x0,
    0x0, 0x0, 0x0, 0x0, 0x0, 0x0, 0x0, 0x0, 0x0, 0x0, 0x0, 0x0, 0x0, 0x0, 0x0, 0x0,
    0x0, 0x0, 0x0, 0x0, 0x0, 0x0, 0x0, 0x0, 0x0, 0x0, 0x0, 0x0, 0x0, 0x0, 0x0, 0x0,
    0x0, 0x0, 0x0, 0x0, 0x0, 0x0, 0x0, 0x0, 0x0, 0x0, 0x0, 0x0, 0x0, 0x0, 0x0, 0x0,
    0x0, 0x0, 0x0, 0x0, 0x0, 0x0, 0x0, 0x0, 0x0, 0x0, 0x0, 0x0, 0x0, 0x0, 0x0, 0x0,
    0x25, 0x26, 0x27, 0x28, 0x29, 0x2a, 0x2b, 0x2c, 0x2d, 0x0, 0x0, 0x0, 0x0, 0x0, 0x0, 0x0,
    0x0, 0x0, 0x0, 0x0, 0x0, 0x0, 0x0, 0x0, 0x0, 0x0, 0x0, 0x0, 0x0, 0x0, 0x0, 0x0,
    0x0, 0x0, 0x0, 0x0, 0x0, 0x0, 0x0, 0x0, 0x0, 0x0, 0x0, 0x0, 0x0, 0x0, 0x0, 0x0,
    0xb, 0xc, 0x0, 0x0, 0x0, 0x0, 0xd, 0x0, 0x0, 0x0, 0x0, 0xe, 0x0, 0xf, 0x10, 0x11,
    0x0, 0x0, 0x0, 0x0, 0x0, 0x0, 0x0, 0x0, 0x0, 0x0, 0x0, 0x0, 0x0, 0x0, 0x0, 0x12,
    0x0, 0x0, 0x0, 0x0, 0x0, 0x0, 0x0, 0x0, 0x0, 0x0, 0x0, 0x0, 0x0, 0x0, 0x0, 0x0,
};

const uint16_t burrow__norm_nfc_sparse_offset[171] = {
    0x0, 0x5, 0x9, 0xb, 0xd, 0x18, 0x28, 0x2a, 0x2f, 0x3a,
    0x49, 0x56, 0x5e, 0x63, 0x68, 0x6a, 0x6e, 0x76, 0x7d, 0x80,
    0x88, 0x8c, 0x90, 0x92, 0x94, 0x9d, 0xa1, 0xa8, 0xad, 0xb0,
    0xba, 0xbd, 0xc4, 0xcc, 0xcf, 0xd1, 0xd4, 0xd6, 0xdb, 0xec,
    0xf8, 0xfa, 0x100, 0x102, 0x104, 0x106, 0x108, 0x10a, 0x10c, 0x10f,
    0x112, 0x114, 0x117, 0x11a, 0x11e, 0x124, 0x130, 0x139, 0x13b, 0x13e,
    0x140, 0x14b, 0x14f, 0x15d, 0x160, 0x166, 0x16c, 0x177, 0x17b, 0x17d,
    0x17f, 0x181, 0x183, 0x185, 0x18b, 0x18f, 0x191, 0x193, 0x19b, 0x19f,
    0x1a2, 0x1a4, 0x1a6, 0x1a9, 0x1ac, 0x1ae, 0x1b0, 0x1b2, 0x1b4, 0x1ba,
    0x1bd, 0x1bf, 0x1c6, 0x1cc, 0x1d2, 0x1da, 0x1e0, 0x1e6, 0x1ec, 0x1f0,
    0x1fe, 0x207, 0x20a, 0x20d, 0x20f, 0x212, 0x214, 0x218, 0x21d, 0x21f,
    0x221, 0x226, 0x22c, 0x22e, 0x230, 0x232, 0x237, 0x23d, 0x240, 0x242,
    0x244, 0x246, 0x249, 0x24f, 0x253, 0x257, 0x25f, 0x266, 0x269, 0x26c,
    0x26e, 0x271, 0x279, 0x283, 0x28a, 0x28e, 0x295, 0x298, 0x29e, 0x2a0,
    0x2a3, 0x2a5, 0x2a8, 0x2ad, 0x2af, 0x2b1, 0x2b3, 0x2b5, 0x2b7, 0x2ba,
    0x2bc, 0x2be, 0x2cb, 0x2cd, 0x2cf, 0x2d5, 0x2d7, 0x2d9, 0x2e6, 0x2f0,
    0x2f2, 0x2f4, 0x2fa, 0x2fc, 0x2fe, 0x300, 0x304, 0x307, 0x30c, 0x30e,
    0x311,
};

const uint16_t burrow__norm_nfkc_values[6208] = {
    0x0, 0x0, 0x0, 0x0, 0x0, 0x0, 0x0, 0x0, 0x0, 0x0,
    0x0, 0x0, 0x0, 0x0, 0x0, 0x0, 0x0, 0x0, 0x0, 0x0,
    0x0, 0x0, 0x0, 0x0, 0x0, 0x0, 0x0, 0x0, 0x0, 0x0,
    0x0, 0x0, 0x0, 0x0, 0x0, 0x0, 0x0, 0x0, 0x0, 0x0,
    0x0, 0x0, 0x0, 0x0, 0x0, 0x0, 0x0, 0x0, 0x0, 0x0,
    0x0, 0x0, 0x0, 0x0, 0x0, 0x0, 0x0, 0x0, 0x0, 0x0,
    0xa000, 0xa000, 0xa000, 0x0, 0x0, 0xa000, 0xa000, 0xa000, 0xa000, 0xa000,
    0xa000, 0xa000, 0xa000, 0xa000, 0xa000, 0xa000, 0xa000, 0xa000, 0xa000, 0xa000,
    0xa000, 0x0, 0xa000, 0xa000, 0xa000, 0xa000, 0xa000, 0xa000, 0xa000, 0xa000,
    0xa000, 0x0, 0x0, 0x0, 0x0, 0x0, 0x0, 0xa000, 0xa000, 0xa000,
    0xa000, 0xa000, 0xa000, 0xa000, 0xa000, 0xa000, 0xa000, 0xa000, 0xa000, 0xa000,
    0xa000, 0xa000, 0xa000, 0x0, 0xa000, 0xa000, 0xa000, 0xa000, 0xa000, 0xa000,
    0xa000, 0xa000, 0xa000, 0x0, 0x0, 0x0, 0x0, 0x0, 0x0, 0x0,
    0x0, 0x0, 0x0, 0x0, 0x0, 0x0, 0x0, 0x0, 0x0, 0x0,
    0x0, 0x0, 0x0, 0x0, 0x0, 0x0, 0x0, 0x0, 0x0, 0x0,
    0x0, 0x0, 0x0, 0x0, 0x0, 0x0, 0x0, 0x0, 0x0, 0x0,
    0x0, 0x0, 0x0, 0x0, 0x0, 0x0, 0x0, 0x0, 0x0, 0x0,
    0x0, 0x0, 0x0, 0x0, 0x0, 0x0, 0x0, 0x0, 0x0, 0x0,
    0x0, 0x0, 0x0, 0x0, 0x0, 0x0, 0x0, 0x0, 0x0, 0x0,
    0x0, 0x0, 0x2ece, 0x2ed3, 0x47ff, 0x2ed8, 0x480e, 0x4813, 0xa000, 0x481d,
    0x2f41, 0x2f46, 0x4822, 0x2f5a, 0x2fcd, 0x2fd2, 0x2fd7, 0x4836, 0x0, 0x3063,
    0x3086, 0x308b, 0x4840, 0x4845, 0x4854, 0x0, 0xa000, 0x3112, 0x3117, 0x311c,
    0x4886, 0x3194, 0x0, 0x0, 0x31da, 0x31df, 0x4890, 0x31e4, 0x489f, 0x48a4,
    0xa000, 0x48ae, 0x324d, 0x3252, 0x48b3, 0x3266, 0x32de, 0x32e3, 0x32e8, 0x48c7,
    0x0, 0x3374, 0x3397, 0x339c, 0x48d1, 0x48d6, 0x48e5, 0x0, 0xa000, 0x3428,
    0x342d, 0x3432, 0x4917, 0x34af, 0x0, 0x34c8, 0x2edd, 0x31e9, 0x4804, 0x4895,
    0x2efb, 0x3207, 0x2f0f, 0x321b, 0x2f14, 0x3220, 0x2f19, 0x3225, 0x2f1e, 0x322a,
    0x2f28, 0x3234, 0x0, 0x0, 0x4827, 0x48b8, 0x2f50, 0x325c, 0x2f55, 0x3261,
    0x2f73, 0x327f, 0x2f64, 0x3270, 0x2f8c, 0x3298, 0x2f96, 0x32a2, 0x2f9b, 0x32a7,
    0x2fa5, 0x32b1, 0x2faa, 0x32b6, 0x0, 0x0, 0x2fdc, 0x32ed, 0x2fe1, 0x32f2,
    0x2fe6, 0x32f7, 0x3009, 0x3315, 0x2feb, 0x0, 0x1a8a, 0x1b17, 0x3013, 0x331f,
    0x3027, 0x3338, 0x0, 0x3031, 0x3342, 0x303b, 0x334c, 0x3036, 0x3347, 0x1cdc,
    0x1d64, 0x0, 0x0, 0x305e, 0x336f, 0x3077, 0x3388, 0x306d, 0x337e, 0x1d8c,
    0x0, 0x0, 0x484a, 0x48db, 0x3090, 0x33a1, 0x309a, 0x33ab, 0x0, 0x0,
    0x30b8, 0x33c9, 0x30d1, 0x33e2, 0x30c2, 0x33d3, 0x486d, 0x48fe, 0x30db, 0x33ec,
    0x30ea, 0x33fb, 0x4872, 0x4903, 0x3103, 0x3419, 0x30f4, 0x340a, 0x0, 0x0,
    0x487c, 0x490d, 0x4881, 0x4912, 0x3121, 0x3437, 0x312b, 0x3441, 0x3130, 0x3446,
    0x314e, 0x3464, 0x3171, 0x3487, 0x3199, 0x34b4, 0x31ad, 0x31bc, 0x34dc, 0x31c6,
    0x34e6, 0x31cb, 0x34eb, 0xa7, 0x0, 0x0, 0x0, 0x0, 0x2dd5, 0x2ddb,
    0x2de1, 0x1a9f, 0x1aa2, 0x1b38, 0x1ab7, 0x1aba, 0x1b6e, 0x2ee7, 0x31f3, 0x2ff5,
    0x3301, 0x309f, 0x33b0, 0x3135, 0x344b, 0x392e, 0x3abd, 0x3927, 0x3ab6, 0x3935,
    0x3ac4, 0x3920, 0x3aaf, 0x0, 0x380f, 0x399e, 0x3808, 0x3997, 0x3512, 0x3524,
    0x0, 0x0, 0x2fa0, 0x32ac, 0x301d, 0x332e, 0x4863, 0x48f4, 0x38ef, 0x3a7e,
    0x3536, 0x353c, 0x3324, 0x1a6f, 0x1a72, 0x1aff, 0x2f87, 0x3293, 0x0, 0x0,
    0x3059, 0x336a, 0x3816, 0x39a5, 0x350c, 0x351e, 0x3518, 0x352a, 0x2eec, 0x31f8,
    0x2ef1, 0x31fd, 0x2f69, 0x3275, 0x2f6e, 0x327a, 0x2ffa, 0x3306, 0x2fff, 0x330b,
    0x30a4, 0x33b5, 0x30a9, 0x33ba, 0x30c7, 0x33d8, 0x30cc, 0x33dd, 0x313a, 0x3450,
    0x313f, 0x3455, 0x30e5, 0x33f6, 0x30fe, 0x3414, 0x0, 0x0, 0x2fb9, 0x32c5,
    0x0, 0x0, 0x0, 0x0, 0x0, 0x0, 0x4809, 0x489a, 0x4831, 0x48c2,
    0x38be, 0x3a4d, 0x389b, 0x3a2a, 0x484f, 0x48e0, 0x38b7, 0x3a46, 0x31a3, 0x34be,
    0x0, 0x0, 0x0, 0x0, 0x0, 0x0, 0x0, 0x0, 0x0, 0x0,
    0x0, 0x0, 0x9933, 0x9933, 0x9933, 0x9933, 0x9933, 0x8133, 0x9933, 0x9933,
    0x9933, 0x9933, 0x9933, 0x9933, 0x9933, 0x8133, 0x8133, 0x9933, 0x8133, 0x9933,
    0x8133, 0x9933, 0x9933, 0x8134, 0x812e, 0x812e, 0x812e, 0x812e, 0x8134, 0x992c,
    0x812e, 0x812e, 0x812e, 0x812e, 0x812e, 0x812a, 0x812a, 0x992e, 0x992e, 0x992e,
    0x992e, 0x992a, 0x992a, 0x812e, 0x812e, 0x812e, 0x812e, 0x992e, 0x992e, 0x812e,
    0x992e, 0x992e, 0x812e, 0x812e, 0x8101, 0x8101, 0x8101, 0x8101, 0x9901, 0x812e,
    0x812e, 0x812e, 0x812e, 0x8133, 0x8133, 0x8133, 0x4b3f, 0x4b44, 0x9933, 0x4b49,
    0x4c02, 0x9937, 0x8133, 0x812e, 0x812e, 0x812e, 0x8133, 0x8133, 0x8133, 0x812e,
    0x812e, 0x0, 0x8133, 0x8133, 0x8133, 0x812e, 0x812e, 0x812e, 0x812e, 0x8133,
    0x8134, 0x812e, 0x812e, 0x8133, 0x8135, 0x8136, 0x8136, 0x8135, 0x8136, 0x8136,
    0x8135, 0x8133, 0x8133, 0x8133, 0x8133, 0x8133, 0x8133, 0x8133, 0x8133, 0x8133,
    0x8133, 0x8133, 0x8133, 0x8133, 0x0, 0x0, 0x0, 0x0, 0x1ee, 0x0,
    0x0, 0x0, 0x0, 0x0, 0x43a4, 0x0, 0x0, 0x0, 0x37, 0x0,
    0x0, 0x0, 0x0, 0x0, 0x4359, 0x457a, 0x3548, 0xce, 0x3566, 0x3572,
    0x3584, 0x0, 0x35a2, 0x0, 0x35b4, 0x35d2, 0x3d67, 0xa000, 0x0, 0x0,
    0x0, 0xa000, 0x0, 0xa000, 0x0, 0xa000, 0x0, 0x0, 0x0, 0x0,
    0x0, 0xa000, 0x0, 0xa000, 0x0, 0x0, 0x0, 0xa000, 0x0, 0x0,
    0x0, 0xa000, 0x3596, 0x35c6, 0x4975, 0x35f6, 0x499f, 0x3608, 0x3dcf, 0xa000,
    0x0, 0x0, 0x0, 0xa000, 0x0, 0xa000, 0x0, 0xa000, 0x0, 0x0,
    0x0, 0x0, 0x0, 0xa000, 0x0, 0xa000, 0x0, 0x0, 0x0, 0xa000,
    0x0, 0x0, 0x0, 0xa000, 0x49b7, 0x49d5, 0x3626, 0x363e, 0x49ed, 0x0,
    0x242, 0x254, 0x230, 0x440b, 0x4411, 0x27e, 0x26c, 0x0, 0x0, 0x0,
    0x0, 0x0, 0x0, 0x0, 0x0, 0x0, 0x0, 0x0, 0x0, 0x0,
    0x0, 0x0, 0x0, 0x0, 0x0, 0x0, 0x0, 0x0, 0x0, 0x0,
    0x0, 0x0, 0x25a, 0x26f, 0x272, 0x0, 0x20c, 0x24b, 0x0, 0x0,
    0x0, 0x22a, 0x0, 0x0, 0x0, 0x0, 0x0, 0x0, 0x3680, 0x368c,
    0x0, 0x367a, 0x0, 0x0, 0xa000, 0x3668, 0x0, 0x0, 0x0, 0x0,
    0x36bc, 0x36a4, 0x36ce, 0x0, 0xa000, 0x0, 0x0, 0xa000, 0x0, 0xa000,
    0xa000, 0xa000, 0xa000, 0x36b0, 0xa000, 0x0, 0x0, 0x0, 0xa000, 0x0,
    0x0, 0x0, 0x0, 0xa000, 0x0, 0x0, 0x0, 0xa000, 0x0, 0x0,
    0x0, 0xa000, 0x0, 0xa000, 0x0, 0x0, 0xa000, 0x0, 0x0, 0xa000,
    0x0, 0xa000, 0xa000, 0xa000, 0xa000, 0x3734, 0xa000, 0x0, 0x0, 0x0,
    0xa000, 0x0, 0x0, 0x3692, 0x3716, 0x0, 0x0, 0x0, 0x0, 0x0,
    0x0, 0x0, 0x0, 0x0, 0x0, 0x0, 0x0, 0x0, 0x366e, 0x36f2,
    0x3674, 0x36f8, 0x0, 0x0, 0x3686, 0x370a, 0xa000, 0xa000, 0x3788, 0x378e,
    0x3698, 0x371c, 0x369e, 0x3722, 0x0, 0x0, 0x36aa, 0x372e, 0x36b6, 0x373a,
    0x36c2, 0x3746, 0xa000, 0xa000, 0x3794, 0x379a, 0x36ec, 0x3770, 0x36c8, 0x374c,
    0x36d4, 0x3758, 0x36da, 0x375e, 0x36e0, 0x3764, 0x0, 0x0, 0x36e6, 0x376a,
    0x0, 0x0, 0x0, 0x0, 0x0, 0x0, 0x0, 0x0, 0x0, 0x0,
    0x0, 0x0, 0x0, 0x1e91, 0x0, 0x0, 0x0, 0x0, 0x0, 0x0,
    0x0, 0x0, 0x0, 0x812e, 0x8133, 0x8133, 0x8133, 0x8133, 0x812e, 0x8133,
    0x8133, 0x8133, 0x812f, 0x812e, 0x8133, 0x8133, 0x8133, 0x8133, 0x8133, 0x8133,
    0x812e, 0x812e, 0x812e, 0x812e, 0x812e, 0x812e, 0x8133, 0x8133, 0x812e, 0x8133,
    0x8133, 0x812f, 0x8132, 0x8133, 0x8106, 0x8107, 0x8108, 0x8109, 0x810a, 0x810b,
    0x810c, 0x810d, 0x810e, 0x810f, 0x810f, 0x8110, 0x8111, 0x8112, 0x0, 0x8113,
    0x0, 0x0, 0x0, 0x0, 0x0, 0x0, 0x0, 0x0, 0xa000, 0x0,
    0xa000, 0x8117, 0x8118, 0x8119, 0x811a, 0x811b, 0x811c, 0x811d, 0x811e, 0x9933,
    0x9933, 0x992e, 0x812e, 0x8133, 0x8133, 0x8133, 0x8133, 0x8133, 0x812e, 0x8133,
    0x8133, 0x812e, 0x0, 0x0, 0x0, 0x0, 0x0, 0x0, 0x0, 0x0,
    0x0, 0x0, 0x0, 0x0, 0x0, 0x0, 0x0, 0x0, 0x811f, 0x0,
    0x0, 0x0, 0x0, 0x1eb4, 0x2143, 0x217f, 0x217a, 0x0, 0x0, 0x0,
    0x0, 0x0, 0x0, 0x0, 0x0, 0x0, 0x0, 0x0, 0x0, 0x0,
    0x0, 0x0, 0x0, 0x0, 0x8133, 0x8133, 0x8133, 0x8133, 0x8133, 0x812e,
    0x812e, 0x812e, 0x812e, 0x812e, 0x8133, 0x8133, 0x8133, 0x8133, 0x8133, 0x8133,
    0x8133, 0x8133, 0x8133, 0x8133, 0x8133, 0x8133, 0x8133, 0x8133, 0x0, 0x812e,
    0x8133, 0x8133, 0x812e, 0x8133, 0x8133, 0x812e, 0x8133, 0x8133, 0x8133, 0x812e,
    0x812e, 0x812e, 0x8117, 0x8118, 0x8119, 0x8133, 0x8133, 0x8133, 0x812e, 0x8133,
    0x8133, 0x812e, 0x812e, 0x8133, 0x8133, 0x8133, 0x8133, 0x8133, 0x0, 0x0,
    0x0, 0x0, 0x0, 0xa000, 0x3ee7, 0xa000, 0x3eef, 0xa000, 0x3ef7, 0xa000,
    0x3eff, 0xa000, 0x3f07, 0x0, 0x0, 0xa000, 0x3f0f, 0x0, 0x0, 0x0,
    0x0, 0x0, 0x0, 0x0, 0x0, 0x0, 0x0, 0x0, 0x0, 0x0,
    0x0, 0x0, 0x0, 0x0, 0x0, 0x0, 0x0, 0x0, 0x0, 0x0,
    0x0, 0x0, 0x0, 0x0, 0x0, 0x0, 0x0, 0x0, 0x0, 0x0,
    0x8103, 0x9900, 0x0, 0x0, 0x0, 0x0, 0xa000, 0x3f17, 0xa000, 0x3f1f,
    0xa000, 0xa000, 0x69, 0x6b, 0x6f, 0x83, 0x104, 0x107, 0x506, 0x85,
    0x89, 0x8b, 0x11f, 0x122, 0x125, 0x8f, 0x0, 0x97, 0x9b, 0xe6,
    0x9f, 0x110, 0x50a, 0x50e, 0xa1, 0xa9, 0xab, 0x516, 0x15b, 0xad,
    0x51a, 0x242, 0x245, 0x248, 0x27e, 0x281, 0x93, 0xa5, 0xab, 0xad,
    0x242, 0x245, 0x26f, 0x27e, 0x281, 0x0, 0x0, 0x0, 0x0, 0x0,
    0x0, 0x0, 0x0, 0x0, 0x0, 0x0, 0x0, 0x0, 0x2b4, 0x0,
    0x0, 0x0, 0x0, 0x0, 0x0, 0x0, 0x0, 0x0, 0x0, 0x0,
    0x0, 0x0, 0x0, 0x0, 0x0, 0x0, 0x0, 0x0, 0x0, 0x0,
    0x0, 0x0, 0x0, 0x0, 0x0, 0x0, 0x0, 0x0, 0x0, 0x0,
    0x0, 0x0, 0x0, 0x10a, 0x87, 0x113, 0xd7, 0x125, 0x8d, 0x12b,
    0x131, 0x13d, 0x146, 0x149, 0x14c, 0x51e, 0x1c7, 0x155, 0x522, 0x1ca,
    0x161, 0x15e, 0x164, 0x167, 0x16a, 0x16d, 0x176, 0x18e, 0x191, 0xf2,
    0x19a, 0x19d, 0x512, 0x1a0, 0x1a3, 0xb5, 0x1af, 0x1b2, 0x1b5, 0x254,
    0x8133, 0x8133, 0x812e, 0x8133, 0x8133, 0x8133, 0x8133, 0x8133, 0x8133, 0x8133,
    0x812e, 0x8133, 0x8133, 0x8136, 0x812b, 0x812e, 0x812a, 0x8133, 0x8133, 0x8133,
    0x8133, 0x8133, 0x8133, 0x8133, 0x8133, 0x8133, 0x8133, 0x8133, 0x8133, 0x8133,
    0x8133, 0x8133, 0x8133, 0x8133, 0x8133, 0x8133, 0x8133, 0x8133, 0x8133, 0x8133,
    0x8133, 0x8133, 0x8133, 0x8133, 0x8133, 0x8133, 0x8133, 0x8133, 0x8133, 0x8133,
    0x8133, 0x8133, 0x8133, 0x8133, 0x8134, 0x8132, 0x8132, 0x812e, 0x812d, 0x8133,
    0x8135, 0x812e, 0x8133, 0x812e, 0x2ef6, 0x3202, 0x2f00, 0x320c, 0x2f05, 0x3211,
    0x2f0a, 0x3216, 0x382b, 0x39ba, 0x2f23, 0x322f, 0x2f2d, 0x3239, 0x2f3c, 0x3248,
    0x2f32, 0x323e, 0x2f37, 0x3243, 0x384e, 0x39dd, 0x3855, 0x39e4, 0x2f78, 0x3284,
    0x2f7d, 0x3289, 0x3863, 0x39f2, 0x2f82, 0x328e, 0x2f91, 0x329d, 0x2faf, 0x32bb,
    0x2fbe, 0x32ca, 0x2fb4, 0x32c0, 0x2fc3, 0x32cf, 0x2fc8, 0x32d4, 0x300e, 0x331a,
    0x386a, 0x39f9, 0x3018, 0x3329, 0x3022, 0x3333, 0x302c, 0x333d, 0x483b, 0x48cc,
    0x3871, 0x3a00, 0x3045, 0x3356, 0x3040, 0x3351, 0x304a, 0x335b, 0x304f, 0x3360,
    0x3054, 0x3365, 0x3068, 0x3379, 0x3072, 0x3383, 0x3081, 0x3392, 0x307c, 0x338d,
    0x3894, 0x3a23, 0x38a2, 0x3a31, 0x38a9, 0x3a38, 0x38b0, 0x3a3f, 0x30ae, 0x33bf,
    0x30b3, 0x33c4, 0x30bd, 0x33ce, 0x4868, 0x48f9, 0x38f6, 0x3a85, 0x30d6, 0x33e7,
    0x30e0, 0x33f1, 0x4877, 0x4908, 0x38fd, 0x3a8c, 0x3904, 0x3a93, 0x390b, 0x3a9a,
    0x30ef, 0x3400, 0x30f9, 0x340f, 0x310d, 0x3423, 0x3108, 0x341e, 0x3149, 0x345f,
    0x3158, 0x346e, 0x3153, 0x3469, 0x3912, 0x3aa1, 0x3919, 0x3aa8, 0x315d, 0x3473,
    0x3162, 0x3478, 0x3167, 0x347d, 0x316c, 0x3482, 0x317b, 0x3491, 0x3176, 0x348c,
    0x3180, 0x349b, 0x3185, 0x34a0, 0x318a, 0x34a5, 0x31a8, 0x34c3, 0x31c1, 0x34e1,
    0x31d0, 0x34f0, 0x31d5, 0x34f5, 0x32d9, 0x3405, 0x3496, 0x34d2, 0x1d10, 0x43d6,
    0x0, 0x0, 0x0, 0x0, 0x4818, 0x48a9, 0x2ee2, 0x31ee, 0x37d7, 0x3966,
    0x37d0, 0x395f, 0x37e5, 0x3974, 0x37de, 0x396d, 0x381d, 0x39ac, 0x37f3, 0x3982,
    0x37ec, 0x397b, 0x3801, 0x3990, 0x37fa, 0x3989, 0x3824, 0x39b3, 0x482c, 0x48bd,
    0x2f5f, 0x326b, 0x2f4b, 0x3257, 0x3839, 0x39c8, 0x3832, 0x39c1, 0x3847, 0x39d6,
    0x3840, 0x39cf, 0x385c, 0x39eb, 0x2ff0, 0x32fc, 0x3004, 0x3310, 0x485e, 0x48ef,
    0x3095, 0x33a6, 0x387f, 0x3a0e, 0x3878, 0x3a07, 0x388d, 0x3a1c, 0x3886, 0x3a15,
    0x38e8, 0x3a77, 0x38cc, 0x3a5b, 0x38c5, 0x3a54, 0x38da, 0x3a69, 0x38d3, 0x3a62,
    0x38e1, 0x3a70, 0x3144, 0x345a, 0x3126, 0x343c, 0x3943, 0x3ad2, 0x393c, 0x3acb,
    0x3951, 0x3ae0, 0x394a, 0x3ad9, 0x3958, 0x3ae7, 0x318f, 0x34aa, 0x31b7, 0x34d7,
    0x31b2, 0x34cd, 0x319e, 0x34b9, 0x0, 0x0, 0x0, 0x0, 0x0, 0x0,
    0x497b, 0x4981, 0x4a95, 0x4aad, 0x4a9d, 0x4ab5, 0x4aa5, 0x4abd, 0x4921, 0x4927,
    0x4a05, 0x4a1d, 0x4a0d, 0x4a25, 0x4a15, 0x4a2d, 0x498d, 0x4993, 0x3d17, 0x3d27,
    0x3d1f, 0x3d2f, 0x0, 0x0, 0x492d, 0x4933, 0x3c47, 0x3c57, 0x3c4f, 0x3c5f,
    0x0, 0x0, 0x49a5, 0x49ab, 0x4ac5, 0x4add, 0x4acd, 0x4ae5, 0x4ad5, 0x4aed,
    0x4939, 0x493f, 0x4a35, 0x4a4d, 0x4a3d, 0x4a55, 0x4a45, 0x4a5d, 0x49bd, 0x49c3,
    0x3d77, 0x3d8f, 0x3d7f, 0x3d97, 0x3d87, 0x3d9f, 0x4945, 0x494b, 0x3c77, 0x3c8f,
    0x3c7f, 0x3c97, 0x3c87, 0x3c9f, 0x49c9, 0x49cf, 0x3da7, 0x3db7, 0x3daf, 0x3dbf,
    0x0, 0x0, 0x4951, 0x4957, 0x3ca7, 0x3cb7, 0x3caf, 0x3cbf, 0x0, 0x0,
    0x49db, 0x49e1, 0x3ddf, 0x3df7, 0x3de7, 0x3dff, 0x3def, 0x3e07, 0x0, 0x495d,
    0x0, 0x3cc7, 0x0, 0x3ccf, 0x0, 0x3cd7, 0x49f3, 0x49f9, 0x4af5, 0x4b0d,
    0x4afd, 0x4b15, 0x4b05, 0x4b1d, 0x4963, 0x4969, 0x4a65, 0x4a7d, 0x4a6d, 0x4a85,
    0x4a75, 0x4a8d, 0x496f, 0x441d, 0x35f0, 0x4423, 0x4999, 0x4429, 0x3602, 0x442f,
    0x3620, 0x4435, 0x3638, 0x443b, 0x49e7, 0x4441, 0x0, 0x0, 0x3cff, 0x3d07,
    0x41d3, 0x41f1, 0x41dd, 0x41fb, 0x41e7, 0x4205, 0x3c37, 0x3c3f, 0x411f, 0x413d,
    0x4129, 0x4147, 0x4133, 0x4151, 0x3d47, 0x3d4f, 0x420f, 0x422d, 0x4219, 0x4237,
    0x4223, 0x4241, 0x3c67, 0x3c6f, 0x415b, 0x4179, 0x4165, 0x4183, 0x416f, 0x418d,
    0x3e1f, 0x3e27, 0x424b, 0x4269, 0x4255, 0x4273, 0x425f, 0x427d, 0x3cdf, 0x3ce7,
    0x4197, 0x41b5, 0x41a1, 0x41bf, 0x41ab, 0x41c9, 0x35e4, 0x35de, 0x3cef, 0x35ea,
    0x3cf7, 0x0, 0x4987, 0x3d0f, 0x3554, 0x354e, 0x3542, 0x43ed, 0x355a, 0x4386,
    0x257, 0x4386, 0x439f, 0x4581, 0x3d37, 0x35fc, 0x3d3f, 0x0, 0x49b1, 0x3d57,
    0x3560, 0x43f3, 0x356c, 0x43f9, 0x3578, 0x4588, 0x458f, 0x4596, 0x3614, 0x360e,
    0x3d5f, 0x45e3, 0x0, 0x0, 0x361a, 0x3d6f, 0x3590, 0x358a, 0x357e, 0x43ff,
    0x0, 0x459d, 0x45a4, 0x45ab, 0x364a, 0x3644, 0x3dc7, 0x45eb, 0x362c, 0x3632,
    0x3650, 0x3dd7, 0x35c0, 0x35ba, 0x35ae, 0x440b, 0x35a8, 0x4573, 0x457a, 0x81,
    0x0, 0x0, 0x3e0f, 0x3656, 0x3e17, 0x0, 0x49ff, 0x3e2f, 0x359c, 0x4405,
    0x35cc, 0x4417, 0x35d8, 0x4359, 0x438b, 0x0, 0x1d08, 0x1d0c, 0x47, 0x1d84,
    0x0, 0x1d18, 0x1d1c, 0xef, 0x0, 0x1d88, 0x8f, 0x51, 0x51, 0x51,
    0x91, 0xe0, 0x53, 0x53, 0x59, 0x99, 0x0, 0x5d, 0x1abd, 0x0,
    0x0, 0x61, 0x63, 0x65, 0x65, 0x65, 0x0, 0x0, 0x1acf, 0x1cf8,
    0x1ad8, 0x0, 0x75, 0x0, 0x23c, 0x0, 0x75, 0x0, 0x57, 0x43d1,
    0x45, 0x47, 0x0, 0x8b, 0x4b, 0x4d, 0x0, 0x5b, 0x9f, 0x308,
    0x30b, 0x30e, 0x311, 0x93, 0x0, 0x1cc8, 0x26c, 0x245, 0x1fd, 0x224,
    0x55a, 0x0, 0x0, 0x0, 0x0, 0x49, 0x89, 0x8b, 0x93, 0x95,
    0x0, 0x0, 0x0, 0x0, 0x0, 0x0, 0x235e, 0x236a, 0x241e, 0x2346,
    0x23ca, 0x2352, 0x23d0, 0x23e8, 0x23f4, 0x2358, 0x23fa, 0x2364, 0x23ee, 0x2400,
    0x2406, 0x1dec, 0x53, 0x1a87, 0x1cd4, 0x1a90, 0x6d, 0x1adb, 0x1d00, 0x1e78,
    0x1a93, 0x71, 0x1ae7, 0x1d04, 0x59, 0x47, 0x49, 0x5b, 0x93, 0x1b14,
    0x1d48, 0x1b1d, 0xad, 0x1b92, 0x1d7c, 0x1e8c, 0x1b20, 0xb1, 0x1b95, 0x1d80,
    0x99, 0x87, 0x89, 0x9b, 0x0, 0x3b65, 0x0, 0xa000, 0x3b6c, 0xa000,
    0x0, 0x3b73, 0xa000, 0x3b7a, 0x0, 0x0, 0x0, 0xa000, 0x0, 0x0,
    0x0, 0x0, 0x0, 0x0, 0x0, 0x0, 0x0, 0x0, 0x0, 0x0,
    0x0, 0x0, 0x0, 0x0, 0x0, 0x0, 0x2ec4, 0xa000, 0x3b88, 0x0,
    0xa000, 0xa000, 0x0, 0x0, 0x0, 0x0, 0x0, 0x0, 0x0, 0x3b81,
    0x2ebf, 0x2ec9, 0x3b8f, 0x3b96, 0xa000, 0xa000, 0x3b9d, 0x3ba4, 0xa000, 0xa000,
    0x3bab, 0x3bb2, 0xa000, 0xa000, 0xa000, 0xa000, 0x0, 0x0, 0x3bb9, 0x3bc0,
    0xa000, 0xa000, 0x3bd5, 0x3bdc, 0xa000, 0xa000, 0x3be3, 0x3bea, 0x0, 0x0,
    0x0, 0x0, 0x0, 0x0, 0x0, 0xa000, 0xa000, 0x0, 0x0, 0x0,
    0x0, 0x0, 0x0, 0x0, 0x0, 0x0, 0x0, 0x0, 0x0, 0x0,
    0x0, 0x0, 0xa000, 0x0, 0x0, 0x0, 0x0, 0x0, 0xa000, 0xa000,
    0x0, 0xa000, 0x3bff, 0x3c06, 0x3c0d, 0x3c14, 0x0, 0x0, 0xa000, 0xa000,
    0xa000, 0xa000, 0x0, 0x0, 0x0, 0x0, 0x0, 0x0, 0x0, 0x0,
    0x0, 0x0, 0x0, 0x0, 0x0, 0x0, 0x0, 0x0, 0x0, 0x0,
    0x0, 0x0, 0x0, 0x0, 0x0, 0x0, 0x0, 0x0, 0x0, 0x0,
    0x0, 0x0, 0x0, 0x0, 0x0, 0x0, 0x0, 0x0, 0x0, 0x0,
    0x0, 0x0, 0x0, 0x0, 0x23, 0x25, 0x27, 0x29, 0x2b, 0x2d,
    0x2f, 0x31, 0x33, 0x19af, 0x19b2, 0x19b5, 0x19b8, 0x19bb, 0x19be, 0x19c1,
    0x19c4, 0x19c7, 0x19ca, 0x19d3, 0x1b98, 0x1b9c, 0x1ba0, 0x1ba4, 0x1ba8, 0x1bac,
    0x1bb0, 0x1bb4, 0x1bb8, 0x1db0, 0x1db5, 0x1dba, 0x1dbf, 0x1dc4, 0x1dc9, 0x1dce,
    0x1dd3, 0x1dd8, 0x1ddd, 0x1de2, 0x19ac, 0x19d0, 0x19f4, 0x1a18, 0x1a3c, 0x1a45,
    0x1a4b, 0x1a51, 0x1a57, 0x1c90, 0x1c94, 0x1c98, 0x1c9c, 0x1ca0, 0x1ca4, 0x1ca8,
    0x1cac, 0x1cb0, 0x1cb4, 0x1cb8, 0x1c24, 0x1c28, 0x1c2c, 0x1c30, 0x1c34, 0x1c38,
    0x1c3c, 0x1c40, 0x1c44, 0x1c48, 0x1c4c, 0x1c50, 0x1c54, 0x1c58, 0x1c5c, 0x1c60,
    0x1c64, 0x1c68, 0x1c6c, 0x1c70, 0x1c74, 0x1c78, 0x1c7c, 0x1c80, 0x1c84, 0x1c88,
    0x43, 0x45, 0x47, 0x49, 0x4b, 0x4d, 0x4f, 0x51, 0x53, 0x55,
    0x7ba, 0x7de, 0x7ea, 0x7fa, 0x802, 0x80e, 0x816, 0x81e, 0x82a, 0x87e,
    0x896, 0x8a6, 0x8b6, 0x8c6, 0x8d6, 0x8f6, 0x8fa, 0x8fe, 0x932, 0x95a,
    0x96a, 0x972, 0x976, 0x982, 0x99e, 0x9a2, 0x9ba, 0x9be, 0x9c6, 0x9d6,
    0xa72, 0xa86, 0xac6, 0xada, 0xae2, 0xae6, 0xaf6, 0xb12, 0xb3e, 0xb4a,
    0xb6a, 0xb76, 0xb7a, 0xb7e, 0xb96, 0xb9a, 0xbc6, 0xbd2, 0xbda, 0xbe2,
    0xbf2, 0xbfa, 0xc02, 0xc2e, 0xc32, 0xc3a, 0xc3e, 0xc46, 0xc4e, 0xc5e,
    0xc7a, 0xcf2, 0xd06, 0xd0a, 0xd8a, 0xd8e, 0xda2, 0xda6, 0xdae, 0xdb6,
    0xdbe, 0xdca, 0xdf2, 0xe02, 0xe16, 0xe86, 0xe92, 0xea2, 0xeae, 0xeba,
    0xec2, 0xec6, 0xeca, 0xece, 0xed2, 0xf8a, 0xfd2, 0xfde, 0xfe2, 0xfe6,
    0xfea, 0xff2, 0xff6, 0x100a, 0x1026, 0x102e, 0x106e, 0x1072, 0x107a, 0x107e,
    0x1086, 0x108a, 0x10ae, 0x10b2, 0x10ce, 0x10d2, 0x10d6, 0x10da, 0x10ee, 0x1112,
    0x1116, 0x111a, 0x113e, 0x117e, 0x1182, 0x11a2, 0x11b2, 0x11ba, 0x11da, 0x11fe,
    0x1242, 0x124a, 0x125e, 0x126a, 0x1272, 0x127a, 0x127e, 0x1282, 0x129a, 0x129e,
    0x12ba, 0x12c2, 0x12ca, 0x12ce, 0x12da, 0x12e2, 0x12e6, 0x12ea, 0x12f2, 0x12f6,
    0x1396, 0x13aa, 0x13de, 0x13e2, 0x13ea, 0x1416, 0x141e, 0x1426, 0x142e, 0x146a,
    0x146e, 0x1476, 0x147a, 0x147e, 0x14aa, 0x14ae, 0x14b6, 0x14ca, 0x14ce, 0x14ea,
    0x14f2, 0x14f6, 0x151a, 0x153a, 0x154e, 0x1552, 0x155a, 0x1586, 0x158a, 0x159a,
    0x15be, 0x15ca, 0x15da, 0x15f2, 0x15fa, 0x15fe, 0x1602, 0x1606, 0x1612, 0x1616,
    0x161e, 0x163a, 0x163e, 0x1642, 0x165a, 0x165e, 0x1666, 0x167a, 0x167e, 0x1682,
    0x168a, 0x168e, 0x0, 0x0, 0x0, 0x0, 0x0, 0x0, 0xa000, 0x0,
    0x0, 0x0, 0x0, 0xa000, 0x3f47, 0xa000, 0x3f4f, 0xa000, 0x3f57, 0xa000,
    0x3f5f, 0xa000, 0x3f67, 0xa000, 0x3f6f, 0xa000, 0x3f77, 0xa000, 0x3f7f, 0xa000,
    0x3f87, 0xa000, 0x3f8f, 0xa000, 0x3f97, 0xa000, 0x3f9f, 0x0, 0xa000, 0x3fa7,
    0xa000, 0x3faf, 0xa000, 0x3fb7, 0x0, 0x0, 0x0, 0x0, 0x0, 0xa000,
    0x3fbf, 0x3fc7, 0xa000, 0x3fcf, 0x3fd7, 0xa000, 0x3fdf, 0x3fe7, 0xa000, 0x3fef,
    0x3ff7, 0xa000, 0x3fff, 0x4007, 0x0, 0x0, 0x0, 0x0, 0x0, 0x0,
    0x0, 0x0, 0x0, 0x0, 0x0, 0x0, 0x0, 0x0, 0x0, 0x0,
    0x0, 0x0, 0x0, 0x0, 0x0, 0x0, 0x3f3f, 0x0, 0x0, 0x0,
    0x0, 0x9904, 0x9904, 0x43db, 0x43e1, 0xa000, 0x400f, 0x27e4, 0x0, 0x0,
    0x0, 0x0, 0x0, 0x0, 0xa000, 0x0, 0x0, 0x0, 0x0, 0xa000,
    0x401f, 0xa000, 0x4027, 0xa000, 0x402f, 0xa000, 0x4037, 0xa000, 0x403f, 0xa000,
    0x4047, 0xa000, 0x404f, 0xa000, 0x4057, 0xa000, 0x405f, 0xa000, 0x4067, 0xa000,
    0x406f, 0xa000, 0x4077, 0x0, 0xa000, 0x407f, 0xa000, 0x4087, 0xa000, 0x408f,
    0x0, 0x0, 0x0, 0x0, 0x0, 0xa000, 0x4097, 0x409f, 0xa000, 0x40a7,
    0x40af, 0xa000, 0x40b7, 0x40bf, 0xa000, 0x40c7, 0x40cf, 0xa000, 0x40d7, 0x40df,
    0x0, 0x0, 0x0, 0x0, 0x0, 0x0, 0x0, 0x0, 0x0, 0x0,
    0x0, 0x0, 0x0, 0x0, 0x0, 0x0, 0x0, 0xa000, 0xa000, 0xa000,
    0xa000, 0x0, 0x4017, 0x0, 0x0, 0x40e7, 0x40ef, 0x40f7, 0x40ff, 0x0,
    0x0, 0xa000, 0x4107, 0x27f9, 0x45a, 0x41e, 0x422, 0x426, 0x46e, 0x42a,
    0x42e, 0x432, 0x436, 0x43a, 0x43e, 0x442, 0x446, 0x44a, 0x44e, 0x4b4e,
    0x4b54, 0x4b5a, 0x4b60, 0x4b66, 0x4b6c, 0x4b72, 0x4b78, 0x4b7e, 0x4b84, 0x4b8a,
    0x4b90, 0x4b96, 0x4b9c, 0x4ba2, 0x4ba8, 0x4bae, 0x4bb4, 0x4bba, 0x4bc0, 0x4bc6,
    0x4b6, 0x452, 0x456, 0x4da, 0x4de, 0x4e2, 0x4e6, 0x4ea, 0x4ee, 0x4f2,
    0x45e, 0x4f6, 0x4fa, 0x462, 0x466, 0x46a, 0x472, 0x476, 0x47a, 0x47e,
    0x482, 0x486, 0x48a, 0x48e, 0x492, 0x496, 0x49a, 0x49e, 0x4a2, 0x4a6,
    0x4fe, 0x502, 0x4aa, 0x4ae, 0x4b2, 0x4ba, 0x4be, 0x4c2, 0x4c6, 0x4ca,
    0x4ce, 0x4d2, 0x4d6, 0x0, 0x0, 0x0, 0x7ba, 0x816, 0x7c6, 0xa76,
    0x7ca, 0x7e2, 0x7ce, 0x108e, 0x802, 0x7d6, 0x7be, 0xafa, 0xa8a, 0x82a,
    0x0, 0x0, 0x0, 0x0, 0x0, 0x0, 0x0, 0x0, 0x0, 0x0,
    0x0, 0x0, 0x0, 0x0, 0x0, 0x0, 0x0, 0x0, 0x0, 0x0,
    0x0, 0x0, 0x0, 0x0, 0x0, 0x0, 0x0, 0x0, 0x0, 0x0,
    0x0, 0x0, 0x2184, 0x218a, 0x2190, 0x2196, 0x219c, 0x21a2, 0x21a8, 0x21ae,
    0x21b4, 0x21ba, 0x21c0, 0x21c6, 0x21cc, 0x21d2, 0x285d, 0x2866, 0x286f, 0x2878,
    0x2881, 0x288a, 0x2893, 0x289c, 0x28a5, 0x28b7, 0x28c0, 0x28c9, 0x28d2, 0x28db,
    0x28ae, 0x2ce3, 0x2c24, 0x0, 0x21d8, 0x21f0, 0x21e4, 0x2238, 0x21f6, 0x2214,
    0x21de, 0x220e, 0x21ea, 0x2220, 0x2250, 0x226e, 0x2268, 0x225c, 0x22aa, 0x223e,
    0x224a, 0x2262, 0x2256, 0x2280, 0x222c, 0x2274, 0x229e, 0x2286, 0x221a, 0x21fc,
    0x2232, 0x2244, 0x227a, 0x2202, 0x22a4, 0x2226, 0x228c, 0x2208, 0x2292, 0x2298,
    0xa2a, 0xbfe, 0xda2, 0x11c2, 0x0, 0x0, 0x0, 0x0, 0x0, 0x0,
    0x0, 0x0, 0x1cf4, 0x19d6, 0x19d9, 0x19dc, 0x19df, 0x19e2, 0x19e5, 0x19e8,
    0x19eb, 0x19ee, 0x19f7, 0x19fa, 0x19fd, 0x1a00, 0x1a03, 0x1a06, 0x406, 0x40e,
    0x412, 0x41a, 0x41e, 0x422, 0x42a, 0x432, 0x436, 0x43e, 0x442, 0x446,
    0x44a, 0x44e, 0x46c3, 0x46cb, 0x46d3, 0x46db, 0x46e3, 0x46eb, 0x46f3, 0x46fb,
    0x470b, 0x4713, 0x471b, 0x4723, 0x472b, 0x4733, 0x2e42, 0x2e0a, 0x4703, 0x0,
    0x7ba, 0x816, 0x7c6, 0xa76, 0x81a, 0x8aa, 0x7c2, 0x8a6, 0x806, 0x982,
    0xe02, 0xf8a, 0xed2, 0xe16, 0x155a, 0xa86, 0xdca, 0xe46, 0xe06, 0x1146,
    0x9f6, 0xffe, 0x1482, 0x115a, 0x93e, 0x118a, 0x1096, 0xb12, 0x150a, 0x87a,
    0x9a6, 0xef2, 0x1622, 0x83e, 0x8ce, 0xe96, 0x7ca, 0x7e2, 0x7ce, 0xbd6,
    0x9ea, 0x97a, 0xb52, 0xb46, 0x10e6, 0x83a, 0x1496, 0x996, 0xaee, 0x1a09,
    0x1a0c, 0x1a0f, 0x1a12, 0x1a1b, 0x1a1e, 0x1a21, 0x1a24, 0x1a27, 0x1a2a, 0x1a2d,
    0x1a30, 0x1a33, 0x1a36, 0x1a3f, 0x1df6, 0x1e05, 0x1e14, 0x1e23, 0x1e32, 0x1e41,
    0x1e50, 0x1e5f, 0x1e6e, 0x22bc, 0x22ce, 0x22e0, 0x1a81, 0x1d34, 0x1b02, 0x1cd8,
    0x5c6, 0x5ce, 0x5d6, 0x5de, 0x5e6, 0x5ea, 0x5ee, 0x5f2, 0x5f6, 0x5fa,
    0x5fe, 0x602, 0x606, 0x60a, 0x60e, 0x612, 0x616, 0x61e, 0x622, 0x626,
    0x62a, 0x62e, 0x632, 0x636, 0x63a, 0x63e, 0x642, 0x646, 0x64a, 0x64e,
    0x652, 0x656, 0x65a, 0x65e, 0x662, 0x66a, 0x672, 0x67a, 0x67e, 0x682,
    0x686, 0x68a, 0x68e, 0x692, 0x696, 0x69a, 0x69e, 0x282a, 0x2c43, 0x2adf,
    0x2c53, 0x29b7, 0x2e53, 0x29c1, 0x29cb, 0x2e97, 0x2aec, 0x29d5, 0x29df, 0x29e9,
    0x2b13, 0x2b20, 0x2af9, 0x2b06, 0x2e18, 0x2b2d, 0x2b3a, 0x2cf5, 0x27eb, 0x2d08,
    0x2d1b, 0x2c63, 0x2b47, 0x2d2e, 0x2d41, 0x2b54, 0x29f3, 0x29fd, 0x2e26, 0x2b61,
    0x2c73, 0x2e64, 0x2a07, 0x2a11, 0x2b6e, 0x2a1b, 0x2a25, 0x2800, 0x2807, 0x2a2f,
    0x2a39, 0x2d54, 0x2b7b, 0x2c83, 0x2d67, 0x2b88, 0x2a4d, 0x2a43, 0x2eab, 0x2b95,
    0x2d7a, 0x2a57, 0x2c93, 0x2a61, 0x2baf, 0x2a6b, 0x2bbc, 0x2e75, 0x2ba2, 0x2ca3,
    0x2bc9, 0x280e, 0x2e86, 0x2a75, 0x2a7f, 0x2bd6, 0x2a89, 0x2a93, 0x2a9d, 0x2cb3,
    0x2be3, 0x2815, 0x2d8d, 0x2dff, 0x2cc3, 0x2bf0, 0x2e34, 0x2aa7, 0x2ab1, 0x2bfd,
    0x281c, 0x2c0a, 0x2cd3, 0x2823, 0x2da0, 0x2abb, 0x1de7, 0x1dfb, 0x1e0a, 0x1e19,
    0x1e28, 0x1e37, 0x1e46, 0x1e55, 0x1e64, 0x1e73, 0x22c2, 0x22d4, 0x22e6, 0x22f2,
    0x22fe, 0x230a, 0x2316, 0x2322, 0x232e, 0x233a, 0x2376, 0x2382, 0x238e, 0x239a,
    0x23a6, 0x1d44, 0x1af6, 0x1a63, 0x1d14, 0x1b77, 0x1b86, 0x1afc, 0x1d2c, 0x1d30,
    0x1a8d, 0x2838, 0x2846, 0x2831, 0x283f, 0x2c17, 0x1b7a, 0x1b62, 0x1d90, 0x1b4a,
    0x1b23, 0x1a96, 0x1aa5, 0x1a75, 0x1d20, 0x1e82, 0x1b7d, 0x1b65, 0x1d94, 0x1da0,
    0x1b56, 0x1b2c, 0x1a84, 0x1d4c, 0x1ce0, 0x1ccc, 0x1cfc, 0x1da4, 0x1b59, 0x1af9,
    0x1b2f, 0x1b0e, 0x1b71, 0x1da8, 0x1b5c, 0x1af0, 0x1b32, 0x1d6c, 0x1d24, 0x1b44,
    0x1d54, 0x1d70, 0x1d28, 0x1b47, 0x1d58, 0x2418, 0x242c, 0x1ac6, 0x1d50, 0x1ce4,
    0x1cd0, 0x1d78, 0x284d, 0x28e4, 0x1b89, 0x1b74, 0x1dac, 0x1b5f, 0x1b80, 0x1b68,
    0x1d98, 0x1b4d, 0x1b26, 0x1ab1, 0x1b83, 0x1b6b, 0x1d9c, 0x1b50, 0x1b29, 0x1ab4,
    0x1d5c, 0x1ce8, 0x1e7d, 0x1a66, 0x1aea, 0x1aed, 0x2425, 0x1cc4, 0x1af3, 0x1a78,
    0x1b11, 0x1a7b, 0x1b1a, 0x1a99, 0x1a9c, 0x1b35, 0x1b3b, 0x1b3e, 0x1d60, 0x1b41,
    0x1b53, 0x1d68, 0x1d74, 0x1ac0, 0x1e87, 0x1cec, 0x1ac3, 0x1b8c, 0x1ad5, 0x1ae4,
    0x2412, 0x240c, 0x1df1, 0x1e00, 0x1e0f, 0x1e1e, 0x1e2d, 0x1e3c, 0x1e4b, 0x1e5a,
    0x1e69, 0x22b6, 0x22c8, 0x22da, 0x22ec, 0x22f8, 0x2304, 0x2310, 0x231c, 0x2328,
    0x2334, 0x2370, 0x237c, 0x2388, 0x2394, 0x23a0, 0x23ac, 0x23b2, 0x23b8, 0x23be,
    0x23c4, 0x23d6, 0x23dc, 0x1d40, 0x1472, 0xdf6, 0x14ce, 0x149a, 0xf52, 0x7e6,
    0x9da, 0x1726, 0x1726, 0xb06, 0x155a, 0xa3e, 0xb02, 0xcea, 0x10ca, 0x125a,
    0x1392, 0x13ce, 0x1402, 0x1516, 0xe6e, 0xefa, 0xfa6, 0x103e, 0x135a, 0x1542,
    0x166e, 0x80a, 0x9ae, 0xe82, 0xfca, 0x138e, 0x16be, 0xbae, 0xf72, 0x137e,
    0x1412, 0xd1e, 0x12b6, 0x13da, 0xc1a, 0xe0a, 0xf12, 0x1016, 0x1522, 0x84a,
    0x8e2, 0x94e, 0xd86, 0xe7a, 0xfc6, 0x10ea, 0x1272, 0x1386, 0x139e, 0x14c2,
    0x15ea, 0x169e, 0x16ba, 0x1126, 0x1166, 0x121e, 0x133e, 0x1576, 0x16c6, 0x1446,
    0xac2, 0xc36, 0x11d6, 0x1296, 0xffa, 0x112e, 0x1492, 0x15e2, 0xabe, 0xb8a,
    0xe72, 0xf26, 0xf5a, 0x120e, 0x1236, 0x15a2, 0x94a, 0x12a2, 0x8ee, 0x8ea,
    0x1192, 0x1222, 0x1356, 0x15aa, 0x1462, 0xd22, 0xe6e, 0x1452, 0x7f2, 0xb5e,
    0xc8e, 0x102a, 0x10aa, 0x96e, 0x1136, 0x85a, 0xc72, 0x7d2, 0xee6, 0xd9e,
    0x120a, 0x9c2, 0xaae, 0x10f6, 0x135e, 0x1436, 0xeb2, 0x14f2, 0xede, 0xd32,
    0x1316, 0xd52, 0x10a6, 0x826, 0x8a2, 0x8e6, 0xe4e, 0x11f6, 0x12ee, 0x1442,
    0x1556, 0x956, 0xa0a, 0xb12, 0xc2a, 0xdba, 0xf76, 0x113a, 0x1592, 0x1676,
    0x16ca, 0x16e2, 0x932, 0xdee, 0xe9e, 0x14e6, 0xbf6, 0xcd2, 0xcee, 0xd7e,
    0xf66, 0xfb2, 0x1062, 0x1186, 0x122a, 0x128e, 0x14d6, 0x1366, 0x14fe, 0x157a,
    0x90a, 0x936, 0xa1e, 0xfa2, 0x13ee, 0x1436, 0xc16, 0xc86, 0xd4a, 0xeaa,
    0x11d2, 0x101e, 0x836, 0xa7a, 0xb5e, 0xbc2, 0xc92, 0x103a, 0x1056, 0x1266,
    0x1286, 0x155e, 0x15de, 0x15ee, 0x162a, 0x84e, 0x117a, 0x154a, 0x15c6, 0xcaa,
    0x812, 0x872, 0xb62, 0xb82, 0xdaa, 0xe6e, 0xfbe, 0x10c6, 0x1372, 0x1512,
    0x171e, 0xdde, 0x159e, 0x92e, 0xe2a, 0xe36, 0xf0a, 0xf42, 0x1046, 0x10a2,
    0x1122, 0x1206, 0x1636, 0x8aa, 0xcfe, 0x15ae, 0x862, 0xba6, 0xf2a, 0x14da,
    0xc62, 0xcb2, 0xe3e, 0x102a, 0x15b6, 0x912, 0x9fa, 0xb92, 0xdce, 0xe1a,
    0xe5a, 0xeee, 0x1042, 0x10b6, 0x1252, 0x13f2, 0x13fe, 0x1552, 0x15d2, 0x97e,
    0xf46, 0x9fe, 0xfc2, 0x1066, 0x1382, 0x15ba, 0x16a6, 0x16ce, 0xe32, 0xf22,
    0x12be, 0x11b2, 0x11be, 0x11e2, 0x1012, 0xf9a, 0x145e, 0x82e, 0x1326, 0x916,
    0x906, 0xc06, 0xd26, 0x11ee, 0xb4e, 0xefe, 0xdea, 0x14e2, 0x13e2, 0x15a6,
    0x141e, 0xc22, 0x882, 0xa56, 0x0, 0x0, 0xaaa, 0x0, 0xdda, 0x0,
    0x0, 0x8f2, 0x101a, 0x10de, 0x1142, 0x115e, 0x1162, 0x1176, 0x15f6, 0x11e6,
    0x126a, 0x0, 0x138a, 0x0, 0x144e, 0x0, 0x0, 0x1502, 0x152e, 0x0,
    0x0, 0x0, 0x164a, 0x164e, 0x1652, 0x16b6, 0x1526, 0x15c2, 0x852, 0x876,
    0x88a, 0x946, 0x952, 0x992, 0xa46, 0xa62, 0xa6a, 0xaa6, 0xab2, 0xb8e,
    0xb96, 0xc9e, 0xcc6, 0xcce, 0xce6, 0xd92, 0xdc2, 0xde2, 0xe52, 0xf16,
    0xf32, 0xf62, 0xfb6, 0xfd6, 0x104a, 0x112a, 0x1146, 0x114e, 0x114a, 0x1152,
    0x1156, 0x115a, 0x116e, 0x1172, 0x1196, 0x11aa, 0x11c6, 0x122a, 0x1232, 0x123a,
    0x124e, 0x1276, 0x12c6, 0x12fa, 0x12fa, 0x1362, 0x140a, 0x1422, 0x1456, 0x145a,
    0x149e, 0x14a2, 0x14fa, 0x1502, 0x15d6, 0x161a, 0x1632, 0xc96, 0x184b, 0x12de,
    0x0, 0x0, 0x7da, 0x8de, 0x89e, 0x846, 0x886, 0x8b2, 0x942, 0x95e,
    0xa46, 0xa32, 0xa42, 0xa5e, 0xaaa, 0xaba, 0xafe, 0xb0a, 0xb26, 0xb36,
    0xc1e, 0xc26, 0xc56, 0xc76, 0xca6, 0xcbe, 0xcae, 0xcce, 0xcc2, 0xce6,
    0xd02, 0xd5a, 0xd66, 0xd6e, 0xd96, 0xdda, 0xe0a, 0xe0e, 0xe22, 0xea2,
    0xeb2, 0xf0a, 0xf56, 0xf4e, 0xf62, 0xf7e, 0xfb6, 0x110e, 0xfda, 0x100e,
    0x101a, 0x105a, 0x1076, 0x109a, 0x10be, 0x10c2, 0x10de, 0x10e2, 0x10f2, 0x1106,
    0x1102, 0x1132, 0x11ae, 0x11c6, 0x11de, 0x1216, 0x122a, 0x1246, 0x1276, 0x132a,
    0x1352, 0x13c6, 0x140e, 0x141a, 0x1422, 0x143a, 0x144e, 0x143e, 0x1456, 0x1452,
    0x144a, 0x145a, 0x1466, 0x14a2, 0x14de, 0x150e, 0x1546, 0x1566, 0x15b2, 0x15d6,
    0x15f6, 0x160a, 0x161a, 0x1626, 0x1632, 0x1686, 0x1726, 0x17e2, 0x17dd, 0x180f,
    0x702, 0x72a, 0x72e, 0x1891, 0x18be, 0x1936, 0x1712, 0x1722, 0x0, 0x0,
    0x0, 0x0, 0x0, 0x0, 0x0, 0x0, 0x0, 0x0, 0x0, 0x0,
    0x0, 0x0, 0x0, 0x0, 0x0, 0x0, 0x0, 0x0, 0x0, 0x0,
    0x0, 0x0, 0x0, 0x0, 0x0, 0x0, 0x0, 0x0, 0x0, 0x0,
    0x0, 0x0, 0x0, 0x0, 0x0, 0x0, 0x1b05, 0x1b08, 0x1b0b, 0x1d38,
    0x1d3c, 0x1b8f, 0x1b8f, 0x0, 0x0, 0x0, 0x0, 0x0, 0x0, 0x0,
    0x0, 0x0, 0x0, 0x0, 0x0, 0x1ea5, 0x1e96, 0x1e9b, 0x1eaa, 0x1ea0,
    0x0, 0x0, 0x0, 0x0, 0x0, 0x448f, 0x8116, 0x4501, 0x320, 0x308,
    0x311, 0x314, 0x317, 0x31a, 0x31d, 0x323, 0x326, 0x17, 0x44ef, 0x44f5,
    0x45f3, 0x45fb, 0x4447, 0x444d, 0x4453, 0x4459, 0x4465, 0x446b, 0x4471, 0x447d,
    0x4483, 0x0, 0x4489, 0x4495, 0x449b, 0x44a1, 0x44ad, 0x0, 0x44b3, 0x0,
    0x44b9, 0x44bf, 0x0, 0x44c5, 0x44cb, 0x0, 0x44d7, 0x44dd, 0x44e3, 0x44e9,
    0x44fb, 0x4477, 0x445f, 0x44a7, 0x44d1, 0x1eaf, 0x38c, 0x38c, 0x395, 0x395,
    0x395, 0x395, 0x398, 0x398, 0x398, 0x398, 0x39e, 0x39e, 0x39e, 0x39e,
    0x392, 0x392, 0x392, 0x392, 0x39b, 0x39b, 0x39b, 0x39b, 0x38f, 0x38f,
    0x38f, 0x38f, 0x3c2, 0x3c2, 0x3c2, 0x3c2, 0x3c5, 0x3c5, 0x3c5, 0x3c5,
    0x3a4, 0x3a4, 0x3a4, 0x3a4, 0x3a1, 0x3a1, 0x3a1, 0x3a1, 0x3a7, 0x3a7,
    0x3a7, 0x3a7, 0x3aa, 0x3aa, 0x3aa, 0x3aa, 0x3b3, 0x3b3, 0x3b0, 0x3b0,
    0x3b6, 0x3b6, 0x3ad, 0x3ad, 0x3bc, 0x3bc, 0x3b9, 0x3b9, 0x3c8, 0x3c8,
    0x3c8, 0x3c8, 0x3ce, 0x3ce, 0x3ce, 0x3ce, 0x3d4, 0x3d4, 0x3d4, 0x3d4,
    0x3d1, 0x3d1, 0x3d1, 0x3d1, 0x3d7, 0x3d7, 0x3da, 0x3da, 0x3da, 0x3da,
    0x456d, 0x456d, 0x3e0, 0x3e0, 0x3e0, 0x3e0, 0x3dd, 0x3dd, 0x3dd, 0x3dd,
    0x3fb, 0x3fb, 0x4567, 0x4567, 0x0, 0x0, 0x0, 0x0, 0x0, 0x0,
    0x0, 0x0, 0x0, 0x0, 0x0, 0x0, 0x0, 0x0, 0x0, 0x0,
    0x0, 0x0, 0x0, 0x0, 0x0, 0x0, 0x0, 0x0, 0x0, 0x0,
    0x0, 0x0, 0x0, 0x0, 0x0, 0x0, 0x0, 0x3cb, 0x3cb, 0x3cb,
    0x3cb, 0x3e9, 0x3e9, 0x3e6, 0x3e6, 0x3ec, 0x3ec, 0x217f, 0x3f2, 0x3f2,
    0x3e3, 0x3e3, 0x3ef, 0x3ef, 0x3f8, 0x3f8, 0x3f8, 0x3f8, 0x380, 0x380,
    0x26da, 0x26da, 0x274a, 0x274a, 0x2719, 0x2719, 0x2735, 0x2735, 0x272e, 0x272e,
    0x273c, 0x273c, 0x2743, 0x2743, 0x2743, 0x2720, 0x2720, 0x2720, 0x3f5, 0x3f5,
    0x3f5, 0x3f5, 0x26e1, 0x26e8, 0x2704, 0x2720, 0x2727, 0x1eb9, 0x1ebe, 0x1ec3,
    0x1ed2, 0x1ee1, 0x1ee6, 0x1eeb, 0x1ef0, 0x1ef5, 0x1f04, 0x1f13, 0x1f18, 0x1f1d,
    0x1f2c, 0x1f3b, 0x1f40, 0x1f45, 0x1f4a, 0x1f59, 0x1f5e, 0x1f6d, 0x1f72, 0x1f77,
    0x1f86, 0x1f8b, 0x1f90, 0x1f9a, 0x1fd6, 0x1fe5, 0x1ff4, 0x1ff9, 0x1ffe, 0x2008,
    0x2017, 0x201c, 0x202b, 0x2030, 0x2035, 0x2044, 0x2049, 0x2058, 0x205d, 0x2062,
    0x2067, 0x206c, 0x2071, 0x2076, 0x207b, 0x2080, 0x2085, 0x208a, 0x208f, 0x2094,
    0x2099, 0x209e, 0x20a3, 0x20a8, 0x20ad, 0x20b7, 0x20bc, 0x20c1, 0x20c6, 0x20d0,
    0x20d5, 0x20df, 0x20e4, 0x20e9, 0x20ee, 0x20f3, 0x20f8, 0x20fd, 0x2102, 0x2107,
    0x2116, 0x2125, 0x212a, 0x212f, 0x2134, 0x2139, 0x213e, 0x2148, 0x214d, 0x2152,
    0x2161, 0x2170, 0x2175, 0x451f, 0x4525, 0x455b, 0x45b2, 0x45b9, 0x45c0, 0x45c7,
    0x45ce, 0x45d5, 0x26f6, 0x26fd, 0x2704, 0x270b, 0x2720, 0x2727, 0x1ec8, 0x1ecd,
    0x1ed2, 0x1ed7, 0x1ee1, 0x1ee6, 0x1efa, 0x1eff, 0x1f04, 0x1f09, 0x1f13, 0x1f18,
    0x1f22, 0x1f27, 0x1f2c, 0x1f31, 0x1f3b, 0x1f40, 0x206c, 0x2071, 0x2080, 0x2085,
    0x208a, 0x209e, 0x20a3, 0x20a8, 0x20ad, 0x20c6, 0x20d0, 0x20d5, 0x20da, 0x20ee,
    0x210c, 0x2111, 0x2116, 0x211b, 0x2125, 0x212a, 0x455b, 0x2157, 0x215c, 0x2161,
    0x2166, 0x2170, 0x2175, 0x26e1, 0x26e8, 0x26ef, 0x2704, 0x2712, 0x1eb9, 0x1ebe,
    0x1ec3, 0x1ed2, 0x1edc, 0x1eeb, 0x1ef0, 0x1ef5, 0x1f04, 0x1f0e, 0x1f2c, 0x1f45,
    0x1f4a, 0x1f59, 0x1f5e, 0x1f6d, 0x1f77, 0x1f86, 0x1f8b, 0x1f90, 0x1f9a, 0x1fd6,
    0x1fdb, 0x1fe5, 0x1ff4, 0x1ff9, 0x1ffe, 0x2008, 0x2017, 0x202b, 0x2030, 0x2035,
    0x2044, 0x2049, 0x2058, 0x205d, 0x2062, 0x2067, 0x2076, 0x207b, 0x208f, 0x2094,
    0x2099, 0x209e, 0x20a3, 0x20b7, 0x20bc, 0x20c1, 0x20c6, 0x20cb, 0x20df, 0x20e4,
    0x20e9, 0x20ee, 0x20fd, 0x2102, 0x2107, 0x2116, 0x2120, 0x212f, 0x2134, 0x454f,
    0x2148, 0x214d, 0x2152, 0x2161, 0x216b, 0x2704, 0x2712, 0x1ed2, 0x1edc, 0x1f04,
    0x1f0e, 0x1f2c, 0x1f36, 0x1f9a, 0x1f9f, 0x1fc2, 0x1fc7, 0x209e, 0x20a3, 0x20c6,
    0x2116, 0x2120, 0x2161, 0x216b, 0x4603, 0x460b, 0x4613, 0x2021, 0x2026, 0x203a,
    0x203f, 0x204e, 0x2053, 0x1fa4, 0x1fa9, 0x1fcc, 0x1fd1, 0x1f63, 0x1f68, 0x1f4f,
    0x1f54, 0x1f7c, 0x1f81, 0x1fea, 0x1fef, 0x200d, 0x2012, 0x1fae, 0x1fb3, 0x1fb8,
    0x1fc2, 0x1fbd, 0x1f95, 0x1fe0, 0x2003, 0x2021, 0x2026, 0x203a, 0x203f, 0x204e,
    0x2053, 0x1fa4, 0x1fa9, 0x1fcc, 0x1fd1, 0x1f63, 0x1f68, 0x1f4f, 0x1f54, 0x1f7c,
    0x1f81, 0x1fea, 0x1fef, 0x200d, 0x2012, 0x1fae, 0x1fb3, 0x1fb8, 0x1fc2, 0x1fbd,
    0x1f95, 0x1fe0, 0x2003, 0x1fae, 0x1fb3, 0x1fb8, 0x1fc2, 0x1f9f, 0x1fc7, 0x201c,
    0x1f86, 0x1f8b, 0x1f90, 0x1fae, 0x1fb3, 0x1fb8, 0x201c, 0x202b, 0x4507, 0x4507,
    0x0, 0x0, 0x0, 0x0, 0x0, 0x0, 0x0, 0x0, 0x0, 0x0,
    0x0, 0x0, 0x0, 0x0, 0x0, 0x0, 0x0, 0x0, 0x2441, 0x2456,
    0x2456, 0x245d, 0x2464, 0x2479, 0x2480, 0x2487, 0x24aa, 0x24aa, 0x24cd, 0x24c6,
    0x24e2, 0x24d4, 0x24db, 0x24fe, 0x24fe, 0x24f7, 0x2505, 0x2505, 0x252f, 0x252f,
    0x254b, 0x2513, 0x2513, 0x250c, 0x2521, 0x2521, 0x2528, 0x2528, 0x2552, 0x2560,
    0x2560, 0x2567, 0x2567, 0x256e, 0x2575, 0x257c, 0x2583, 0x2583, 0x258a, 0x2598,
    0x25a6, 0x259f, 0x25ad, 0x25ad, 0x25c2, 0x25c9, 0x25fa, 0x2608, 0x2601, 0x25e5,
    0x25e5, 0x260f, 0x260f, 0x2616, 0x2616, 0x2640, 0x2647, 0x264e, 0x2624, 0x2632,
    0x2655, 0x265c, 0x0, 0x0, 0x262b, 0x26b0, 0x26b7, 0x268d, 0x2694, 0x2678,
    0x2678, 0x267f, 0x26a9, 0x26a2, 0x26cc, 0x26cc, 0x243a, 0x244f, 0x2448, 0x2472,
    0x246b, 0x2495, 0x248e, 0x24b8, 0x249c, 0x24b1, 0x24e9, 0x2536, 0x251a, 0x2559,
    0x25f3, 0x261d, 0x26c5, 0x26be, 0x26d3, 0x266a, 0x25d0, 0x269b, 0x25c2, 0x25fa,
    0x2591, 0x25de, 0x2671, 0x2663, 0x25ec, 0x25d7, 0x25ec, 0x2671, 0x24a3, 0x24bf,
    0x2639, 0x25b4, 0x2433, 0x25d7, 0x257c, 0x254b, 0x24f0, 0x2686, 0x0, 0x0,
    0x0, 0x0, 0x0, 0x0, 0x0, 0x0, 0x0, 0x0, 0x0, 0x0,
    0x0, 0x0, 0x0, 0x0, 0x0, 0x0, 0x0, 0x0, 0x0, 0x0,
    0x0, 0x0, 0x0, 0x0, 0x0, 0x0, 0x0, 0x0, 0x0, 0x0,
    0x0, 0x0, 0x0, 0x0, 0x0, 0x0, 0x0, 0x0, 0x2544, 0x25bb,
    0x28f6, 0x28ed, 0x2923, 0x2911, 0x28ff, 0x291a, 0x292c, 0x253d, 0x2db3, 0x2c33,
    0x2908, 0x0, 0x0, 0x0, 0x0, 0x0, 0x0, 0x0, 0x0, 0x0,
    0x0, 0x0, 0x0, 0x0, 0x0, 0x0, 0x0, 0x0, 0x0, 0x0,
    0x19, 0x57e, 0x582, 0x35, 0x37, 0x3, 0x3f, 0x5ba, 0x5be, 0x1c8c,
    0x0, 0x0, 0x0, 0x0, 0x0, 0x0, 0x8133, 0x8133, 0x8133, 0x8133,
    0x8133, 0x8133, 0x8133, 0x812e, 0x812e, 0x812e, 0x812e, 0x812e, 0x812e, 0x812e,
    0x8133, 0x8133, 0x19a0, 0x53a, 0x536, 0x7f, 0x7f, 0x11, 0x13, 0xb7,
    0xbb, 0x5b2, 0x5b6, 0x5a6, 0x5aa, 0x58e, 0x592, 0x586, 0x58a, 0x596,
    0x59a, 0x59e, 0x5a2, 0x0, 0x0, 0x77, 0x7b, 0x4368, 0x4368, 0x4368,
    0x4368, 0x7f, 0x7f, 0x7f, 0x19, 0x57e, 0x1d, 0x0, 0x37, 0x35,
    0x3f, 0x3, 0x53a, 0x11, 0x13, 0xb7, 0xbb, 0x5b2, 0x5b6, 0x7,
    0xd, 0x15, 0x17, 0x1b, 0x39, 0x3d, 0x3b, 0x0, 0x79, 0x9,
    0xb, 0x41, 0x0, 0x0, 0x0, 0x0, 0x43a9, 0x452b, 0x43ae, 0x0,
    0x43b3, 0x0, 0x43b8, 0x4531, 0x43bd, 0x4537, 0x43c2, 0x453d, 0x43c7, 0x4543,
    0x43cc, 0x4549, 0x329, 0x450d, 0x450d, 0x4513, 0x4513, 0x4555, 0x4555, 0x4519,
    0x4519, 0x4561, 0x4561, 0x4561, 0x4561, 0x32c, 0x32c, 0x32f, 0x32f, 0x32f,
    0x32f, 0x332, 0x332, 0x335, 0x335, 0x335, 0x335, 0x338, 0x338, 0x338,
    0x338, 0x33b, 0x33b, 0x33b, 0x33b, 0x33e, 0x33e, 0x33e, 0x33e, 0x341,
    0x341, 0x341, 0x341, 0x344, 0x344, 0x347, 0x347, 0x34a, 0x34a, 0x34d,
    0x34d, 0x350, 0x350, 0x350, 0x350, 0x353, 0x353, 0x353, 0x353, 0x356,
    0x356, 0x356, 0x356, 0x359, 0x359, 0x359, 0x359, 0x35c, 0x35c, 0x35c,
    0x35c, 0x35f, 0x35f, 0x35f, 0x35f, 0x362, 0x362, 0x362, 0x362, 0x365,
    0x365, 0x365, 0x365, 0x368, 0x368, 0x368, 0x368, 0x36b, 0x36b, 0x36b,
    0x36b, 0x36e, 0x36e, 0x36e, 0x36e, 0x371, 0x371, 0x371, 0x371, 0x374,
    0x374, 0x374, 0x374, 0x377, 0x377, 0x377, 0x377, 0x37a, 0x37a, 0x37a,
    0x37a, 0x37d, 0x37d, 0x380, 0x380, 0x383, 0x383, 0x383, 0x383, 0x2de7,
    0x2de7, 0x2def, 0x2def, 0x2df7, 0x2df7, 0x20b2, 0x20b2, 0x0, 0x0, 0x0,
    0x81, 0x83, 0x85, 0x87, 0x89, 0x8b, 0x8d, 0x8f, 0x91, 0x93,
    0x95, 0x97, 0x99, 0x9b, 0x9d, 0x9f, 0xa1, 0xa3, 0xa5, 0xa7,
    0xa9, 0xab, 0xad, 0xaf, 0xb1, 0xb3, 0xb5, 0xb7, 0xb9, 0xbb,
    0xbd, 0x56e, 0x572, 0x582, 0x596, 0x59a, 0x57e, 0x6a6, 0x69e, 0x5c2,
    0x5ca, 0x5d2, 0x5da, 0x5e2, 0x666, 0x66e, 0x676, 0x61a, 0x6aa, 0x5c6,
    0x5ce, 0x5d6, 0x5de, 0x5e6, 0x5ea, 0x5ee, 0x5f2, 0x5f6, 0x5fa, 0x5fe,
    0x602, 0x606, 0x60a, 0x60e, 0x612, 0x616, 0x61e, 0x622, 0x626, 0x62a,
    0x62e, 0x632, 0x636, 0x63a, 0x63e, 0x642, 0x646, 0x64a, 0x64e, 0x652,
    0x656, 0x65a, 0x65e, 0x662, 0x66a, 0x672, 0x67a, 0x67e, 0x682, 0x686,
    0x68a, 0x68e, 0x692, 0x6a2, 0x4c99, 0x4c9f, 0x4b6, 0x406, 0x40a, 0x4bcc,
    0x40e, 0x4bd2, 0x4bd8, 0x412, 0x416, 0x41a, 0x4bde, 0x4be4, 0x4bea, 0x4bf0,
    0x4bf6, 0x4bfc, 0x45a, 0x41e, 0x422, 0x426, 0x46e, 0x42a, 0x42e, 0x432,
    0x436, 0x43a, 0x43e, 0x442, 0x446, 0x44a, 0x44e, 0x0, 0x0, 0x0,
    0x4b4e, 0x4b54, 0x4b5a, 0x4b60, 0x4b66, 0x4b6c, 0x0, 0x0, 0x4b72, 0x4b78,
    0x4b7e, 0x4b84, 0x4b8a, 0x4b90, 0x0, 0x0, 0x4b96, 0x4b9c, 0x4ba2, 0x4ba8,
    0x4bae, 0x4bb4, 0x0, 0x0, 0x4bba, 0x4bc0, 0x4bc6, 0x0, 0x0, 0x0,
    0xbf, 0xc2, 0xcb, 0x4363, 0xc8, 0xc5, 0x53e, 0x0, 0x562, 0x542,
    0x546, 0x54a, 0x54e, 0x566, 0x56a, 0x0, 0x0, 0x0, 0x0, 0x0,
    0x0, 0x0, 0x0, 0x0, 0x0, 0x0, 0x0, 0x0, 0x0, 0x0,
    0x0, 0x0, 0x0, 0x1f1, 0x1f4, 0xd4, 0x1be, 0x10d, 0x0, 0x1d3,
    0x174e, 0x1d9, 0x1d6, 0x116, 0x119, 0x526, 0x11c, 0x128, 0x1e5, 0x13a,
    0x134, 0x12e, 0x1c1, 0xe0, 0x1c4, 0x143, 0x194, 0x1e8, 0x1eb, 0x152,
    0x1756, 0x1742, 0x158, 0x175b, 0x1a9, 0x1760, 0xda, 0x170, 0x173, 0xa3,
    0x17c, 0x1765, 0x182, 0x185, 0x188, 0x1e2, 0x1dc, 0x1752, 0x1df, 0x197,
    0x576, 0x0, 0x1ac, 0x1cd, 0x1d0, 0x1bb, 0xf5, 0xf8, 0xfb, 0x176a,
    0x176f, 0x0, 0x0, 0x0, 0x0, 0x0, 0x63, 0x65, 0x67, 0x69,
    0x6b, 0x6d, 0x6f, 0x71, 0x73, 0x75, 0x83, 0x85, 0x87, 0x89,
    0x8b, 0x8d, 0x8f, 0x91, 0x93, 0x95, 0x97, 0x99, 0x9b, 0x9d,
    0x9f, 0xa1, 0xa3, 0xa5, 0xa7, 0xa9, 0xab, 0xad, 0xaf, 0xb1,
    0xb3, 0xb5, 0xe3, 0x101, 0x0, 0x0, 0x1f7, 0x1fa, 0x1fd, 0x200,
    0x203, 0x206, 0x209, 0x20c, 0x20f, 0x212, 0x215, 0x218, 0x21b, 0x21e,
    0x221, 0x224, 0x227, 0x20c, 0x22a, 0x22d, 0x230, 0x233, 0x236, 0x239,
    0x281, 0x284, 0x287, 0x552, 0x24b, 0x254, 0x25a, 0x27e, 0x26f, 0x26c,
    0x28a, 0x28d, 0x0, 0x0, 0x21, 0x23, 0x25, 0x27, 0x29, 0x2b,
    0x2d, 0x2f, 0x31, 0x33, 0x21, 0x23, 0x25, 0x27, 0x29, 0x2b,
    0x2d, 0x2f, 0x31, 0x33, 0x21, 0x23, 0x25, 0x27, 0x29, 0x2b,
    0x2d, 0x2f, 0x31, 0x33, 0x21, 0x23, 0x25, 0x27, 0x29, 0x2b,
    0x2d, 0x2f, 0x31, 0x33, 0x21, 0x23, 0x25, 0x27, 0x29, 0x2b,
    0x2d, 0x2f, 0x31, 0x33, 0x8133, 0x8133, 0x8133, 0x8133, 0x8133, 0x8133,
    0x8133, 0x0, 0x8133, 0x8133, 0x8133, 0x8133, 0x8133, 0x8133, 0x8133, 0x8133,
    0x8133, 0x8133, 0x8133, 0x8133, 0x8133, 0x8133, 0x8133, 0x8133, 0x8133, 0x0,
    0x0, 0x8133, 0x8133, 0x8133, 0x8133, 0x8133, 0x8133, 0x8133, 0x0, 0x8133,
    0x8133, 0x0, 0x8133, 0x8133, 0x8133, 0x8133, 0x8133, 0x0, 0x0, 0x0,
    0x0, 0x0, 0x290, 0x293, 0x296, 0x299, 0x29c, 0x29f, 0x2a2, 0x2a5,
    0x2a8, 0x2ab, 0x2ae, 0x2b1, 0x2b7, 0x2ba, 0x2bd, 0x2c0, 0x2c3, 0x2c6,
    0x2c9, 0x2cc, 0x2cf, 0x2d2, 0x2d5, 0x2db, 0x2e1, 0x2e4, 0x1736, 0x302,
    0x2ea, 0x2ed, 0x305, 0x2f9, 0x2ff, 0x290, 0x293, 0x296, 0x299, 0x29c,
    0x29f, 0x2a2, 0x2a5, 0x2a8, 0x2ab, 0x2ae, 0x2b7, 0x2ba, 0x2c0, 0x2c6,
    0x2c9, 0x2cc, 0x2cf, 0x2d2, 0x2d5, 0x2d8, 0x2db, 0x2f3, 0x2ea, 0x2e7,
    0x2f0, 0x2f6, 0x1732, 0x2fc, 0x0, 0x0, 0x0, 0x0, 0x0, 0x0,
    0x0, 0x0, 0x0, 0x0, 0x0, 0x0, 0x0, 0x0, 0x0, 0x0,
    0x0, 0x0, 0x32c, 0x32f, 0x33b, 0x344, 0x0, 0x37d, 0x34d, 0x33e,
    0x35c, 0x383, 0x36e, 0x371, 0x374, 0x377, 0x350, 0x362, 0x368, 0x356,
    0x36b, 0x34a, 0x353, 0x335, 0x338, 0x341, 0x347, 0x359, 0x35f, 0x365,
    0x386, 0x3d7, 0x3bf, 0x389, 0x0, 0x32f, 0x33b, 0x0, 0x37a, 0x0,
    0x0, 0x33e, 0x0, 0x383, 0x36e, 0x371, 0x374, 0x377, 0x350, 0x362,
    0x368, 0x356, 0x36b, 0x0, 0x353, 0x335, 0x338, 0x341, 0x0, 0x359,
    0x0, 0x365, 0x0, 0x0, 0x0, 0x0, 0x0, 0x0, 0x33b, 0x0,
    0x0, 0x0, 0x0, 0x33e, 0x0, 0x383, 0x0, 0x371, 0x0, 0x377,
    0x350, 0x362, 0x0, 0x356, 0x36b, 0x0, 0x353, 0x0, 0x0, 0x341,
    0x0, 0x359, 0x0, 0x365, 0x0, 0x3d7, 0x0, 0x389, 0x0, 0x32f,
    0x33b, 0x0, 0x37a, 0x0, 0x0, 0x33e, 0x35c, 0x383, 0x36e, 0x0,
    0x374, 0x377, 0x350, 0x362, 0x368, 0x356, 0x36b, 0x0, 0x353, 0x335,
    0x338, 0x341, 0x0, 0x359, 0x35f, 0x365, 0x386, 0x0, 0x3bf, 0x0,
    0x32c, 0x32f, 0x33b, 0x344, 0x37a, 0x37d, 0x34d, 0x33e, 0x35c, 0x383,
    0x0, 0x371, 0x374, 0x377, 0x350, 0x362, 0x368, 0x356, 0x36b, 0x34a,
    0x353, 0x335, 0x338, 0x341, 0x347, 0x359, 0x35f, 0x365, 0x0, 0x0,
    0x0, 0x0, 0x0, 0x32f, 0x33b, 0x344, 0x0, 0x37d, 0x34d, 0x33e,
    0x35c, 0x383, 0x0, 0x371, 0x374, 0x377, 0x350, 0x362, 0x368, 0x356,
    0x36b, 0x34a, 0x353, 0x335, 0x338, 0x341, 0x347, 0x359, 0x35f, 0x365,
    0x0, 0x0, 0x0, 0x0, 0x19a6, 0x19a3, 0x19a9, 0x19cd, 0x19f1, 0x1a15,
    0x1a39, 0x1a42, 0x1a48, 0x1a4e, 0x1a54, 0x0, 0x0, 0x0, 0x0, 0x0,
    0x1bbc, 0x1bc0, 0x1bc4, 0x1bc8, 0x1bcc, 0x1bd0, 0x1bd4, 0x1bd8, 0x1bdc, 0x1be0,
    0x1be4, 0x1be8, 0x1bec, 0x1bf0, 0x1bf4, 0x1bf8, 0x1bfc, 0x1c00, 0x1c04, 0x1c08,
    0x1c0c, 0x1c10, 0x1c14, 0x1c18, 0x1c1c, 0x1c20, 0x2855, 0x47, 0x65, 0x1a69,
    0x1ae1, 0x0, 0x43, 0x45, 0x47, 0x49, 0x4b, 0x4d, 0x4f, 0x51,
    0x53, 0x55, 0x57, 0x59, 0x5b, 0x5d, 0x5f, 0x61, 0x27dd, 0x27f2,
    0x5fe, 0x0, 0x0, 0x0, 0x0, 0x0, 0x0, 0x0, 0x0, 0x0,
    0x0, 0x0, 0x0, 0x0, 0xd0a, 0xb42, 0x9ce, 0x473b, 0x816, 0xaea,
    0x142a, 0xafa, 0x822, 0xdd2, 0xfaa, 0xdaa, 0x922, 0xc66, 0x8ba, 0xdb2,
    0x90e, 0x1212, 0x107e, 0x1486, 0xace, 0xa06, 0xf5e, 0xd16, 0xd42, 0x7ba,
    0x7c6, 0x1506, 0xbd6, 0x7e2, 0x9ea, 0xd36, 0x14ae, 0xd0e, 0x116a, 0x11a6,
    0x9f2, 0xf3e, 0xe06, 0xe02, 0x1092, 0x926, 0xa52, 0x153e, 0x0, 0x0,
    0x0, 0x0, 0x7f6, 0x7ee, 0x7fe, 0x1774, 0x842, 0x852, 0x856, 0x85e,
    0x866, 0x86a, 0x876, 0x86e, 0x6ae, 0x1788, 0x88a, 0x88e, 0x892, 0x8ae,
    0x1779, 0x6b2, 0x89a, 0x8ba, 0x1783, 0x8ca, 0x8d2, 0x832, 0x8da, 0x8de,
    0x195e, 0x8fa, 0x902, 0x6ba, 0x91a, 0x91e, 0x926, 0x92a, 0x6be, 0x942,
    0x946, 0x952, 0x95e, 0x962, 0x966, 0x96e, 0x98e, 0x992, 0x99a, 0x9aa,
    0x9b2, 0x9b6, 0x9b6, 0x9b6, 0x1797, 0xf8e, 0x9ca, 0x9d2, 0x179c, 0x9de,
    0x9e6, 0x9ee, 0xa16, 0xa02, 0xa0e, 0xa12, 0xa1a, 0xa22, 0xa26, 0xa2e,
    0xa36, 0xa3a, 0xa3a, 0xa42, 0xa4a, 0xa4e, 0xa5a, 0xa7e, 0xa62, 0xa82,
    0xa66, 0xa6e, 0x906, 0xaca, 0xa92, 0xa96, 0xa9a, 0xa8e, 0xaa2, 0xa9e,
    0xab6, 0x17a1, 0xad2, 0xad6, 0xade, 0xaea, 0xaf2, 0xb0e, 0x17a6, 0x17ab,
    0xb1a, 0xb1e, 0xb22, 0xb16, 0xb2a, 0x6c2, 0x6c6, 0xb32, 0xb3a, 0xb3a,
    0x17b0, 0xb56, 0xb5a, 0xb5e, 0xb66, 0x17b5, 0xb6e, 0xb72, 0xc4a, 0xb7a,
    0x6ca, 0xb86, 0xb96, 0xba2, 0xb9e, 0x17bf, 0xbaa, 0x17c4, 0xbb6, 0xbb2,
    0xbba, 0xbca, 0xbce, 0x6ce, 0xbde, 0xbe6, 0xbea, 0xbee, 0x6d2, 0x17c9,
    0x6d6, 0xc0a, 0xc0e, 0xc12, 0xc1a, 0x1990, 0xc32, 0x17d3, 0x17d3, 0x12d2,
    0xc42, 0xc42, 0x6da, 0x17f6, 0x18c8, 0xc52, 0xc5a, 0x6de, 0xc6e, 0xc7e,
    0xc82, 0xc8a, 0xc9a, 0x6e6, 0x6e2, 0xc9e, 0x17d8, 0xca2, 0xcb6, 0xcba,
    0xcbe, 0xcba, 0xcca, 0xcce, 0xcde, 0xcd6, 0xcda, 0xce2, 0xce6, 0xcea,
    0xcf6, 0xcfa, 0xd12, 0xd1a, 0xd2a, 0xd3e, 0x17e7, 0xd3a, 0xd2e, 0xd46,
    0xd4e, 0xd62, 0x17ec, 0xd6a, 0xd5e, 0xd56, 0x6ea, 0xd72, 0xd7a, 0xd82,
    0xd76, 0x6ee, 0xd92, 0xd9a, 0x17f1, 0xdc6, 0xdfa, 0xdd6, 0x6fa, 0xde2,
    0x6f6, 0x6f2, 0x8be, 0x8c2, 0xdfe, 0xde6, 0x12a6, 0x75e, 0xe0a, 0xe0e,
    0xe12, 0xe26, 0xe1e, 0x180a, 0x6fe, 0xe3a, 0xe2e, 0xe4a, 0xe52, 0x1814,
    0xe56, 0xe42, 0xe5e, 0x702, 0xe62, 0xe66, 0xe6a, 0xe76, 0x1819, 0xe7e,
    0x706, 0xe8a, 0x181e, 0xe8e, 0x70a, 0xe9a, 0xea6, 0xeb2, 0xeb6, 0x1823,
    0x17ba, 0x1828, 0xed6, 0x182d, 0xee2, 0xeea, 0xeda, 0xef6, 0xf06, 0xf16,
    0xf0a, 0xf0e, 0xf1a, 0xf1e, 0x1832, 0xf02, 0xf36, 0xf3a, 0x70e, 0xf4e,
    0xf4a, 0x1837, 0xf2e, 0xf6a, 0x183c, 0x1841, 0xf6e, 0xf82, 0xf7e, 0xf7a,
    0x712, 0xf86, 0xf96, 0xf92, 0xf9e, 0x177e, 0xfae, 0x1846, 0xfba, 0x1850,
    0xfce, 0xfda, 0xfee, 0x1855, 0x1002, 0x1006, 0x185a, 0x185f, 0x1022, 0x1032,
    0x716, 0x1036, 0x71a, 0x71a, 0x104e, 0x1052, 0x105a, 0x105e, 0x106a, 0x71e,
    0x1082, 0x1864, 0x109e, 0x1869, 0x10aa, 0x17ce, 0x10ba, 0x186e, 0x1873, 0x1878,
    0x722, 0x726, 0x10f2, 0x1882, 0x187d, 0x1887, 0x188c, 0x10fa, 0x10fe, 0x10fe,
    0x1106, 0x72e, 0x110a, 0x732, 0x736, 0x1896, 0x111e, 0x1126, 0x1132, 0x73a,
    0x189b, 0x1156, 0x18a0, 0x18a5, 0x1176, 0x118e, 0x73e, 0x1196, 0x119a, 0x119e,
    0x18aa, 0x18af, 0x18af, 0x11b6, 0x742, 0x18b4, 0x11ca, 0x11ce, 0x746, 0x18b9,
    0x11ea, 0x74a, 0x11fa, 0x11f2, 0x1202, 0x18c3, 0x121a, 0x74e, 0x1226, 0x122e,
    0x123e, 0x752, 0x18cd, 0x18d2, 0x756, 0x18d7, 0x1256, 0x18dc, 0x1262, 0x126e,
    0x1276, 0x18e1, 0x18e6, 0x128a, 0x18eb, 0x1292, 0x17fb, 0x75a, 0x12aa, 0x12ae,
    0x762, 0x12b2, 0xb2e, 0x18f0, 0x18f5, 0x1800, 0x1805, 0x12d2, 0x12d6, 0x14ee,
    0x766, 0x1302, 0x12fe, 0x1306, 0x93a, 0x130a, 0x130e, 0x1312, 0x131a, 0x18fa,
    0x1316, 0x131e, 0x1332, 0x1336, 0x1322, 0x133a, 0x134e, 0x1362, 0x132e, 0x1342,
    0x1346, 0x134a, 0x18ff, 0x1909, 0x1904, 0x76a, 0x136a, 0x136e, 0x1376, 0x191d,
    0x137a, 0x190e, 0x76e, 0x772, 0x1913, 0x1918, 0x776, 0x139a, 0x139e, 0x13a2,
    0x13a6, 0x13b2, 0x13ae, 0x13ba, 0x13b6, 0x13c6, 0x13be, 0x13c2, 0x13ca, 0x77a,
    0x13d2, 0x13d6, 0x77e, 0x13e6, 0x13ea, 0x1922, 0x13f6, 0x13fa, 0x782, 0x1406,
    0x6b6, 0x1927, 0x192c, 0x786, 0x78a, 0x1432, 0x144a, 0x1466, 0x1476, 0x1931,
    0x148a, 0x148e, 0x14a6, 0x14b2, 0x193b, 0x178d, 0x14be, 0x14ba, 0x14c6, 0x1792,
    0x14d2, 0x14de, 0x1940, 0x1945, 0x151e, 0x152a, 0x1532, 0x194a, 0x1536, 0x1562,
    0x156e, 0x1572, 0x156a, 0x157e, 0x1582, 0x194f, 0x158e, 0x78e, 0x1596, 0x1954,
    0x792, 0x15ce, 0xbbe, 0x15e6, 0x1959, 0x1963, 0x796, 0x79a, 0x160e, 0x1968,
    0x79e, 0x196d, 0x1626, 0x1626, 0x162e, 0x1972, 0x1646, 0x7a2, 0x1656, 0x1662,
    0x166a, 0x1672, 0x7a6, 0x1977, 0x1686, 0x16a2, 0x16ae, 0x7aa, 0x7ae, 0x16b2,
    0x197c, 0x7b2, 0x1981, 0x1986, 0x198b, 0x16d6, 0x7b6, 0x16ea, 0x16f2, 0x16f6,
    0x16fe, 0x1706, 0x170e, 0x1995, 0x0, 0x0, 0x0, 0x0, 0x0, 0x0,
    0x0, 0x0, 0x0, 0x0, 0x0, 0x0, 0x0, 0x0, 0x0, 0x0,
    0x0, 0x0, 0x0, 0x0, 0x0, 0x0, 0x0, 0x0, 0x0, 0x0,
    0x0, 0x0, 0x0, 0x0, 0x0, 0x0, 0x0, 0x0,
};

const uint16_t burrow__norm_nfkc_index[1472] = {
    0x0, 0x0, 0x0, 0x0, 0x0, 0x0, 0x0, 0x0, 0x0, 0x0,
    0x0, 0x0, 0x0, 0x0, 0x0, 0x0, 0x0, 0x0, 0x0, 0x0,
    0x0, 0x0, 0x0, 0x0, 0x0, 0x0, 0x0, 0x0, 0x0, 0x0,
    0x0, 0x0, 0x0, 0x0, 0x0, 0x0, 0x0, 0x0, 0x0, 0x0,
    0x0, 0x0, 0x0, 0x0, 0x0, 0x0, 0x0, 0x0, 0x0, 0x0,
    0x0, 0x0, 0x0, 0x0, 0x0, 0x0, 0x0, 0x0, 0x0, 0x0,
    0x0, 0x0, 0x0, 0x0, 0x0, 0x0, 0x0, 0x0, 0x0, 0x0,
    0x0, 0x0, 0x0, 0x0, 0x0, 0x0, 0x0, 0x0, 0x0, 0x0,
    0x0, 0x0, 0x0, 0x0, 0x0, 0x0, 0x0, 0x0, 0x0, 0x0,
    0x0, 0x0, 0x0, 0x0, 0x0, 0x0, 0x0, 0x0, 0x0, 0x0,
    0x0, 0x0, 0x0, 0x0, 0x0, 0x0, 0x0, 0x0, 0x0, 0x0,
    0x0, 0x0, 0x0, 0x0, 0x0, 0x0, 0x0, 0x0, 0x0, 0x0,
    0x0, 0x0, 0x0, 0x0, 0x0, 0x0, 0x0, 0x0, 0x0, 0x0,
    0x0, 0x0, 0x0, 0x0, 0x0, 0x0, 0x0, 0x0, 0x0, 0x0,
    0x0, 0x0, 0x0, 0x0, 0x0, 0x0, 0x0, 0x0, 0x0, 0x0,
    0x0, 0x0, 0x0, 0x0, 0x0, 0x0, 0x0, 0x0, 0x0, 0x0,
    0x0, 0x0, 0x0, 0x0, 0x0, 0x0, 0x0, 0x0, 0x0, 0x0,
    0x0, 0x0, 0x0, 0x0, 0x0, 0x0, 0x0, 0x0, 0x0, 0x0,
    0x0, 0x0, 0x0, 0x0, 0x0, 0x0, 0x0, 0x0, 0x0, 0x0,
    0x0, 0x0, 0x0, 0x0, 0x5f, 0x1, 0x2, 0x3, 0x60, 0x4,
    0x5, 0x0, 0x61, 0x62, 0x6, 0x7, 0x8, 0x9, 0xa, 0x63,
    0x64, 0xb, 0x0, 0x0, 0xc, 0x65, 0x66, 0xd, 0x0, 0x67,
    0x68, 0x69, 0x0, 0x6a, 0x2, 0x3, 0x4, 0x5, 0x0, 0x0,
    0x0, 0x0, 0x0, 0x0, 0x6, 0x7, 0x8, 0x9, 0x0, 0xa,
    0x14, 0x0, 0x0, 0x0, 0x0, 0x0, 0x0, 0x0, 0x0, 0x0,
    0x0, 0x0, 0x0, 0x0, 0x0, 0x0, 0x0, 0x0, 0x0, 0x0,
    0x0, 0x0, 0x0, 0x0, 0x0, 0x0, 0x0, 0x0, 0x0, 0x0,
    0x0, 0x0, 0x0, 0x0, 0x0, 0x0, 0x0, 0x0, 0x0, 0x0,
    0x0, 0x0, 0x0, 0x0, 0x0, 0x0, 0x0, 0x0, 0x6b, 0x6c,
    0x6d, 0xe, 0x6e, 0x6f, 0x70, 0x71, 0x72, 0x73, 0x74, 0x75,
    0x70, 0x76, 0x77, 0x78, 0x74, 0x79, 0x7a, 0x7b, 0x7c, 0x7d,
    0x0, 0x7e, 0x7f, 0x80, 0x81, 0x82, 0x83, 0x84, 0x85, 0x86,
    0x87, 0x0, 0x88, 0x89, 0x8a, 0x8b, 0x8c, 0x8d, 0x0, 0x0,
    0x0, 0x0, 0x0, 0x8e, 0x0, 0x0, 0x0, 0x0, 0x0, 0x0,
    0x0, 0x0, 0x0, 0x0, 0x0, 0x0, 0x0, 0x0, 0x8f, 0x0,
    0x0, 0x90, 0x0, 0x0, 0x91, 0x0, 0x92, 0x0, 0x0, 0x0,
    0x93, 0x94, 0x95, 0x96, 0xf, 0x97, 0x98, 0x99, 0x9a, 0x0,
    0x0, 0x9b, 0x9c, 0x10, 0x11, 0x12, 0x13, 0x14, 0x15, 0x16,
    0x17, 0x18, 0x19, 0x1a, 0x9d, 0x9e, 0x9f, 0xa0, 0x1b, 0x1c,
    0xa1, 0xa2, 0xa3, 0x1d, 0x1e, 0xa4, 0xa5, 0x0, 0x0, 0x0,
    0x0, 0x1f, 0x20, 0xa6, 0x0, 0x0, 0x0, 0x0, 0x0, 0x0,
    0x0, 0x0, 0x0, 0x0, 0x0, 0x0, 0x0, 0x0, 0x0, 0x0,
    0x0, 0x0, 0x0, 0x0, 0xa7, 0xa8, 0x0, 0xa9, 0x0, 0x0,
    0x0, 0x0, 0x0, 0xaa, 0x0, 0xab, 0x0, 0xac, 0x0, 0xad,
    0x0, 0x0, 0xae, 0xaf, 0x21, 0x22, 0x23, 0xb0, 0xb1, 0x24,
    0x25, 0x26, 0xb2, 0x27, 0x28, 0x0, 0x29, 0x2a, 0x2b, 0x2c,
    0x2d, 0x2e, 0x2f, 0x30, 0x0, 0x0, 0x0, 0x0, 0x0, 0x0,
    0x0, 0x0, 0x0, 0x0, 0x0, 0x0, 0x0, 0x0, 0x0, 0x0,
    0x0, 0x0, 0x0, 0x0, 0x0, 0x0, 0x0, 0x0, 0x0, 0x0,
    0x0, 0x0, 0x0, 0x0, 0x0, 0x0, 0x0, 0x0, 0x0, 0x0,
    0x0, 0x0, 0x0, 0x0, 0x0, 0x0, 0x0, 0x0, 0x0, 0x0,
    0x0, 0x0, 0x0, 0x0, 0x0, 0x0, 0x0, 0x0, 0x0, 0x0,
    0x0, 0x0, 0x0, 0x0, 0x0, 0x0, 0x0, 0x0, 0x0, 0x0,
    0x0, 0x0, 0x0, 0x0, 0x0, 0x0, 0x0, 0xb3, 0xb4, 0xb5,
    0x0, 0xb6, 0x0, 0xb7, 0xb8, 0x0, 0x0, 0xb9, 0xba, 0xbb,
    0xbc, 0xbd, 0x0, 0x0, 0xbe, 0xbf, 0x0, 0xc0, 0x0, 0xc1,
    0xc2, 0xc3, 0xc4, 0xc5, 0xc6, 0xc7, 0xc8, 0xc2, 0xc3, 0xc4,
    0xc5, 0xc6, 0xc7, 0xc8, 0xc2, 0xc3, 0xc4, 0xc5, 0xc6, 0xc7,
    0xc8, 0xc2, 0xc3, 0xc4, 0xc5, 0xc6, 0xc7, 0xc8, 0xc2, 0xc3,
    0xc4, 0xc5, 0xc6, 0xc7, 0xc8, 0xc2, 0xc3, 0xc4, 0xc5, 0xc6,
    0xc7, 0xc8, 0xc2, 0xc3, 0xc4, 0xc5, 0xc6, 0xc7, 0xc8, 0xc2,
    0xc3, 0xc4, 0xc5, 0xc6, 0xc7, 0xc8, 0xc2, 0xc3, 0xc4, 0xc5,
    0xc6, 0xc7, 0xc8, 0xc2, 0xc3, 0xc4, 0xc5, 0xc6, 0xc7, 0xc8,
    0xc2, 0xc3, 0xc4, 0xc5, 0xc6, 0xc7, 0xc8, 0xc2, 0xc3, 0xc4,
    0xc5, 0xc6, 0xc7, 0xc8, 0xc2, 0xc3, 0xc4, 0xc5, 0xc6, 0xc7,
    0xc8, 0xc2, 0xc3, 0xc4, 0xc5, 0xc6, 0xc7, 0xc8, 0xc2, 0xc3,
    0xc4, 0xc5, 0xc6, 0xc7, 0xc8, 0xc2, 0xc3, 0xc4, 0xc5, 0xc6,
    0xc7, 0xc8, 0xc2, 0xc3, 0xc4, 0xc5, 0xc6, 0xc7, 0xc8, 0xc2,
    0xc3, 0xc4, 0xc5, 0xc6, 0xc7, 0xc8, 0xc2, 0xc3, 0xc4, 0xc5,
    0xc6, 0xc7, 0xc8, 0xc2, 0xc3, 0xc4, 0xc5, 0xc6, 0xc7, 0xc8,
    0xc2, 0xc3, 0xc4, 0xc5, 0xc6, 0xc7, 0xc8, 0xc2, 0xc3, 0xc4,
    0xc5, 0xc6, 0xc7, 0xc8, 0xc2, 0xc3, 0xc4, 0xc5, 0xc6, 0xc7,
    0xc8, 0xc2, 0xc3, 0xc4, 0xc5, 0xc6, 0xc7, 0xc8, 0xc2, 0xc3,
    0xc4, 0xc5, 0xc6, 0xc7, 0xc9, 0x0, 0x0, 0x0, 0x0, 0x0,
    0x0, 0x0, 0x0, 0x0, 0x0, 0x0, 0x0, 0x0, 0x0, 0x0,
    0x0, 0x0, 0x0, 0x0, 0x0, 0x0, 0x0, 0x0, 0x0, 0x0,
    0x0, 0x0, 0x0, 0x0, 0x0, 0x0, 0x0, 0x0, 0x0, 0x0,
    0x0, 0x0, 0x0, 0x0, 0x0, 0x0, 0x0, 0x0, 0x0, 0x0,
    0x0, 0x0, 0x0, 0x0, 0x0, 0x0, 0x0, 0x0, 0x0, 0x0,
    0x0, 0x0, 0x0, 0x0, 0x0, 0x0, 0x0, 0x0, 0x0, 0x0,
    0x0, 0x0, 0x0, 0x0, 0x31, 0x32, 0x33, 0x34, 0x35, 0x36,
    0x37, 0x38, 0x39, 0x3a, 0x3b, 0x3c, 0x3d, 0x3e, 0x3f, 0x40,
    0x41, 0x42, 0x43, 0x44, 0x45, 0x46, 0x47, 0x48, 0xca, 0x49,
    0x4a, 0x4b, 0x0, 0x0, 0x0, 0x0, 0x0, 0x0, 0x0, 0xcb,
    0x0, 0x0, 0x0, 0xcc, 0x0, 0xcd, 0x0, 0x0, 0x0, 0x0,
    0x0, 0x0, 0x0, 0x0, 0x0, 0xce, 0x0, 0x0, 0x0, 0x0,
    0x0, 0x0, 0x4c, 0x0, 0x0, 0x0, 0x0, 0x0, 0x0, 0x0,
    0x0, 0x0, 0xcf, 0x0, 0x0, 0xd0, 0x0, 0x0, 0x0, 0x0,
    0x0, 0x0, 0x0, 0x0, 0xd1, 0xd2, 0x0, 0x0, 0x0, 0x0,
    0xd3, 0xd4, 0x0, 0xd5, 0xd6, 0x0, 0x0, 0xd7, 0xd8, 0x0,
    0xd9, 0xbc, 0x0, 0xda, 0xdb, 0x0, 0x0, 0xdc, 0xdd, 0xde,
    0xdf, 0xe0, 0x0, 0xe1, 0xe2, 0xe3, 0x0, 0x0, 0xe4, 0xe5,
    0xe6, 0x0, 0xe7, 0x0, 0xe8, 0x0, 0x0, 0x0, 0xe9, 0x0,
    0x0, 0x0, 0xea, 0xeb, 0x0, 0xec, 0xed, 0xee, 0xef, 0x0,
    0x0, 0x0, 0x0, 0x0, 0xe6, 0x0, 0x0, 0x0, 0x0, 0xf0,
    0xf1, 0x0, 0x0, 0x0, 0x0, 0x0, 0x0, 0xf2, 0x0, 0x0,
    0x0, 0x0, 0x0, 0x0, 0xf3, 0x0, 0x0, 0x0, 0x0, 0x0,
    0x0, 0x0, 0x0, 0x0, 0x0, 0x0, 0x0, 0x0, 0x0, 0x0,
    0x0, 0x0, 0x0, 0x0, 0x0, 0x0, 0x0, 0x0, 0x0, 0x0,
    0x0, 0x0, 0x0, 0x0, 0x0, 0x0, 0x0, 0x0, 0x0, 0x0,
    0x0, 0x0, 0x0, 0xf4, 0xf5, 0x0, 0x0, 0x0, 0x0, 0x0,
    0x0, 0x0, 0x0, 0xf6, 0x0, 0x0, 0x0, 0x0, 0x0, 0x0,
    0x0, 0x0, 0x0, 0xf7, 0x0, 0x0, 0x0, 0x0, 0x0, 0x0,
    0x0, 0x0, 0x0, 0x0, 0x0, 0x0, 0x0, 0x0, 0x0, 0x0,
    0x0, 0x0, 0x0, 0x0, 0x0, 0x0, 0x0, 0x0, 0x0, 0x0,
    0x0, 0x0, 0x0, 0x0, 0x0, 0x0, 0x0, 0x0, 0x0, 0x0,
    0x0, 0x0, 0x0, 0x0, 0x0, 0x0, 0x0, 0x0, 0x0, 0x0,
    0x0, 0x0, 0x0, 0x0, 0xf8, 0x0, 0x0, 0x0, 0x0, 0x0,
    0x0, 0x0, 0x0, 0x0, 0x0, 0x0, 0x0, 0x0, 0x0, 0x0,
    0x0, 0x0, 0x0, 0x0, 0x0, 0x0, 0x0, 0x0, 0x0, 0x0,
    0x0, 0x0, 0x0, 0x0, 0x0, 0x0, 0x0, 0x0, 0x0, 0x0,
    0x0, 0x0, 0x0, 0x0, 0x0, 0x0, 0x0, 0x0, 0x0, 0x0,
    0x0, 0x0, 0x0, 0x0, 0x0, 0x0, 0x0, 0x0, 0x0, 0x0,
    0x0, 0x0, 0x0, 0x0, 0x0, 0x0, 0x0, 0x0, 0x0, 0xf9,
    0x0, 0x0, 0x0, 0x0, 0x0, 0x0, 0x0, 0x0, 0x0, 0x0,
    0x0, 0x0, 0x0, 0x0, 0x0, 0x0, 0x0, 0xfa, 0xfb, 0xfc,
    0x0, 0xfd, 0x0, 0x0, 0x0, 0x0, 0x0, 0x0, 0xfe, 0xff,
    0x100, 0x101, 0x102, 0x103, 0x104, 0x105, 0x106, 0x107, 0x4d, 0x108,
    0x109, 0x10a, 0x10b, 0x4e, 0x0, 0x0, 0x0, 0x0, 0x0, 0x0,
    0x0, 0x0, 0x0, 0x0, 0x0, 0x0, 0x0, 0x0, 0x0, 0x0,
    0x0, 0x0, 0x0, 0x0, 0x0, 0x0, 0x0, 0x0, 0x0, 0x0,
    0x0, 0x0, 0x0, 0x0, 0x0, 0x0, 0x4f, 0x50, 0x10c, 0x0,
    0xf5, 0x0, 0x0, 0x0, 0x0, 0x0, 0x10d, 0x10e, 0x0, 0x0,
    0x0, 0x0, 0x0, 0x0, 0x0, 0x10f, 0x0, 0x0, 0x0, 0x110,
    0x0, 0x0, 0x0, 0x111, 0x0, 0x0, 0x0, 0x0, 0x0, 0x0,
    0x0, 0x112, 0x0, 0x113, 0x0, 0x0, 0x0, 0x0, 0x0, 0x0,
    0x0, 0x0, 0x0, 0x0, 0x0, 0x0, 0x0, 0x0, 0x0, 0x0,
    0x0, 0x0, 0x51, 0x52, 0x53, 0x0, 0x0, 0x0, 0x0, 0x0,
    0x0, 0x0, 0x0, 0x0, 0x54, 0x114, 0x115, 0x0, 0x55, 0x116,
    0x0, 0x0, 0x0, 0x0, 0x0, 0x0, 0x0, 0x0, 0x0, 0x0,
    0x0, 0x0, 0x0, 0x0, 0x0, 0x0, 0x0, 0x0, 0x0, 0x0,
    0x0, 0x0, 0x0, 0x0, 0x0, 0x0, 0x0, 0x0, 0x0, 0x0,
    0x0, 0x0, 0x0, 0x0, 0x0, 0x0, 0x0, 0x117, 0x0, 0x0,
    0x0, 0x0, 0x0, 0x0, 0x0, 0x0, 0x0, 0x0, 0x0, 0x0,
    0x0, 0x0, 0x0, 0x0, 0x0, 0x0, 0x0, 0x0, 0x0, 0x0,
    0x0, 0x0, 0x0, 0x0, 0x0, 0x0, 0x0, 0x0, 0x0, 0x0,
    0x0, 0x0, 0x0, 0x0, 0x0, 0x0, 0x0, 0x0, 0x0, 0x0,
    0x0, 0x0, 0x0, 0x0, 0x0, 0x0, 0x56, 0x57, 0x58, 0x59,
    0x5a, 0x5b, 0x5c, 0x5d, 0x5e, 0x0, 0x0, 0x0, 0x0, 0x0,
    0x0, 0x0, 0x0, 0x0, 0x0, 0x0, 0x0, 0x0, 0x0, 0x0,
    0x0, 0x0, 0x0, 0x0, 0x0, 0x0, 0x0, 0x0, 0x0, 0x0,
    0x0, 0x0, 0x0, 0x0, 0x0, 0x0, 0x0, 0x0, 0x0, 0x0,
    0x0, 0x0, 0x0, 0x0, 0xb, 0xc, 0x0, 0x0, 0x0, 0x0,
    0xd, 0x0, 0x0, 0x0, 0x0, 0xe, 0xf, 0x10, 0x11, 0x12,
    0x0, 0x0, 0x0, 0x0, 0x0, 0x0, 0x0, 0x0, 0x0, 0x0,
    0x0, 0x0, 0x0, 0x0, 0x0, 0x13, 0x0, 0x0, 0x0, 0x0,
    0x0, 0x0, 0x0, 0x0, 0x0, 0x0, 0x0, 0x0, 0x0, 0x0,
    0x0, 0x0,
};

const uint16_t burrow__norm_nfkc_sparse_offset[185] = {
    0x0, 0xe, 0x12, 0x1c, 0x26, 0x36, 0x38, 0x3d, 0x48, 0x57,
    0x64, 0x6c, 0x71, 0x76, 0x78, 0x7c, 0x84, 0x8b, 0x8e, 0x96,
    0x9a, 0x9e, 0xa0, 0xa2, 0xab, 0xaf, 0xb6, 0xbb, 0xbe, 0xc8,
    0xcb, 0xd2, 0xda, 0xde, 0xe0, 0xe4, 0xe8, 0xee, 0xff, 0x10b,
    0x10d, 0x113, 0x115, 0x117, 0x119, 0x11b, 0x11d, 0x11f, 0x121, 0x124,
    0x127, 0x129, 0x12c, 0x12f, 0x133, 0x139, 0x145, 0x14e, 0x150, 0x153,
    0x155, 0x160, 0x16b, 0x179, 0x187, 0x197, 0x1a5, 0x1ac, 0x1b2, 0x1c1,
    0x1c5, 0x1c7, 0x1cb, 0x1cd, 0x1d0, 0x1d2, 0x1d5, 0x1d7, 0x1da, 0x1dc,
    0x1de, 0x1e0, 0x1ec, 0x1f6, 0x200, 0x203, 0x207, 0x209, 0x20b, 0x211,
    0x214, 0x217, 0x219, 0x21b, 0x21d, 0x21f, 0x225, 0x228, 0x22d, 0x22f,
    0x236, 0x23c, 0x242, 0x24a, 0x250, 0x256, 0x25c, 0x260, 0x262, 0x264,
    0x266, 0x268, 0x26d, 0x273, 0x276, 0x278, 0x27a, 0x27c, 0x27f, 0x285,
    0x289, 0x28d, 0x295, 0x29c, 0x29f, 0x2a2, 0x2a4, 0x2a7, 0x2af, 0x2b9,
    0x2c0, 0x2c4, 0x2cb, 0x2ce, 0x2d4, 0x2d6, 0x2d8, 0x2db, 0x2dd, 0x2e0,
    0x2e5, 0x2e7, 0x2e9, 0x2eb, 0x2ed, 0x2ef, 0x2f2, 0x2f4, 0x2f6, 0x303,
    0x305, 0x307, 0x30d, 0x30f, 0x311, 0x314, 0x321, 0x32b, 0x32d, 0x32f,
    0x333, 0x338, 0x344, 0x349, 0x352, 0x358, 0x35d, 0x361, 0x366, 0x36a,
    0x37a, 0x388, 0x396, 0x3a4, 0x3a6, 0x3a8, 0x3aa, 0x3ae, 0x3b1, 0x3b6,
    0x3b8, 0x3bb, 0x3c6, 0x3c8, 0x3d2,
};

const NormValueRange burrow__norm_nfc_sparse_values[787] = {
    {0x0000, 0x04, 0x00}, {0xa100, 0xa8, 0xa8}, {0x8100, 0xaf, 0xaf}, {0x8100, 0xb4, 0xb4},
    {0x8100, 0xb8, 0xb8}, {0x0091, 0x03, 0x00}, {0x4859, 0xa0, 0xa1}, {0x488b, 0xaf, 0xb0},
    {0xa000, 0xb7, 0xb7}, {0x0000, 0x01, 0x00}, {0xa000, 0x92, 0x92}, {0x0000, 0x01, 0x00},
    {0x8100, 0x98, 0x9d}, {0x0006, 0x0a, 0x00}, {0xa000, 0x81, 0x81}, {0xa000, 0x85, 0x85},
    {0xa000, 0x89, 0x89}, {0x49b7, 0x8a, 0x8a}, {0x49d5, 0x8b, 0x8b}, {0x3626, 0x8c, 0x8c},
    {0x363e, 0x8d, 0x8d}, {0x49ed, 0x8e, 0x8e}, {0xa000, 0x92, 0x92}, {0x365c, 0x93, 0x94},
    {0x0000, 0x0f, 0x00}, {0xa000, 0x83, 0x83}, {0xa000, 0x87, 0x87}, {0xa000, 0x8b, 0x8b},
    {0xa000, 0x8d, 0x8d}, {0x3704, 0x90, 0x90}, {0x3710, 0x91, 0x91}, {0x36fe, 0x93, 0x93},
    {0xa000, 0x96, 0x96}, {0x3776, 0x97, 0x97}, {0x3740, 0x9c, 0x9c}, {0x3728, 0x9d, 0x9d},
    {0x3752, 0x9e, 0x9e}, {0xa000, 0xb4, 0xb5}, {0x377c, 0xb6, 0xb6}, {0x3782, 0xb7, 0xb7},
    {0x0000, 0x01, 0x00}, {0x8133, 0x83, 0x87}, {0x0001, 0x04, 0x00}, {0x8114, 0x81, 0x82},
    {0x8133, 0x84, 0x84}, {0x812e, 0x85, 0x85}, {0x810e, 0x87, 0x87}, {0x0000, 0x0a, 0x00},
    {0x8133, 0x90, 0x97}, {0x811a, 0x98, 0x98}, {0x811b, 0x99, 0x99}, {0x811c, 0x9a, 0x9a},
    {0x37a0, 0xa2, 0xa2}, {0x37a6, 0xa3, 0xa3}, {0x37b2, 0xa4, 0xa4}, {0x37ac, 0xa5, 0xa5},
    {0x37b8, 0xa6, 0xa6}, {0xa000, 0xa7, 0xa7}, {0x0000, 0x0e, 0x00}, {0x37ca, 0x80, 0x80},
    {0xa000, 0x81, 0x81}, {0x37be, 0x82, 0x82}, {0xa000, 0x92, 0x92}, {0x37c4, 0x93, 0x93},
    {0xa000, 0x95, 0x95}, {0x8133, 0x96, 0x9c}, {0x8133, 0x9f, 0xa2}, {0x812e, 0xa3, 0xa3},
    {0x8133, 0xa4, 0xa4}, {0x8133, 0xa7, 0xa8}, {0x812e, 0xaa, 0xaa}, {0x8133, 0xab, 0xac},
    {0x812e, 0xad, 0xad}, {0x0000, 0x0c, 0x00}, {0x8120, 0x91, 0x91}, {0x8133, 0xb0, 0xb0},
    {0x812e, 0xb1, 0xb1}, {0x8133, 0xb2, 0xb3}, {0x812e, 0xb4, 0xb4}, {0x8133, 0xb5, 0xb6},
    {0x812e, 0xb7, 0xb9}, {0x8133, 0xba, 0xba}, {0x812e, 0xbb, 0xbc}, {0x8133, 0xbd, 0xbd},
    {0x812e, 0xbe, 0xbe}, {0x8133, 0xbf, 0xbf}, {0x0005, 0x07, 0x00}, {0x8133, 0x80, 0x80},
    {0x8133, 0x81, 0x81}, {0x812e, 0x82, 0x83}, {0x812e, 0x84, 0x85}, {0x812e, 0x86, 0x87},
    {0x812e, 0x88, 0x89}, {0x8133, 0x8a, 0x8a}, {0x0000, 0x04, 0x00}, {0x8133, 0xab, 0xb1},
    {0x812e, 0xb2, 0xb2}, {0x8133, 0xb3, 0xb3}, {0x812e, 0xbd, 0xbd}, {0x0000, 0x04, 0x00},
    {0x8133, 0x96, 0x99}, {0x8133, 0x9b, 0xa3}, {0x8133, 0xa5, 0xa7}, {0x8133, 0xa9, 0xad},
    {0x0000, 0x01, 0x00}, {0x812e, 0x99, 0x9b}, {0x0000, 0x03, 0x00}, {0x8133, 0x97, 0x98},
    {0x812e, 0x99, 0x9b}, {0x8133, 0x9c, 0x9f}, {0x0000, 0x07, 0x00}, {0xa000, 0xa8, 0xa8},
    {0x3e37, 0xa9, 0xa9}, {0xa000, 0xb0, 0xb0}, {0x3e3f, 0xb1, 0xb1}, {0xa000, 0xb3, 0xb3},
    {0x3e47, 0xb4, 0xb4}, {0x9903, 0xbc, 0xbc}, {0x0008, 0x06, 0x00}, {0x8105, 0x8d, 0x8d},
    {0x8133, 0x91, 0x91}, {0x812e, 0x92, 0x92}, {0x8133, 0x93, 0x93}, {0x8133, 0x94, 0x94},
    {0x461b, 0x98, 0x9f}, {0x0000, 0x02, 0x00}, {0x8103, 0xbc, 0xbc}, {0x9900, 0xbe, 0xbe},
    {0x0008, 0x07, 0x00}, {0xa000, 0x87, 0x87}, {0x3e4f, 0x8b, 0x8c}, {0x8105, 0x8d, 0x8d},
    {0x9900, 0x97, 0x97}, {0x465b, 0x9c, 0x9d}, {0x466b, 0x9f, 0x9f}, {0x8133, 0xbe, 0xbe},
    {0x0000, 0x03, 0x00}, {0x4693, 0xb3, 0xb3}, {0x469b, 0xb6, 0xb6}, {0x8103, 0xbc, 0xbc},
    {0x0008, 0x03, 0x00}, {0x8105, 0x8d, 0x8d}, {0x4673, 0x99, 0x9b}, {0x468b, 0x9e, 0x9e},
    {0x0000, 0x01, 0x00}, {0x8103, 0xbc, 0xbc}, {0x0000, 0x01, 0x00}, {0x8105, 0x8d, 0x8d},
    {0x0000, 0x08, 0x00}, {0xa000, 0x87, 0x87}, {0x3e67, 0x88, 0x88}, {0x3e5f, 0x8b, 0x8b},
    {0x3e6f, 0x8c, 0x8c}, {0x8105, 0x8d, 0x8d}, {0x9900, 0x96, 0x97}, {0x46a3, 0x9c, 0x9c},
    {0x46ab, 0x9d, 0x9d}, {0x0000, 0x03, 0x00}, {0xa000, 0x92, 0x92}, {0x3e77, 0x94, 0x94},
    {0x9900, 0xbe, 0xbe}, {0x0000, 0x06, 0x00}, {0xa000, 0x86, 0x87}, {0x3e7f, 0x8a, 0x8a},
    {0x3e8f, 0x8b, 0x8b}, {0x3e87, 0x8c, 0x8c}, {0x8105, 0x8d, 0x8d}, {0x9900, 0x97, 0x97},
    {0x1801, 0x04, 0x00}, {0xa000, 0x86, 0x86}, {0x3e97, 0x88, 0x88}, {0x8105, 0x8d, 0x8d},
    {0x8121, 0x95, 0x96}, {0x0000, 0x02, 0x00}, {0x8103, 0xbc, 0xbc}, {0xa000, 0xbf, 0xbf},
    {0x0000, 0x09, 0x00}, {0x3e9f, 0x80, 0x80}, {0x9900, 0x82, 0x82}, {0xa000, 0x86, 0x86},
    {0x3ea7, 0x87, 0x87}, {0x3eaf, 0x88, 0x88}, {0x4b25, 0x8a, 0x8a}, {0x4331, 0x8b, 0x8b},
    {0x8105, 0x8d, 0x8d}, {0x9900, 0x95, 0x96}, {0x0000, 0x02, 0x00}, {0x8105, 0xbb, 0xbc},
    {0x9900, 0xbe, 0xbe}, {0x0000, 0x06, 0x00}, {0xa000, 0x86, 0x87}, {0x3eb7, 0x8a, 0x8a},
    {0x3ec7, 0x8b, 0x8b}, {0x3ebf, 0x8c, 0x8c}, {0x8105, 0x8d, 0x8d}, {0x9900, 0x97, 0x97},
    {0x5a29, 0x07, 0x00}, {0x9905, 0x8a, 0x8a}, {0x9900, 0x8f, 0x8f}, {0xa000, 0x99, 0x99},
    {0x3ecf, 0x9a, 0x9a}, {0x4b2d, 0x9c, 0x9c}, {0x433c, 0x9d, 0x9d}, {0x3ed7, 0x9e, 0x9f},
    {0x0000, 0x02, 0x00}, {0x8123, 0xb8, 0xb9}, {0x8105, 0xba, 0xba}, {0x0000, 0x01, 0x00},
    {0x8124, 0x88, 0x8b}, {0x0000, 0x02, 0x00}, {0x8125, 0xb8, 0xb9}, {0x8105, 0xba, 0xba},
    {0x0000, 0x01, 0x00}, {0x8126, 0x88, 0x8b}, {0x0000, 0x04, 0x00}, {0x812e, 0x98, 0x99},
    {0x812e, 0xb5, 0xb5}, {0x812e, 0xb7, 0xb7}, {0x812c, 0xb9, 0xb9}, {0x0000, 0x10, 0x00},
    {0x2774, 0x83, 0x83}, {0x277b, 0x8d, 0x8d}, {0x2782, 0x92, 0x92}, {0x2789, 0x97, 0x97},
    {0x2790, 0x9c, 0x9c}, {0x276d, 0xa9, 0xa9}, {0x8127, 0xb1, 0xb1}, {0x8128, 0xb2, 0xb2},
    {0x4ca5, 0xb3, 0xb3}, {0x8129, 0xb4, 0xb4}, {0x4cae, 0xb5, 0xb5}, {0x46b3, 0xb6, 0xb6},
    {0x8200, 0xb7, 0xb7}, {0x46bb, 0xb8, 0xb8}, {0x8200, 0xb9, 0xb9}, {0x8128, 0xba, 0xbd},
    {0x0000, 0x0b, 0x00}, {0x8128, 0x80, 0x80}, {0x4cb7, 0x81, 0x81}, {0x8133, 0x82, 0x83},
    {0x8105, 0x84, 0x84}, {0x8133, 0x86, 0x87}, {0x279e, 0x93, 0x93}, {0x27a5, 0x9d, 0x9d},
    {0x27ac, 0xa2, 0xa2}, {0x27b3, 0xa7, 0xa7}, {0x27ba, 0xac, 0xac}, {0x2797, 0xb9, 0xb9},
    {0x0000, 0x01, 0x00}, {0x812e, 0x86, 0x86}, {0x0000, 0x05, 0x00}, {0xa000, 0xa5, 0xa5},
    {0x3edf, 0xa6, 0xa6}, {0x9900, 0xae, 0xae}, {0x8103, 0xb7, 0xb7}, {0x8105, 0xb9, 0xba},
    {0x0000, 0x01, 0x00}, {0x812e, 0x8d, 0x8d}, {0x0000, 0x01, 0x00}, {0xa000, 0x80, 0x92},
    {0x0000, 0x01, 0x00}, {0xb900, 0xa1, 0xb5}, {0x0000, 0x01, 0x00}, {0x9900, 0xa8, 0xbf},
    {0x0000, 0x01, 0x00}, {0x9900, 0x80, 0x82}, {0x0000, 0x01, 0x00}, {0x8133, 0x9d, 0x9f},
    {0x0000, 0x02, 0x00}, {0x8105, 0x94, 0x95}, {0x8105, 0xb4, 0xb4}, {0x0000, 0x02, 0x00},
    {0x8105, 0x92, 0x92}, {0x8133, 0x9d, 0x9d}, {0x0000, 0x01, 0x00}, {0x8132, 0xa9, 0xa9},
    {0x0004, 0x02, 0x00}, {0x812f, 0xb9, 0xba}, {0x812e, 0xbb, 0xbb}, {0x0000, 0x02, 0x00},
    {0x8133, 0x97, 0x97}, {0x812e, 0x98, 0x98}, {0x0000, 0x03, 0x00}, {0x8105, 0xa0, 0xa0},
    {0x8133, 0xb5, 0xbc}, {0x812e, 0xbf, 0xbf}, {0x0000, 0x05, 0x00}, {0x8133, 0xb0, 0xb4},
    {0x812e, 0xb5, 0xba}, {0x8133, 0xbb, 0xbc}, {0x812e, 0xbd, 0xbd}, {0x812e, 0xbf, 0xbf},
    {0x0000, 0x0b, 0x00}, {0x812e, 0x80, 0x80}, {0x8133, 0x81, 0x82}, {0x812e, 0x83, 0x84},
    {0x8133, 0x85, 0x89}, {0x812e, 0x8a, 0x8a}, {0x8133, 0x8b, 0x9c}, {0x812e, 0x9d, 0x9d},
    {0x8133, 0xa0, 0xa5}, {0x812e, 0xa6, 0xa6}, {0x8133, 0xa7, 0xaa}, {0x8136, 0xab, 0xab},
    {0x0000, 0x08, 0x00}, {0x3f27, 0x80, 0x80}, {0x3f2f, 0x81, 0x81}, {0xa000, 0x82, 0x82},
    {0x3f37, 0x83, 0x83}, {0x8105, 0x84, 0x84}, {0x8133, 0xab, 0xab}, {0x812e, 0xac, 0xac},
    {0x8133, 0xad, 0xb3}, {0x0000, 0x01, 0x00}, {0x8105, 0xaa, 0xab}, {0x0000, 0x02, 0x00},
    {0x8103, 0xa6, 0xa6}, {0x8105, 0xb2, 0xb3}, {0x0000, 0x01, 0x00}, {0x8103, 0xb7, 0xb7},
    {0x0000, 0x0a, 0x00}, {0x8133, 0x90, 0x92}, {0x8101, 0x94, 0x94}, {0x812e, 0x95, 0x99},
    {0x8133, 0x9a, 0x9b}, {0x812e, 0x9c, 0x9f}, {0x8133, 0xa0, 0xa0}, {0x8101, 0xa2, 0xa8},
    {0x812e, 0xad, 0xad}, {0x8133, 0xb4, 0xb4}, {0x8133, 0xb8, 0xb9}, {0x0004, 0x03, 0x00},
    {0x052a, 0x80, 0x81}, {0x8100, 0x97, 0x97}, {0x8100, 0xbe, 0xbe}, {0x0000, 0x0d, 0x00},
    {0x8133, 0x90, 0x91}, {0x8101, 0x92, 0x93}, {0x8133, 0x94, 0x97}, {0x8101, 0x98, 0x9a},
    {0x8133, 0x9b, 0x9c}, {0x8133, 0xa1, 0xa1}, {0x8101, 0xa5, 0xa6}, {0x8133, 0xa7, 0xa7},
    {0x812e, 0xa8, 0xa8}, {0x8133, 0xa9, 0xa9}, {0x8101, 0xaa, 0xab}, {0x812e, 0xac, 0xaf},
    {0x8133, 0xb0, 0xb0}, {0x437a, 0x02, 0x00}, {0x023c, 0xa6, 0xa6}, {0x0057, 0xaa, 0xab},
    {0x0007, 0x05, 0x00}, {0xa000, 0x90, 0x90}, {0xa000, 0x92, 0x92}, {0xa000, 0x94, 0x94},
    {0x3b18, 0x9a, 0x9b}, {0x3b26, 0xae, 0xae}, {0x000e, 0x05, 0x00}, {0x3b2d, 0x8d, 0x8e},
    {0x3b34, 0x8f, 0x8f}, {0xa000, 0x90, 0x90}, {0xa000, 0x92, 0x92}, {0xa000, 0x94, 0x94},
    {0x64a9, 0x0a, 0x00}, {0xa000, 0x83, 0x83}, {0x3b42, 0x84, 0x84}, {0xa000, 0x88, 0x88},
    {0x3b49, 0x89, 0x89}, {0xa000, 0x8b, 0x8b}, {0x3b50, 0x8c, 0x8c}, {0xa000, 0xa3, 0xa3},
    {0x3b57, 0xa4, 0xa5}, {0x3b5e, 0xa6, 0xa6}, {0xa000, 0xbc, 0xbc}, {0x0007, 0x03, 0x00},
    {0x3bc7, 0xa0, 0xa1}, {0x3bf1, 0xa2, 0xa3}, {0x3c1b, 0xaa, 0xad}, {0x0004, 0x01, 0x00},
    {0x0586, 0xa9, 0xaa}, {0x0000, 0x01, 0x00}, {0x45dc, 0x9c, 0x9c}, {0x0000, 0x01, 0x00},
    {0x8133, 0xaf, 0xb1}, {0x0000, 0x01, 0x00}, {0x8105, 0xbf, 0xbf}, {0x0000, 0x01, 0x00},
    {0x8133, 0xa0, 0xbf}, {0x0000, 0x05, 0x00}, {0x812d, 0xaa, 0xaa}, {0x8132, 0xab, 0xab},
    {0x8134, 0xac, 0xac}, {0x812f, 0xad, 0xad}, {0x8130, 0xae, 0xaf}, {0x0000, 0x03, 0x00},
    {0x4cc0, 0xb3, 0xb3}, {0x4cc0, 0xb5, 0xb6}, {0x4cc0, 0xba, 0xbf}, {0x0000, 0x01, 0x00},
    {0x4cc0, 0x8f, 0xa3}, {0x0000, 0x01, 0x00}, {0x8100, 0xae, 0xbe}, {0x0000, 0x07, 0x00},
    {0x8100, 0x84, 0x84}, {0x8100, 0x87, 0x87}, {0x8100, 0x90, 0x90}, {0x8100, 0x9e, 0x9e},
    {0x8100, 0xa1, 0xa1}, {0x8100, 0xb2, 0xb2}, {0x8100, 0xbb, 0xbb}, {0x0000, 0x03, 0x00},
    {0x8100, 0x80, 0x80}, {0x8100, 0x8b, 0x8b}, {0x8100, 0x8e, 0x8e}, {0x0000, 0x02, 0x00},
    {0x8133, 0xaf, 0xaf}, {0x8133, 0xb4, 0xbd}, {0x0000, 0x01, 0x00}, {0x8133, 0x9e, 0x9f},
    {0x0000, 0x01, 0x00}, {0x8133, 0xb0, 0xb1}, {0x0000, 0x02, 0x00}, {0x8105, 0x86, 0x86},
    {0x8105, 0xac, 0xac}, {0x0000, 0x02, 0x00}, {0x8105, 0x84, 0x84}, {0x8133, 0xa0, 0xb1},
    {0x0000, 0x01, 0x00}, {0x812e, 0xab, 0xad}, {0x0000, 0x01, 0x00}, {0x8105, 0x93, 0x93},
    {0x0000, 0x01, 0x00}, {0x8103, 0xb3, 0xb3}, {0x0000, 0x01, 0x00}, {0x8105, 0x80, 0x80},
    {0x0000, 0x05, 0x00}, {0x8133, 0xb0, 0xb0}, {0x8133, 0xb2, 0xb3}, {0x812e, 0xb4, 0xb4},
    {0x8133, 0xb7, 0xb8}, {0x8133, 0xbe, 0xbf}, {0x0000, 0x02, 0x00}, {0x8133, 0x81, 0x81},
    {0x8105, 0xb6, 0xb6}, {0x0000, 0x01, 0x00}, {0x8105, 0xad, 0xad}, {0x0000, 0x06, 0x00},
    {0xe500, 0x80, 0x80}, {0xc600, 0x81, 0x9b}, {0xe500, 0x9c, 0x9c}, {0xc600, 0x9d, 0xb7},
    {0xe500, 0xb8, 0xb8}, {0xc600, 0xb9, 0xbf}, {0x0000, 0x05, 0x00}, {0xc600, 0x80, 0x93},
    {0xe500, 0x94, 0x94}, {0xc600, 0x95, 0xaf}, {0xe500, 0xb0, 0xb0}, {0xc600, 0xb1, 0xbf},
    {0x0000, 0x05, 0x00}, {0xc600, 0x80, 0x8b}, {0xe500, 0x8c, 0x8c}, {0xc600, 0x8d, 0xa7},
    {0xe500, 0xa8, 0xa8}, {0xc600, 0xa9, 0xbf}, {0x0000, 0x07, 0x00}, {0xc600, 0x80, 0x83},
    {0xe500, 0x84, 0x84}, {0xc600, 0x85, 0x9f}, {0xe500, 0xa0, 0xa0}, {0xc600, 0xa1, 0xbb},
    {0xe500, 0xbc, 0xbc}, {0xc600, 0xbd, 0xbf}, {0x0000, 0x05, 0x00}, {0xc600, 0x80, 0x97},
    {0xe500, 0x98, 0x98}, {0xc600, 0x99, 0xb3}, {0xe500, 0xb4, 0xb4}, {0xc600, 0xb5, 0xbf},
    {0x0000, 0x05, 0x00}, {0xc600, 0x80, 0x8f}, {0xe500, 0x90, 0x90}, {0xc600, 0x91, 0xab},
    {0xe500, 0xac, 0xac}, {0xc600, 0xad, 0xbf}, {0x0000, 0x05, 0x00}, {0xc600, 0x80, 0x87},
    {0xe500, 0x88, 0x88}, {0xc600, 0x89, 0xa3}, {0xe500, 0xa4, 0xa4}, {0xc600, 0xa5, 0xbf},
    {0x0000, 0x03, 0x00}, {0xc600, 0x80, 0x87}, {0xe500, 0x88, 0x88}, {0xc600, 0x89, 0xa3},
    {0x0006, 0x0d, 0x00}, {0x448f, 0x9d, 0x9d}, {0x8116, 0x9e, 0x9e}, {0x4501, 0x9f, 0x9f},
    {0x44ef, 0xaa, 0xab}, {0x45f3, 0xac, 0xac}, {0x45fb, 0xad, 0xad}, {0x4447, 0xae, 0xb1},
    {0x4465, 0xb2, 0xb4}, {0x447d, 0xb5, 0xb6}, {0x4489, 0xb8, 0xb8}, {0x4495, 0xb9, 0xbb},
    {0x44ad, 0xbc, 0xbc}, {0x44b3, 0xbe, 0xbe}, {0x0006, 0x08, 0x00}, {0x44b9, 0x80, 0x81},
    {0x44c5, 0x83, 0x84}, {0x44d7, 0x86, 0x89}, {0x44fb, 0x8a, 0x8a}, {0x4477, 0x8b, 0x8b},
    {0x445f, 0x8c, 0x8c}, {0x44a7, 0x8d, 0x8d}, {0x44d1, 0x8e, 0x8e}, {0x0000, 0x02, 0x00},
    {0x8100, 0xa4, 0xa5}, {0x8100, 0xb0, 0xb1}, {0x0000, 0x02, 0x00}, {0x8100, 0x9b, 0x9d},
    {0x8200, 0x9e, 0xa3}, {0x0000, 0x01, 0x00}, {0x8100, 0x90, 0x90}, {0x0000, 0x02, 0x00},
    {0x8100, 0x99, 0x99}, {0x8200, 0xb2, 0xb4}, {0x0000, 0x01, 0x00}, {0x8100, 0xbc, 0xbd},
    {0x0000, 0x03, 0x00}, {0x8133, 0xa0, 0xa6}, {0x812e, 0xa7, 0xad}, {0x8133, 0xae, 0xaf},
    {0x0000, 0x04, 0x00}, {0x8100, 0x89, 0x8c}, {0x8100, 0xb0, 0xb2}, {0x8100, 0xb4, 0xb4},
    {0x8100, 0xb6, 0xbf}, {0x0000, 0x01, 0x00}, {0x8100, 0x81, 0x8c}, {0x0000, 0x01, 0x00},
    {0x8100, 0xb5, 0xba}, {0x0000, 0x04, 0x00}, {0x4cc0, 0x9e, 0x9f}, {0x4cc0, 0xa3, 0xa3},
    {0x4cc0, 0xa5, 0xa6}, {0x4cc0, 0xaa, 0xaf}, {0x0000, 0x05, 0x00}, {0x4cc0, 0x82, 0x87},
    {0x4cc0, 0x8a, 0x8f}, {0x4cc0, 0x92, 0x97}, {0x4cc0, 0x9a, 0x9c}, {0x8100, 0xa3, 0xa3},
    {0x0000, 0x01, 0x00}, {0x812e, 0xbd, 0xbd}, {0x0000, 0x01, 0x00}, {0x812e, 0xa0, 0xa0},
    {0x0000, 0x01, 0x00}, {0x8133, 0xb6, 0xba}, {0x0000, 0x04, 0x00}, {0x410f, 0x89, 0x89},
    {0xa000, 0x92, 0x92}, {0xa000, 0x9a, 0x9a}, {0x4117, 0xa4, 0xa4}, {0x002d, 0x05, 0x00},
    {0x812e, 0x8d, 0x8d}, {0x8133, 0x8f, 0x8f}, {0x8133, 0xb8, 0xb8}, {0x8101, 0xb9, 0xba},
    {0x8105, 0xbf, 0xbf}, {0x0000, 0x02, 0x00}, {0x8133, 0xa5, 0xa5}, {0x812e, 0xa6, 0xa6},
    {0x0000, 0x01, 0x00}, {0x8133, 0xa4, 0xa7}, {0x0000, 0x01, 0x00}, {0x8133, 0xa9, 0xad},
    {0x0000, 0x01, 0x00}, {0x8133, 0xab, 0xac}, {0x0000, 0x02, 0x00}, {0x812e, 0xba, 0xbb},
    {0x812e, 0xbd, 0xbf}, {0x0000, 0x05, 0x00}, {0x812e, 0x86, 0x87}, {0x8133, 0x88, 0x8a},
    {0x812e, 0x8b, 0x8b}, {0x8133, 0x8c, 0x8c}, {0x812e, 0x8d, 0x90}, {0x0005, 0x03, 0x00},
    {0x8133, 0x82, 0x82}, {0x812e, 0x83, 0x84}, {0x812e, 0x85, 0x85}, {0x0000, 0x03, 0x00},
    {0x8105, 0x86, 0x86}, {0x8105, 0xb0, 0xb0}, {0x8105, 0xbf, 0xbf}, {0x17fe, 0x07, 0x00},
    {0xa000, 0x99, 0x99}, {0x4287, 0x9a, 0x9a}, {0xa000, 0x9b, 0x9b}, {0x4291, 0x9c, 0x9c},
    {0xa000, 0xa5, 0xa5}, {0x429b, 0xab, 0xab}, {0x8105, 0xb9, 0xba}, {0x0000, 0x06, 0x00},
    {0x8133, 0x80, 0x82}, {0x9900, 0xa7, 0xa7}, {0x42a5, 0xae, 0xae}, {0x42af, 0xaf, 0xaf},
    {0xa000, 0xb1, 0xb2}, {0x8105, 0xb3, 0xb4}, {0x0000, 0x02, 0x00}, {0x8105, 0x80, 0x80},
    {0x8103, 0x8a, 0x8a}, {0x0000, 0x02, 0x00}, {0x8105, 0xb5, 0xb5}, {0x8103, 0xb6, 0xb6},
    {0x0002, 0x01, 0x00}, {0x8103, 0xa9, 0xaa}, {0x0000, 0x02, 0x00}, {0x8103, 0xbb, 0xbc},
    {0x9900, 0xbe, 0xbe}, {0x0000, 0x07, 0x00}, {0xa000, 0x87, 0x87}, {0x42b9, 0x8b, 0x8b},
    {0x42c3, 0x8c, 0x8c}, {0x8105, 0x8d, 0x8d}, {0x9900, 0x97, 0x97}, {0x8133, 0xa6, 0xac},
    {0x8133, 0xb0, 0xb4}, {0x5d33, 0x09, 0x00}, {0xa000, 0x82, 0x82}, {0x42cd, 0x83, 0x84},
    {0x42d7, 0x85, 0x85}, {0xa000, 0x8b, 0x8b}, {0x42e1, 0x8e, 0x8e}, {0xa000, 0x90, 0x90},
    {0x42eb, 0x91, 0x91}, {0x9900, 0xb8, 0xb8}, {0x9900, 0xbb, 0xbb}, {0x0000, 0x06, 0x00},
    {0xb900, 0x82, 0x82}, {0x4c14, 0x85, 0x85}, {0x4c09, 0x87, 0x87}, {0x4c1f, 0x88, 0x88},
    {0x9900, 0x89, 0x89}, {0x8105, 0x8e, 0x90}, {0x0000, 0x03, 0x00}, {0x8105, 0x82, 0x82},
    {0x8103, 0x86, 0x86}, {0x8133, 0x9e, 0x9e}, {0x560b, 0x06, 0x00}, {0x9900, 0xb0, 0xb0},
    {0xa000, 0xb9, 0xb9}, {0x9900, 0xba, 0xba}, {0x42ff, 0xbb, 0xbb}, {0x42f5, 0xbc, 0xbd},
    {0x4309, 0xbe, 0xbe}, {0x0000, 0x02, 0x00}, {0x8105, 0x82, 0x82}, {0x8103, 0x83, 0x83},
    {0x0000, 0x05, 0x00}, {0x9900, 0xaf, 0xaf}, {0xa000, 0xb8, 0xb9}, {0x4313, 0xba, 0xba},
    {0x431d, 0xbb, 0xbb}, {0x8105, 0xbf, 0xbf}, {0x0000, 0x01, 0x00}, {0x8103, 0x80, 0x80},
    {0x0000, 0x02, 0x00}, {0x8105, 0xb6, 0xb6}, {0x8103, 0xb7, 0xb7}, {0x0000, 0x01, 0x00},
    {0x8105, 0xab, 0xab}, {0x0000, 0x02, 0x00}, {0x8105, 0xb9, 0xb9}, {0x8103, 0xba, 0xba},
    {0x0000, 0x04, 0x00}, {0x9900, 0xb0, 0xb0}, {0xa000, 0xb5, 0xb5}, {0x4327, 0xb8, 0xb8},
    {0x8105, 0xbd, 0xbe}, {0x0000, 0x01, 0x00}, {0x8103, 0x83, 0x83}, {0x0000, 0x01, 0x00},
    {0x8105, 0xa0, 0xa0}, {0x0000, 0x01, 0x00}, {0x8105, 0xb4, 0xb4}, {0x0000, 0x01, 0x00},
    {0x8105, 0x87, 0x87}, {0x0000, 0x01, 0x00}, {0x8105, 0x99, 0x99}, {0x0000, 0x02, 0x00},
    {0x8103, 0x82, 0x82}, {0x8105, 0x84, 0x85}, {0x0000, 0x01, 0x00}, {0x8105, 0x97, 0x97},
    {0x0000, 0x01, 0x00}, {0x8105, 0x81, 0x82}, {0x0000, 0x0c, 0x00}, {0xb900, 0x9e, 0x9e},
    {0x9900, 0x9f, 0xa0}, {0x4c83, 0xa1, 0xa1}, {0x4c8e, 0xa2, 0xa2}, {0x4c2a, 0xa3, 0xa3},
    {0x4c40, 0xa4, 0xa4}, {0x4c35, 0xa5, 0xa5}, {0x4c56, 0xa6, 0xa6}, {0x4c74, 0xa7, 0xa7},
    {0x4c65, 0xa8, 0xa8}, {0xb900, 0xa9, 0xa9}, {0x8105, 0xaf, 0xaf}, {0x0000, 0x01, 0x00},
    {0x8101, 0xb0, 0xb4}, {0x0000, 0x01, 0x00}, {0x8133, 0xb0, 0xb6}, {0x0000, 0x05, 0x00},
    {0xa000, 0xa3, 0xa3}, {0xb900, 0xa7, 0xa7}, {0x4c4b, 0xa8, 0xa8}, {0x4b35, 0xa9, 0xa9},
    {0x4347, 0xaa, 0xaa}, {0x0000, 0x01, 0x00}, {0x8102, 0xb0, 0xb1}, {0x0000, 0x01, 0x00},
    {0x8101, 0x9e, 0x9e}, {0x0000, 0x0c, 0x00}, {0x4743, 0x9e, 0x9e}, {0x474d, 0x9f, 0x9f},
    {0x4781, 0xa0, 0xa0}, {0x478f, 0xa1, 0xa1}, {0x479d, 0xa2, 0xa2}, {0x47ab, 0xa3, 0xa3},
    {0x47b9, 0xa4, 0xa4}, {0x812c, 0xa5, 0xa6}, {0x8101, 0xa7, 0xa9}, {0x8131, 0xad, 0xad},
    {0x812c, 0xae, 0xb2}, {0x812e, 0xbb, 0xbf}, {0x0000, 0x09, 0x00}, {0x812e, 0x80, 0x82},
    {0x8133, 0x85, 0x89}, {0x812e, 0x8a, 0x8b}, {0x8133, 0xaa, 0xad}, {0x4757, 0xbb, 0xbb},
    {0x4761, 0xbc, 0xbc}, {0x47c7, 0xbd, 0xbd}, {0x47e3, 0xbe, 0xbe}, {0x47d5, 0xbf, 0xbf},
    {0x0000, 0x01, 0x00}, {0x47f1, 0x80, 0x80}, {0x0000, 0x01, 0x00}, {0x8133, 0x82, 0x84},
    {0x0000, 0x05, 0x00}, {0x8133, 0x80, 0x86}, {0x8133, 0x88, 0x98}, {0x8133, 0x9b, 0xa1},
    {0x8133, 0xa3, 0xa4}, {0x8133, 0xa6, 0xaa}, {0x0000, 0x01, 0x00}, {0x8133, 0x8f, 0x8f},
    {0x0000, 0x01, 0x00}, {0x8133, 0xae, 0xae}, {0x0000, 0x01, 0x00}, {0x8133, 0xac, 0xaf},
    {0x0000, 0x03, 0x00}, {0x8134, 0xac, 0xad}, {0x812e, 0xae, 0xae}, {0x8133, 0xaf, 0xaf},
    {0x0000, 0x02, 0x00}, {0x8133, 0xae, 0xae}, {0x812e, 0xaf, 0xaf}, {0x0000, 0x04, 0x00},
    {0x8133, 0xa3, 0xa3}, {0x8133, 0xa6, 0xa6}, {0x8133, 0xae, 0xaf}, {0x8133, 0xb5, 0xb5},
    {0x0000, 0x01, 0x00}, {0x812e, 0x90, 0x96}, {0x0000, 0x02, 0x00}, {0x8133, 0x84, 0x89},
    {0x8103, 0x8a, 0x8a}, {0x0000, 0x01, 0x00}, {0x8100, 0x93, 0x93},
};

const NormValueRange burrow__norm_nfkc_sparse_values[980] = {
    {0x0002, 0x0d, 0x00}, {0x0001, 0xa0, 0xa0}, {0x4377, 0xa8, 0xa8}, {0x0083, 0xaa, 0xaa},
    {0x4363, 0xaf, 0xaf}, {0x0025, 0xb2, 0xb3}, {0x4359, 0xb4, 0xb4}, {0x0260, 0xb5, 0xb5},
    {0x4390, 0xb8, 0xb8}, {0x0023, 0xb9, 0xb9}, {0x009f, 0xba, 0xba}, {0x234c, 0xbc, 0xbc},
    {0x2340, 0xbd, 0xbd}, {0x23e2, 0xbe, 0xbe}, {0x0091, 0x03, 0x00}, {0x4859, 0xa0, 0xa1},
    {0x488b, 0xaf, 0xb0}, {0xa000, 0xb7, 0xb7}, {0x0004, 0x09, 0x00}, {0xa000, 0x92, 0x92},
    {0x0091, 0xb0, 0xb0}, {0x0140, 0xb1, 0xb1}, {0x0095, 0xb2, 0xb2}, {0x00a5, 0xb3, 0xb3},
    {0x0179, 0xb4, 0xb4}, {0x017f, 0xb5, 0xb5}, {0x018b, 0xb6, 0xb6}, {0x00af, 0xb7, 0xb8},
    {0x000a, 0x09, 0x00}, {0x436d, 0x98, 0x98}, {0x4372, 0x99, 0x9a}, {0x4395, 0x9b, 0x9b},
    {0x435e, 0x9c, 0x9c}, {0x4381, 0x9d, 0x9d}, {0x0137, 0xa0, 0xa0}, {0x0099, 0xa1, 0xa1},
    {0x00a7, 0xa2, 0xa3}, {0x01b8, 0xa4, 0xa4}, {0x0000, 0x0f, 0x00}, {0xa000, 0x83, 0x83},
    {0xa000, 0x87, 0x87}, {0xa000, 0x8b, 0x8b}, {0xa000, 0x8d, 0x8d}, {0x3704, 0x90, 0x90},
    {0x3710, 0x91, 0x91}, {0x36fe, 0x93, 0x93}, {0xa000, 0x96, 0x96}, {0x3776, 0x97, 0x97},
    {0x3740, 0x9c, 0x9c}, {0x3728, 0x9d, 0x9d}, {0x3752, 0x9e, 0x9e}, {0xa000, 0xb4, 0xb5},
    {0x377c, 0xb6, 0xb6}, {0x3782, 0xb7, 0xb7}, {0x0000, 0x01, 0x00}, {0x8133, 0x83, 0x87},
    {0x0001, 0x04, 0x00}, {0x8114, 0x81, 0x82}, {0x8133, 0x84, 0x84}, {0x812e, 0x85, 0x85},
    {0x810e, 0x87, 0x87}, {0x0000, 0x0a, 0x00}, {0x8133, 0x90, 0x97}, {0x811a, 0x98, 0x98},
    {0x811b, 0x99, 0x99}, {0x811c, 0x9a, 0x9a}, {0x37a0, 0xa2, 0xa2}, {0x37a6, 0xa3, 0xa3},
    {0x37b2, 0xa4, 0xa4}, {0x37ac, 0xa5, 0xa5}, {0x37b8, 0xa6, 0xa6}, {0xa000, 0xa7, 0xa7},
    {0x0000, 0x0e, 0x00}, {0x37ca, 0x80, 0x80}, {0xa000, 0x81, 0x81}, {0x37be, 0x82, 0x82},
    {0xa000, 0x92, 0x92}, {0x37c4, 0x93, 0x93}, {0xa000, 0x95, 0x95}, {0x8133, 0x96, 0x9c},
    {0x8133, 0x9f, 0xa2}, {0x812e, 0xa3, 0xa3}, {0x8133, 0xa4, 0xa4}, {0x8133, 0xa7, 0xa8},
    {0x812e, 0xaa, 0xaa}, {0x8133, 0xab, 0xac}, {0x812e, 0xad, 0xad}, {0x0000, 0x0c, 0x00},
    {0x8120, 0x91, 0x91}, {0x8133, 0xb0, 0xb0}, {0x812e, 0xb1, 0xb1}, {0x8133, 0xb2, 0xb3},
    {0x812e, 0xb4, 0xb4}, {0x8133, 0xb5, 0xb6}, {0x812e, 0xb7, 0xb9}, {0x8133, 0xba, 0xba},
    {0x812e, 0xbb, 0xbc}, {0x8133, 0xbd, 0xbd}, {0x812e, 0xbe, 0xbe}, {0x8133, 0xbf, 0xbf},
    {0x0005, 0x07, 0x00}, {0x8133, 0x80, 0x80}, {0x8133, 0x81, 0x81}, {0x812e, 0x82, 0x83},
    {0x812e, 0x84, 0x85}, {0x812e, 0x86, 0x87}, {0x812e, 0x88, 0x89}, {0x8133, 0x8a, 0x8a},
    {0x0000, 0x04, 0x00}, {0x8133, 0xab, 0xb1}, {0x812e, 0xb2, 0xb2}, {0x8133, 0xb3, 0xb3},
    {0x812e, 0xbd, 0xbd}, {0x0000, 0x04, 0x00}, {0x8133, 0x96, 0x99}, {0x8133, 0x9b, 0xa3},
    {0x8133, 0xa5, 0xa7}, {0x8133, 0xa9, 0xad}, {0x0000, 0x01, 0x00}, {0x812e, 0x99, 0x9b},
    {0x0000, 0x03, 0x00}, {0x8133, 0x97, 0x98}, {0x812e, 0x99, 0x9b}, {0x8133, 0x9c, 0x9f},
    {0x0000, 0x07, 0x00}, {0xa000, 0xa8, 0xa8}, {0x3e37, 0xa9, 0xa9}, {0xa000, 0xb0, 0xb0},
    {0x3e3f, 0xb1, 0xb1}, {0xa000, 0xb3, 0xb3}, {0x3e47, 0xb4, 0xb4}, {0x9903, 0xbc, 0xbc},
    {0x0008, 0x06, 0x00}, {0x8105, 0x8d, 0x8d}, {0x8133, 0x91, 0x91}, {0x812e, 0x92, 0x92},
    {0x8133, 0x93, 0x93}, {0x8133, 0x94, 0x94}, {0x461b, 0x98, 0x9f}, {0x0000, 0x02, 0x00},
    {0x8103, 0xbc, 0xbc}, {0x9900, 0xbe, 0xbe}, {0x0008, 0x07, 0x00}, {0xa000, 0x87, 0x87},
    {0x3e4f, 0x8b, 0x8c}, {0x8105, 0x8d, 0x8d}, {0x9900, 0x97, 0x97}, {0x465b, 0x9c, 0x9d},
    {0x466b, 0x9f, 0x9f}, {0x8133, 0xbe, 0xbe}, {0x0000, 0x03, 0x00}, {0x4693, 0xb3, 0xb3},
    {0x469b, 0xb6, 0xb6}, {0x8103, 0xbc, 0xbc}, {0x0008, 0x03, 0x00}, {0x8105, 0x8d, 0x8d},
    {0x4673, 0x99, 0x9b}, {0x468b, 0x9e, 0x9e}, {0x0000, 0x01, 0x00}, {0x8103, 0xbc, 0xbc},
    {0x0000, 0x01, 0x00}, {0x8105, 0x8d, 0x8d}, {0x0000, 0x08, 0x00}, {0xa000, 0x87, 0x87},
    {0x3e67, 0x88, 0x88}, {0x3e5f, 0x8b, 0x8b}, {0x3e6f, 0x8c, 0x8c}, {0x8105, 0x8d, 0x8d},
    {0x9900, 0x96, 0x97}, {0x46a3, 0x9c, 0x9c}, {0x46ab, 0x9d, 0x9d}, {0x0000, 0x03, 0x00},
    {0xa000, 0x92, 0x92}, {0x3e77, 0x94, 0x94}, {0x9900, 0xbe, 0xbe}, {0x0000, 0x06, 0x00},
    {0xa000, 0x86, 0x87}, {0x3e7f, 0x8a, 0x8a}, {0x3e8f, 0x8b, 0x8b}, {0x3e87, 0x8c, 0x8c},
    {0x8105, 0x8d, 0x8d}, {0x9900, 0x97, 0x97}, {0x1801, 0x04, 0x00}, {0xa000, 0x86, 0x86},
    {0x3e97, 0x88, 0x88}, {0x8105, 0x8d, 0x8d}, {0x8121, 0x95, 0x96}, {0x0000, 0x02, 0x00},
    {0x8103, 0xbc, 0xbc}, {0xa000, 0xbf, 0xbf}, {0x0000, 0x09, 0x00}, {0x3e9f, 0x80, 0x80},
    {0x9900, 0x82, 0x82}, {0xa000, 0x86, 0x86}, {0x3ea7, 0x87, 0x87}, {0x3eaf, 0x88, 0x88},
    {0x4b25, 0x8a, 0x8a}, {0x4331, 0x8b, 0x8b}, {0x8105, 0x8d, 0x8d}, {0x9900, 0x95, 0x96},
    {0x0000, 0x02, 0x00}, {0x8105, 0xbb, 0xbc}, {0x9900, 0xbe, 0xbe}, {0x0000, 0x06, 0x00},
    {0xa000, 0x86, 0x87}, {0x3eb7, 0x8a, 0x8a}, {0x3ec7, 0x8b, 0x8b}, {0x3ebf, 0x8c, 0x8c},
    {0x8105, 0x8d, 0x8d}, {0x9900, 0x97, 0x97}, {0x5a29, 0x07, 0x00}, {0x9905, 0x8a, 0x8a},
    {0x9900, 0x8f, 0x8f}, {0xa000, 0x99, 0x99}, {0x3ecf, 0x9a, 0x9a}, {0x4b2d, 0x9c, 0x9c},
    {0x433c, 0x9d, 0x9d}, {0x3ed7, 0x9e, 0x9f}, {0x0000, 0x03, 0x00}, {0x2751, 0xb3, 0xb3},
    {0x8123, 0xb8, 0xb9}, {0x8105, 0xba, 0xba}, {0x0000, 0x01, 0x00}, {0x8124, 0x88, 0x8b},
    {0x0000, 0x03, 0x00}, {0x2766, 0xb3, 0xb3}, {0x8125, 0xb8, 0xb9}, {0x8105, 0xba, 0xba},
    {0x0000, 0x03, 0x00}, {0x8126, 0x88, 0x8b}, {0x2758, 0x9c, 0x9c}, {0x275f, 0x9d, 0x9d},
    {0x0000, 0x05, 0x00}, {0x03fe, 0x8c, 0x8c}, {0x812e, 0x98, 0x99}, {0x812e, 0xb5, 0xb5},
    {0x812e, 0xb7, 0xb7}, {0x812c, 0xb9, 0xb9}, {0x0000, 0x10, 0x00}, {0x2774, 0x83, 0x83},
    {0x277b, 0x8d, 0x8d}, {0x2782, 0x92, 0x92}, {0x2789, 0x97, 0x97}, {0x2790, 0x9c, 0x9c},
    {0x276d, 0xa9, 0xa9}, {0x8127, 0xb1, 0xb1}, {0x8128, 0xb2, 0xb2}, {0x4ca5, 0xb3, 0xb3},
    {0x8129, 0xb4, 0xb4}, {0x4cae, 0xb5, 0xb5}, {0x46b3, 0xb6, 0xb6}, {0x476b, 0xb7, 0xb7},
    {0x46bb, 0xb8, 0xb8}, {0x4776, 0xb9, 0xb9}, {0x8128, 0xba, 0xbd}, {0x0000, 0x0b, 0x00},
    {0x8128, 0x80, 0x80}, {0x4cb7, 0x81, 0x81}, {0x8133, 0x82, 0x83}, {0x8105, 0x84, 0x84},
    {0x8133, 0x86, 0x87}, {0x279e, 0x93, 0x93}, {0x27a5, 0x9d, 0x9d}, {0x27ac, 0xa2, 0xa2},
    {0x27b3, 0xa7, 0xa7}, {0x27ba, 0xac, 0xac}, {0x2797, 0xb9, 0xb9}, {0x0000, 0x01, 0x00},
    {0x812e, 0x86, 0x86}, {0x0000, 0x05, 0x00}, {0xa000, 0xa5, 0xa5}, {0x3edf, 0xa6, 0xa6},
    {0x9900, 0xae, 0xae}, {0x8103, 0xb7, 0xb7}, {0x8105, 0xb9, 0xba}, {0x0000, 0x01, 0x00},
    {0x812e, 0x8d, 0x8d}, {0x0000, 0x01, 0x00}, {0x0402, 0xbc, 0xbc}, {0x0000, 0x01, 0x00},
    {0xa000, 0x80, 0x92}, {0x0000, 0x01, 0x00}, {0xb900, 0xa1, 0xb5}, {0x0000, 0x01, 0x00},
    {0x9900, 0xa8, 0xbf}, {0x0000, 0x01, 0x00}, {0x9900, 0x80, 0x82}, {0x0000, 0x01, 0x00},
    {0x8133, 0x9d, 0x9f}, {0x0000, 0x02, 0x00}, {0x8105, 0x94, 0x95}, {0x8105, 0xb4, 0xb4},
    {0x0000, 0x02, 0x00}, {0x8105, 0x92, 0x92}, {0x8133, 0x9d, 0x9d}, {0x0000, 0x01, 0x00},
    {0x8132, 0xa9, 0xa9}, {0x0004, 0x02, 0x00}, {0x812f, 0xb9, 0xba}, {0x812e, 0xbb, 0xbb},
    {0x0000, 0x02, 0x00}, {0x8133, 0x97, 0x97}, {0x812e, 0x98, 0x98}, {0x0000, 0x03, 0x00},
    {0x8105, 0xa0, 0xa0}, {0x8133, 0xb5, 0xbc}, {0x812e, 0xbf, 0xbf}, {0x0000, 0x05, 0x00},
    {0x8133, 0xb0, 0xb4}, {0x812e, 0xb5, 0xba}, {0x8133, 0xbb, 0xbc}, {0x812e, 0xbd, 0xbd},
    {0x812e, 0xbf, 0xbf}, {0x0000, 0x0b, 0x00}, {0x812e, 0x80, 0x80}, {0x8133, 0x81, 0x82},
    {0x812e, 0x83, 0x84}, {0x8133, 0x85, 0x89}, {0x812e, 0x8a, 0x8a}, {0x8133, 0x8b, 0x9c},
    {0x812e, 0x9d, 0x9d}, {0x8133, 0xa0, 0xa5}, {0x812e, 0xa6, 0xa6}, {0x8133, 0xa7, 0xaa},
    {0x8136, 0xab, 0xab}, {0x0000, 0x08, 0x00}, {0x3f27, 0x80, 0x80}, {0x3f2f, 0x81, 0x81},
    {0xa000, 0x82, 0x82}, {0x3f37, 0x83, 0x83}, {0x8105, 0x84, 0x84}, {0x8133, 0xab, 0xab},
    {0x812e, 0xac, 0xac}, {0x8133, 0xad, 0xb3}, {0x0000, 0x01, 0x00}, {0x8105, 0xaa, 0xab},
    {0x0000, 0x02, 0x00}, {0x8103, 0xa6, 0xa6}, {0x8105, 0xb2, 0xb3}, {0x0000, 0x01, 0x00},
    {0x8103, 0xb7, 0xb7}, {0x0000, 0x0a, 0x00}, {0x8133, 0x90, 0x92}, {0x8101, 0x94, 0x94},
    {0x812e, 0x95, 0x99}, {0x8133, 0x9a, 0x9b}, {0x812e, 0x9c, 0x9f}, {0x8133, 0xa0, 0xa0},
    {0x8101, 0xa2, 0xa8}, {0x812e, 0xad, 0xad}, {0x8133, 0xb4, 0xb4}, {0x8133, 0xb8, 0xb9},
    {0x0002, 0x0a, 0x00}, {0x0043, 0xac, 0xac}, {0x00d1, 0xad, 0xad}, {0x0045, 0xae, 0xae},
    {0x0049, 0xb0, 0xb1}, {0x00ec, 0xb2, 0xb2}, {0x004f, 0xb3, 0xba}, {0x005f, 0xbc, 0xbc},
    {0x00fe, 0xbd, 0xbd}, {0x0061, 0xbe, 0xbe}, {0x0065, 0xbf, 0xbf}, {0x0000, 0x0d, 0x00},
    {0x0001, 0x80, 0x8a}, {0x0532, 0x91, 0x91}, {0x439a, 0x97, 0x97}, {0x001d, 0xa4, 0xa4},
    {0x19a0, 0xa5, 0xa5}, {0x1c8c, 0xa6, 0xa6}, {0x0001, 0xaf, 0xaf}, {0x27c1, 0xb3, 0xb3},
    {0x2935, 0xb4, 0xb4}, {0x27c8, 0xb6, 0xb6}, {0x293f, 0xb7, 0xb7}, {0x199a, 0xbc, 0xbc},
    {0x4368, 0xbe, 0xbe}, {0x0002, 0x0d, 0x00}, {0x1a60, 0x87, 0x87}, {0x1a5d, 0x88, 0x88},
    {0x199d, 0x89, 0x89}, {0x2ac5, 0x97, 0x97}, {0x0001, 0x9f, 0x9f}, {0x0021, 0xb0, 0xb0},
    {0x0093, 0xb1, 0xb1}, {0x0029, 0xb4, 0xb9}, {0x0017, 0xba, 0xba}, {0x055e, 0xbb, 0xbb},
    {0x003b, 0xbc, 0xbc}, {0x0011, 0xbd, 0xbe}, {0x009d, 0xbf, 0xbf}, {0x0002, 0x0f, 0x00},
    {0x0021, 0x80, 0x89}, {0x0017, 0x8a, 0x8a}, {0x055e, 0x8b, 0x8b}, {0x003b, 0x8c, 0x8c},
    {0x0011, 0x8d, 0x8e}, {0x0083, 0x90, 0x90}, {0x008b, 0x91, 0x91}, {0x009f, 0x92, 0x92},
    {0x00b1, 0x93, 0x93}, {0x011f, 0x94, 0x94}, {0x0091, 0x95, 0x95}, {0x0097, 0x96, 0x99},
    {0x00a1, 0x9a, 0x9a}, {0x00a7, 0x9b, 0x9c}, {0x1ac9, 0xa8, 0xa8}, {0x0000, 0x0d, 0x00},
    {0x8133, 0x90, 0x91}, {0x8101, 0x92, 0x93}, {0x8133, 0x94, 0x97}, {0x8101, 0x98, 0x9a},
    {0x8133, 0x9b, 0x9c}, {0x8133, 0xa1, 0xa1}, {0x8101, 0xa5, 0xa6}, {0x8133, 0xa7, 0xa7},
    {0x812e, 0xa8, 0xa8}, {0x8133, 0xa9, 0xa9}, {0x8101, 0xaa, 0xab}, {0x812e, 0xac, 0xaf},
    {0x8133, 0xb0, 0xb0}, {0x0007, 0x06, 0x00}, {0x22b0, 0x89, 0x89}, {0xa000, 0x90, 0x90},
    {0xa000, 0x92, 0x92}, {0xa000, 0x94, 0x94}, {0x3b18, 0x9a, 0x9b}, {0x3b26, 0xae, 0xae},
    {0x000e, 0x05, 0x00}, {0x3b2d, 0x8d, 0x8e}, {0x3b34, 0x8f, 0x8f}, {0xa000, 0x90, 0x90},
    {0xa000, 0x92, 0x92}, {0xa000, 0x94, 0x94}, {0x017a, 0x0e, 0x00}, {0xa000, 0x83, 0x83},
    {0x3b42, 0x84, 0x84}, {0xa000, 0x88, 0x88}, {0x3b49, 0x89, 0x89}, {0xa000, 0x8b, 0x8b},
    {0x3b50, 0x8c, 0x8c}, {0xa000, 0xa3, 0xa3}, {0x3b57, 0xa4, 0xa4}, {0xa000, 0xa5, 0xa5},
    {0x3b5e, 0xa6, 0xa6}, {0x27cf, 0xac, 0xad}, {0x27d6, 0xaf, 0xaf}, {0x2953, 0xb0, 0xb0},
    {0xa000, 0xbc, 0xbc}, {0x0007, 0x03, 0x00}, {0x3bc7, 0xa0, 0xa1}, {0x3bf1, 0xa2, 0xa3},
    {0x3c1b, 0xaa, 0xad}, {0x0004, 0x01, 0x00}, {0x0586, 0xa9, 0xaa}, {0x0002, 0x03, 0x00},
    {0x0057, 0x80, 0x8f}, {0x0083, 0x90, 0xa9}, {0x0021, 0xaa, 0xaa}, {0x0000, 0x01, 0x00},
    {0x2ad2, 0x8c, 0x8c}, {0x0266, 0x02, 0x00}, {0x1cbc, 0xb4, 0xb4}, {0x1a5a, 0xb5, 0xb6},
    {0x0000, 0x01, 0x00}, {0x45dc, 0x9c, 0x9c}, {0x0000, 0x02, 0x00}, {0x0095, 0xbc, 0xbc},
    {0x006d, 0xbd, 0xbd}, {0x0000, 0x01, 0x00}, {0x8133, 0xaf, 0xb1}, {0x0000, 0x02, 0x00},
    {0x057a, 0xaf, 0xaf}, {0x8105, 0xbf, 0xbf}, {0x0000, 0x01, 0x00}, {0x8133, 0xa0, 0xbf},
    {0x0000, 0x01, 0x00}, {0x0ebe, 0x9f, 0x9f}, {0x0000, 0x01, 0x00}, {0x172a, 0xb3, 0xb3},
    {0x0004, 0x0b, 0x00}, {0x1692, 0x80, 0x82}, {0x16aa, 0x83, 0x83}, {0x16c2, 0x84, 0x85},
    {0x16d2, 0x86, 0x89}, {0x16e6, 0x8a, 0x8c}, {0x16fa, 0x8d, 0x8d}, {0x1702, 0x8e, 0x8e},
    {0x170a, 0x8f, 0x90}, {0x1716, 0x91, 0x93}, {0x1726, 0x94, 0x94}, {0x172e, 0x95, 0x95},
    {0x0004, 0x09, 0x00}, {0x0001, 0x80, 0x80}, {0x812d, 0xaa, 0xaa}, {0x8132, 0xab, 0xab},
    {0x8134, 0xac, 0xac}, {0x812f, 0xad, 0xad}, {0x8130, 0xae, 0xae}, {0x8130, 0xaf, 0xaf},
    {0x05ae, 0xb6, 0xb6}, {0x0982, 0xb8, 0xba}, {0x0006, 0x09, 0x00}, {0x0406, 0xb1, 0xb1},
    {0x040a, 0xb2, 0xb2}, {0x4bcc, 0xb3, 0xb3}, {0x040e, 0xb4, 0xb4}, {0x4bd2, 0xb5, 0xb6},
    {0x0412, 0xb7, 0xb7}, {0x0416, 0xb8, 0xb8}, {0x041a, 0xb9, 0xb9}, {0x4bde, 0xba, 0xbf},
    {0x0000, 0x02, 0x00}, {0x8133, 0xaf, 0xaf}, {0x8133, 0xb4, 0xbd}, {0x0000, 0x03, 0x00},
    {0x02d8, 0x9c, 0x9c}, {0x02de, 0x9d, 0x9d}, {0x8133, 0x9e, 0x9f}, {0x0000, 0x01, 0x00},
    {0x8133, 0xb0, 0xb1}, {0x0000, 0x01, 0x00}, {0x173e, 0xb0, 0xb0}, {0x0006, 0x05, 0x00},
    {0x0067, 0xb1, 0xb1}, {0x0047, 0xb2, 0xb3}, {0x0063, 0xb4, 0xb4}, {0x00dd, 0xb8, 0xb8},
    {0x00e9, 0xb9, 0xb9}, {0x0000, 0x02, 0x00}, {0x8105, 0x86, 0x86}, {0x8105, 0xac, 0xac},
    {0x0000, 0x02, 0x00}, {0x8105, 0x84, 0x84}, {0x8133, 0xa0, 0xb1}, {0x0000, 0x01, 0x00},
    {0x812e, 0xab, 0xad}, {0x0000, 0x01, 0x00}, {0x8105, 0x93, 0x93}, {0x0000, 0x01, 0x00},
    {0x8103, 0xb3, 0xb3}, {0x0000, 0x01, 0x00}, {0x8105, 0x80, 0x80}, {0x0000, 0x05, 0x00},
    {0x8133, 0xb0, 0xb0}, {0x8133, 0xb2, 0xb3}, {0x812e, 0xb4, 0xb4}, {0x8133, 0xb7, 0xb8},
    {0x8133, 0xbe, 0xbf}, {0x0000, 0x02, 0x00}, {0x8133, 0x81, 0x81}, {0x8105, 0xb6, 0xb6},
    {0x000c, 0x04, 0x00}, {0x173a, 0x9c, 0x9d}, {0x014f, 0x9e, 0x9e}, {0x174a, 0x9f, 0x9f},
    {0x01a6, 0xa9, 0xa9}, {0x0000, 0x01, 0x00}, {0x8105, 0xad, 0xad}, {0x0000, 0x06, 0x00},
    {0xe500, 0x80, 0x80}, {0xc600, 0x81, 0x9b}, {0xe500, 0x9c, 0x9c}, {0xc600, 0x9d, 0xb7},
    {0xe500, 0xb8, 0xb8}, {0xc600, 0xb9, 0xbf}, {0x0000, 0x05, 0x00}, {0xc600, 0x80, 0x93},
    {0xe500, 0x94, 0x94}, {0xc600, 0x95, 0xaf}, {0xe500, 0xb0, 0xb0}, {0xc600, 0xb1, 0xbf},
    {0x0000, 0x05, 0x00}, {0xc600, 0x80, 0x8b}, {0xe500, 0x8c, 0x8c}, {0xc600, 0x8d, 0xa7},
    {0xe500, 0xa8, 0xa8}, {0xc600, 0xa9, 0xbf}, {0x0000, 0x07, 0x00}, {0xc600, 0x80, 0x83},
    {0xe500, 0x84, 0x84}, {0xc600, 0x85, 0x9f}, {0xe500, 0xa0, 0xa0}, {0xc600, 0xa1, 0xbb},
    {0xe500, 0xbc, 0xbc}, {0xc600, 0xbd, 0xbf}, {0x0000, 0x05, 0x00}, {0xc600, 0x80, 0x97},
    {0xe500, 0x98, 0x98}, {0xc600, 0x99, 0xb3}, {0xe500, 0xb4, 0xb4}, {0xc600, 0xb5, 0xbf},
    {0x0000, 0x05, 0x00}, {0xc600, 0x80, 0x8f}, {0xe500, 0x90, 0x90}, {0xc600, 0x91, 0xab},
    {0xe500, 0xac, 0xac}, {0xc600, 0xad, 0xbf}, {0x0000, 0x05, 0x00}, {0xc600, 0x80, 0x87},
    {0xe500, 0x88, 0x88}, {0xc600, 0x89, 0xa3}, {0xe500, 0xa4, 0xa4}, {0xc600, 0xa5, 0xbf},
    {0x0000, 0x03, 0x00}, {0xc600, 0x80, 0x87}, {0xe500, 0x88, 0x88}, {0xc600, 0x89, 0xa3},
    {0x0002, 0x01, 0x00}, {0x0003, 0x81, 0xbf}, {0x0000, 0x01, 0x00}, {0x812e, 0xbd, 0xbd},
    {0x0000, 0x01, 0x00}, {0x812e, 0xa0, 0xa0}, {0x0000, 0x01, 0x00}, {0x8133, 0xb6, 0xba},
    {0x0000, 0x04, 0x00}, {0x410f, 0x89, 0x89}, {0xa000, 0x92, 0x92}, {0xa000, 0x9a, 0x9a},
    {0x4117, 0xa4, 0xa4}, {0x002d, 0x05, 0x00}, {0x812e, 0x8d, 0x8d}, {0x8133, 0x8f, 0x8f},
    {0x8133, 0xb8, 0xb8}, {0x8101, 0xb9, 0xba}, {0x8105, 0xbf, 0xbf}, {0x0000, 0x02, 0x00},
    {0x8133, 0xa5, 0xa5}, {0x812e, 0xa6, 0xa6}, {0x0000, 0x01, 0x00}, {0x8133, 0xa4, 0xa7},
    {0x0000, 0x01, 0x00}, {0x8133, 0xa9, 0xad}, {0x0000, 0x01, 0x00}, {0x8133, 0xab, 0xac},
    {0x0000, 0x02, 0x00}, {0x812e, 0xba, 0xbb}, {0x812e, 0xbd, 0xbf}, {0x0000, 0x05, 0x00},
    {0x812e, 0x86, 0x87}, {0x8133, 0x88, 0x8a}, {0x812e, 0x8b, 0x8b}, {0x8133, 0x8c, 0x8c},
    {0x812e, 0x8d, 0x90}, {0x0005, 0x03, 0x00}, {0x8133, 0x82, 0x82}, {0x812e, 0x83, 0x84},
    {0x812e, 0x85, 0x85}, {0x0000, 0x03, 0x00}, {0x8105, 0x86, 0x86}, {0x8105, 0xb0, 0xb0},
    {0x8105, 0xbf, 0xbf}, {0x17fe, 0x07, 0x00}, {0xa000, 0x99, 0x99}, {0x4287, 0x9a, 0x9a},
    {0xa000, 0x9b, 0x9b}, {0x4291, 0x9c, 0x9c}, {0xa000, 0xa5, 0xa5}, {0x429b, 0xab, 0xab},
    {0x8105, 0xb9, 0xba}, {0x0000, 0x06, 0x00}, {0x8133, 0x80, 0x82}, {0x9900, 0xa7, 0xa7},
    {0x42a5, 0xae, 0xae}, {0x42af, 0xaf, 0xaf}, {0xa000, 0xb1, 0xb2}, {0x8105, 0xb3, 0xb4},
    {0x0000, 0x02, 0x00}, {0x8105, 0x80, 0x80}, {0x8103, 0x8a, 0x8a}, {0x0000, 0x02, 0x00},
    {0x8105, 0xb5, 0xb5}, {0x8103, 0xb6, 0xb6}, {0x0002, 0x01, 0x00}, {0x8103, 0xa9, 0xaa},
    {0x0000, 0x02, 0x00}, {0x8103, 0xbb, 0xbc}, {0x9900, 0xbe, 0xbe}, {0x0000, 0x07, 0x00},
    {0xa000, 0x87, 0x87}, {0x42b9, 0x8b, 0x8b}, {0x42c3, 0x8c, 0x8c}, {0x8105, 0x8d, 0x8d},
    {0x9900, 0x97, 0x97}, {0x8133, 0xa6, 0xac}, {0x8133, 0xb0, 0xb4}, {0x5d33, 0x09, 0x00},
    {0xa000, 0x82, 0x82}, {0x42cd, 0x83, 0x84}, {0x42d7, 0x85, 0x85}, {0xa000, 0x8b, 0x8b},
    {0x42e1, 0x8e, 0x8e}, {0xa000, 0x90, 0x90}, {0x42eb, 0x91, 0x91}, {0x9900, 0xb8, 0xb8},
    {0x9900, 0xbb, 0xbb}, {0x0000, 0x06, 0x00}, {0xb900, 0x82, 0x82}, {0x4c14, 0x85, 0x85},
    {0x4c09, 0x87, 0x87}, {0x4c1f, 0x88, 0x88}, {0x9900, 0x89, 0x89}, {0x8105, 0x8e, 0x90},
    {0x0000, 0x03, 0x00}, {0x8105, 0x82, 0x82}, {0x8103, 0x86, 0x86}, {0x8133, 0x9e, 0x9e},
    {0x560b, 0x06, 0x00}, {0x9900, 0xb0, 0xb0}, {0xa000, 0xb9, 0xb9}, {0x9900, 0xba, 0xba},
    {0x42ff, 0xbb, 0xbb}, {0x42f5, 0xbc, 0xbd}, {0x4309, 0xbe, 0xbe}, {0x0000, 0x02, 0x00},
    {0x8105, 0x82, 0x82}, {0x8103, 0x83, 0x83}, {0x0000, 0x05, 0x00}, {0x9900, 0xaf, 0xaf},
    {0xa000, 0xb8, 0xb9}, {0x4313, 0xba, 0xba}, {0x431d, 0xbb, 0xbb}, {0x8105, 0xbf, 0xbf},
    {0x0000, 0x01, 0x00}, {0x8103, 0x80, 0x80}, {0x0000, 0x01, 0x00}, {0x8105, 0xbf, 0xbf},
    {0x0000, 0x02, 0x00}, {0x8105, 0xb6, 0xb6}, {0x8103, 0xb7, 0xb7}, {0x0000, 0x01, 0x00},
    {0x8105, 0xab, 0xab}, {0x0000, 0x02, 0x00}, {0x8105, 0xb9, 0xb9}, {0x8103, 0xba, 0xba},
    {0x0000, 0x04, 0x00}, {0x9900, 0xb0, 0xb0}, {0xa000, 0xb5, 0xb5}, {0x4327, 0xb8, 0xb8},
    {0x8105, 0xbd, 0xbe}, {0x0000, 0x01, 0x00}, {0x8103, 0x83, 0x83}, {0x0000, 0x01, 0x00},
    {0x8105, 0xa0, 0xa0}, {0x0000, 0x01, 0x00}, {0x8105, 0xb4, 0xb4}, {0x0000, 0x01, 0x00},
    {0x8105, 0x87, 0x87}, {0x0000, 0x01, 0x00}, {0x8105, 0x99, 0x99}, {0x0000, 0x02, 0x00},
    {0x8103, 0x82, 0x82}, {0x8105, 0x84, 0x85}, {0x0000, 0x01, 0x00}, {0x8105, 0x97, 0x97},
    {0x0000, 0x01, 0x00}, {0x8105, 0x81, 0x82}, {0x0000, 0x0c, 0x00}, {0xb900, 0x9e, 0x9e},
    {0x9900, 0x9f, 0xa0}, {0x4c83, 0xa1, 0xa1}, {0x4c8e, 0xa2, 0xa2}, {0x4c2a, 0xa3, 0xa3},
    {0x4c40, 0xa4, 0xa4}, {0x4c35, 0xa5, 0xa5}, {0x4c56, 0xa6, 0xa6}, {0x4c74, 0xa7, 0xa7},
    {0x4c65, 0xa8, 0xa8}, {0xb900, 0xa9, 0xa9}, {0x8105, 0xaf, 0xaf}, {0x0000, 0x01, 0x00},
    {0x8101, 0xb0, 0xb4}, {0x0000, 0x01, 0x00}, {0x8133, 0xb0, 0xb6}, {0x0000, 0x05, 0x00},
    {0xa000, 0xa3, 0xa3}, {0xb900, 0xa7, 0xa7}, {0x4c4b, 0xa8, 0xa8}, {0x4b35, 0xa9, 0xa9},
    {0x4347, 0xaa, 0xaa}, {0x0000, 0x01, 0x00}, {0x8102, 0xb0, 0xb1}, {0x0000, 0x01, 0x00},
    {0x8101, 0x9e, 0x9e}, {0x0002, 0x02, 0x00}, {0x0043, 0x96, 0xaf}, {0x0021, 0xb0, 0xb9},
    {0x0000, 0x0c, 0x00}, {0x4743, 0x9e, 0x9e}, {0x474d, 0x9f, 0x9f}, {0x4781, 0xa0, 0xa0},
    {0x478f, 0xa1, 0xa1}, {0x479d, 0xa2, 0xa2}, {0x47ab, 0xa3, 0xa3}, {0x47b9, 0xa4, 0xa4},
    {0x812c, 0xa5, 0xa6}, {0x8101, 0xa7, 0xa9}, {0x8131, 0xad, 0xad}, {0x812c, 0xae, 0xb2},
    {0x812e, 0xbb, 0xbf}, {0x0000, 0x09, 0x00}, {0x812e, 0x80, 0x82}, {0x8133, 0x85, 0x89},
    {0x812e, 0x8a, 0x8b}, {0x8133, 0xaa, 0xad}, {0x4757, 0xbb, 0xbb}, {0x4761, 0xbc, 0xbc},
    {0x47c7, 0xbd, 0xbd}, {0x47e3, 0xbe, 0xbe}, {0x47d5, 0xbf, 0xbf}, {0x0000, 0x01, 0x00},
    {0x47f1, 0x80, 0x80}, {0x0000, 0x01, 0x00}, {0x8133, 0x82, 0x84}, {0x0002, 0x03, 0x00},
    {0x0043, 0x80, 0x99}, {0x0083, 0x9a, 0xb3}, {0x0043, 0xb4, 0xbf}, {0x0002, 0x04, 0x00},
    {0x005b, 0x80, 0x8d}, {0x0083, 0x8e, 0x94}, {0x0093, 0x96, 0xa7}, {0x0043, 0xa8, 0xbf},
    {0x0002, 0x0b, 0x00}, {0x0073, 0x80, 0x81}, {0x0083, 0x82, 0x9b}, {0x0043, 0x9c, 0x9c},
    {0x0047, 0x9e, 0x9f}, {0x004f, 0xa2, 0xa2}, {0x0055, 0xa5, 0xa6}, {0x005d, 0xa9, 0xac},
    {0x0067, 0xae, 0xb5}, {0x0083, 0xb6, 0xb9}, {0x008d, 0xbb, 0xbb}, {0x0091, 0xbd, 0xbf},
    {0x0002, 0x04, 0x00}, {0x0097, 0x80, 0x83}, {0x00a1, 0x85, 0x8f}, {0x0043, 0x90, 0xa9},
    {0x0083, 0xaa, 0xbf}, {0x0002, 0x08, 0x00}, {0x00af, 0x80, 0x83}, {0x0043, 0x84, 0x85},
    {0x0049, 0x87, 0x8a}, {0x0055, 0x8d, 0x94}, {0x0067, 0x96, 0x9c}, {0x0083, 0x9e, 0xb7},
    {0x0043, 0xb8, 0xb9}, {0x0049, 0xbb, 0xbe}, {0x0002, 0x05, 0x00}, {0x0053, 0x80, 0x84},
    {0x005f, 0x86, 0x86}, {0x0067, 0x8a, 0x90}, {0x0083, 0x92, 0xab}, {0x0043, 0xac, 0xbf},
    {0x0002, 0x04, 0x00}, {0x006b, 0x80, 0x85}, {0x0083, 0x86, 0x9f}, {0x0043, 0xa0, 0xb9},
    {0x0083, 0xba, 0xbf}, {0x0002, 0x03, 0x00}, {0x008f, 0x80, 0x93}, {0x0043, 0x94, 0xad},
    {0x0083, 0xae, 0xbf}, {0x0002, 0x04, 0x00}, {0x00a7, 0x80, 0x87}, {0x0043, 0x88, 0xa1},
    {0x0083, 0xa2, 0xbb}, {0x0043, 0xbc, 0xbf}, {0x0002, 0x03, 0x00}, {0x004b, 0x80, 0x95},
    {0x0083, 0x96, 0xaf}, {0x0043, 0xb0, 0xbf}, {0x0003, 0x0f, 0x00}, {0x023c, 0x80, 0x80},
    {0x0556, 0x81, 0x81}, {0x023f, 0x82, 0x9a}, {0x0552, 0x9b, 0x9b}, {0x024b, 0x9c, 0x9c},
    {0x0254, 0x9d, 0x9d}, {0x025a, 0x9e, 0x9e}, {0x027e, 0x9f, 0x9f}, {0x026f, 0xa0, 0xa0},
    {0x026c, 0xa1, 0xa1}, {0x01f7, 0xa2, 0xb2}, {0x020c, 0xb3, 0xb3}, {0x022a, 0xb4, 0xba},
    {0x0556, 0xbb, 0xbb}, {0x023f, 0xbc, 0xbf}, {0x0003, 0x0d, 0x00}, {0x024b, 0x80, 0x94},
    {0x0552, 0x95, 0x95}, {0x024b, 0x96, 0x96}, {0x0254, 0x97, 0x97}, {0x025a, 0x98, 0x98},
    {0x027e, 0x99, 0x99}, {0x026f, 0x9a, 0x9a}, {0x026c, 0x9b, 0x9b}, {0x01f7, 0x9c, 0xac},
    {0x020c, 0xad, 0xad}, {0x022a, 0xae, 0xb4}, {0x0556, 0xb5, 0xb5}, {0x023f, 0xb6, 0xbf},
    {0x0003, 0x0d, 0x00}, {0x025d, 0x80, 0x8e}, {0x0552, 0x8f, 0x8f}, {0x024b, 0x90, 0x90},
    {0x0254, 0x91, 0x91}, {0x025a, 0x92, 0x92}, {0x027e, 0x93, 0x93}, {0x026f, 0x94, 0x94},
    {0x026c, 0x95, 0x95}, {0x01f7, 0x96, 0xa6}, {0x020c, 0xa7, 0xa7}, {0x022a, 0xa8, 0xae},
    {0x0556, 0xaf, 0xaf}, {0x023f, 0xb0, 0xbf}, {0x0003, 0x0d, 0x00}, {0x026f, 0x80, 0x88},
    {0x0552, 0x89, 0x89}, {0x024b, 0x8a, 0x8a}, {0x0254, 0x8b, 0x8b}, {0x025a, 0x8c, 0x8c},
    {0x027e, 0x8d, 0x8d}, {0x026f, 0x8e, 0x8e}, {0x026c, 0x8f, 0x8f}, {0x01f7, 0x90, 0xa0},
    {0x020c, 0xa1, 0xa1}, {0x022a, 0xa2, 0xa8}, {0x0556, 0xa9, 0xa9}, {0x023f, 0xaa, 0xbf},
    {0x0000, 0x01, 0x00}, {0x8133, 0x8f, 0x8f}, {0x0000, 0x01, 0x00}, {0x8133, 0xae, 0xae},
    {0x0000, 0x01, 0x00}, {0x8133, 0xac, 0xaf}, {0x0000, 0x03, 0x00}, {0x8134, 0xac, 0xad},
    {0x812e, 0xae, 0xae}, {0x8133, 0xaf, 0xaf}, {0x0000, 0x02, 0x00}, {0x8133, 0xae, 0xae},
    {0x812e, 0xaf, 0xaf}, {0x0000, 0x04, 0x00}, {0x8133, 0xa3, 0xa3}, {0x8133, 0xa6, 0xa6},
    {0x8133, 0xae, 0xaf}, {0x8133, 0xb5, 0xb5}, {0x0000, 0x01, 0x00}, {0x812e, 0x90, 0x96},
    {0x0000, 0x02, 0x00}, {0x8133, 0x84, 0x89}, {0x8103, 0x8a, 0x8a}, {0x0002, 0x0a, 0x00},
    {0x0063, 0x80, 0x89}, {0x1a7e, 0x8a, 0x8a}, {0x1ab1, 0x8b, 0x8b}, {0x1acc, 0x8c, 0x8c},
    {0x1ad2, 0x8d, 0x8d}, {0x1cf0, 0x8e, 0x8e}, {0x1ade, 0x8f, 0x8f}, {0x1aa8, 0xaa, 0xaa},
    {0x1aab, 0xab, 0xab}, {0x1aae, 0xac, 0xac}, {0x0000, 0x01, 0x00}, {0x1a6c, 0x90, 0x90},
    {0x0028, 0x09, 0x00}, {0x2999, 0x80, 0x80}, {0x295d, 0x81, 0x81}, {0x2967, 0x82, 0x82},
    {0x297b, 0x83, 0x84}, {0x2985, 0x85, 0x86}, {0x2971, 0x87, 0x87}, {0x298f, 0x88, 0x88},
    {0x0c6a, 0x90, 0x90}, {0x09e2, 0x91, 0x91}, {0x0002, 0x01, 0x00}, {0x0021, 0xb0, 0xb9},
};

const uint32_t burrow__norm_recomp[NORM_RECOMP_LEN][2] = {
    {0x003C0338, 0x0226E}, {0x003D0338, 0x02260}, {0x003E0338, 0x0226F},
    {0x00410300, 0x000C0}, {0x00410301, 0x000C1}, {0x00410302, 0x000C2},
    {0x00410303, 0x000C3}, {0x00410304, 0x00100}, {0x00410306, 0x00102},
    {0x00410307, 0x00226}, {0x00410308, 0x000C4}, {0x00410309, 0x01EA2},
    {0x0041030A, 0x000C5}, {0x0041030C, 0x001CD}, {0x0041030F, 0x00200},
    {0x00410311, 0x00202}, {0x00410323, 0x01EA0}, {0x00410325, 0x01E00},
    {0x00410328, 0x00104}, {0x00420307, 0x01E02}, {0x00420323, 0x01E04},
    {0x00420331, 0x01E06}, {0x00430301, 0x00106}, {0x00430302, 0x00108},
    {0x00430307, 0x0010A}, {0x0043030C, 0x0010C}, {0x00430327, 0x000C7},
    {0x00440307, 0x01E0A}, {0x0044030C, 0x0010E}, {0x00440323, 0x01E0C},
    {0x00440327, 0x01E10}, {0x0044032D, 0x01E12}, {0x00440331, 0x01E0E},
    {0x00450300, 0x000C8}, {0x00450301, 0x000C9}, {0x00450302, 0x000CA},
    {0x00450303, 0x01EBC}, {0x00450304, 0x00112}, {0x00450306, 0x00114},
    {0x00450307, 0x00116}, {0x00450308, 0x000CB}, {0x00450309, 0x01EBA},
    {0x0045030C, 0x0011A}, {0x0045030F, 0x00204}, {0x00450311, 0x00206},
    {0x00450323, 0x01EB8}, {0x00450327, 0x00228}, {0x00450328, 0x00118},
    {0x0045032D, 0x01E18}, {0x00450330, 0x01E1A}, {0x00460307, 0x01E1E},
    {0x00470301, 0x001F4}, {0x00470302, 0x0011C}, {0x00470304, 0x01E20},
    {0x00470306, 0x0011E}, {0x00470307, 0x00120}, {0x0047030C, 0x001E6},
    {0x00470327, 0x00122}, {0x00480302, 0x00124}, {0x00480307, 0x01E22},
    {0x00480308, 0x01E26}, {0x0048030C, 0x0021E}, {0x00480323, 0x01E24},
    {0x00480327, 0x01E28}, {0x0048032E, 0x01E2A}, {0x00490300, 0x000CC},
    {0x00490301, 0x000CD}, {0x00490302, 0x000CE}, {0x00490303, 0x00128},
    {0x00490304, 0x0012A}, {0x00490306, 0x0012C}, {0x00490307, 0x00130},
    {0x00490308, 0x000CF}, {0x00490309, 0x01EC8}, {0x0049030C, 0x001CF},
    {0x0049030F, 0x00208}, {0x00490311, 0x0020A}, {0x00490323, 0x01ECA},
    {0x00490328, 0x0012E}, {0x00490330, 0x01E2C}, {0x004A0302, 0x00134},
    {0x004B0301, 0x01E30}, {0x004B030C, 0x001E8}, {0x004B0323, 0x01E32},
    {0x004B0327, 0x00136}, {0x004B0331, 0x01E34}, {0x004C0301, 0x00139},
    {0x004C030C, 0x0013D}, {0x004C0323, 0x01E36}, {0x004C0327, 0x0013B},
    {0x004C032D, 0x01E3C}, {0x004C0331, 0x01E3A}, {0x004D0301, 0x01E3E},
    {0x004D0307, 0x01E40}, {0x004D0323, 0x01E42}, {0x004E0300, 0x001F8},
    {0x004E0301, 0x00143}, {0x004E0303, 0x000D1}, {0x004E0307, 0x01E44},
    {0x004E030C, 0x00147}, {0x004E0323, 0x01E46}, {0x004E0327, 0x00145},
    {0x004E032D, 0x01E4A}, {0x004E0331, 0x01E48}, {0x004F0300, 0x000D2},
    {0x004F0301, 0x000D3}, {0x004F0302, 0x000D4}, {0x004F0303, 0x000D5},
    {0x004F0304, 0x0014C}, {0x004F0306, 0x0014E}, {0x004F0307, 0x0022E},
    {0x004F0308, 0x000D6}, {0x004F0309, 0x01ECE}, {0x004F030B, 0x00150},
    {0x004F030C, 0x001D1}, {0x004F030F, 0x0020C}, {0x004F0311, 0x0020E},
    {0x004F031B, 0x001A0}, {0x004F0323, 0x01ECC}, {0x004F0328, 0x001EA},
    {0x00500301, 0x01E54}, {0x00500307, 0x01E56}, {0x00520301, 0x00154},
    {0x00520307, 0x01E58}, {0x0052030C, 0x00158}, {0x0052030F, 0x00210},
    {0x00520311, 0x00212}, {0x00520323, 0x01E5A}, {0x00520327, 0x00156},
    {0x00520331, 0x01E5E}, {0x00530301, 0x0015A}, {0x00530302, 0x0015C},
    {0x00530307, 0x01E60}, {0x0053030C, 0x00160}, {0x00530323, 0x01E62},
    {0x00530326, 0x00218}, {0x00530327, 0x0015E}, {0x00540307, 0x01E6A},
    {0x0054030C, 0x00164}, {0x00540323, 0x01E6C}, {0x00540326, 0x0021A},
    {0x00540327, 0x00162}, {0x0054032D, 0x01E70}, {0x00540331, 0x01E6E},
    {0x00550300, 0x000D9}, {0x00550301, 0x000DA}, {0x00550302, 0x000DB},
    {0x00550303, 0x00168}, {0x00550304, 0x0016A}, {0x00550306, 0x0016C},
    {0x00550308, 0x000DC}, {0x00550309, 0x01EE6}, {0x0055030A, 0x0016E},
    {0x0055030B, 0x00170}, {0x0055030C, 0x001D3}, {0x0055030F, 0x00214},
    {0x00550311, 0x00216}, {0x0055031B, 0x001AF}, {0x00550323, 0x01EE4},
    {0x00550324, 0x01E72}, {0x00550328, 0x00172}, {0x0055032D, 0x01E76},
    {0x00550330, 0x01E74}, {0x00560303, 0x01E7C}, {0x00560323, 0x01E7E},
    {0x00570300, 0x01E80}, {0x00570301, 0x01E82}, {0x00570302, 0x00174},
    {0x00570307, 0x01E86}, {0x00570308, 0x01E84}, {0x00570323, 0x01E88},
    {0x00580307, 0x01E8A}, {0x00580308, 0x01E8C}, {0x00590300, 0x01EF2},
    {0x00590301, 0x000DD}, {0x00590302, 0x00176}, {0x00590303, 0x01EF8},
    {0x00590304, 0x00232}, {0x00590307, 0x01E8E}, {0x00590308, 0x00178},
    {0x00590309, 0x01EF6}, {0x00590323, 0x01EF4}, {0x005A0301, 0x00179},
    {0x005A0302, 0x01E90}, {0x005A0307, 0x0017B}, {0x005A030C, 0x0017D},
    {0x005A0323, 0x01E92}, {0x005A0331, 0x01E94}, {0x00610300, 0x000E0},
    {0x00610301, 0x000E1}, {0x00610302, 0x000E2}, {0x00610303, 0x000E3},
    {0x00610304, 0x00101}, {0x00610306, 0x00103}, {0x00610307, 0x00227},
    {0x00610308, 0x000E4}, {0x00610309, 0x01EA3}, {0x0061030A, 0x000E5},
    {0x0061030C, 0x001CE}, {0x0061030F, 0x00201}, {0x00610311, 0x00203},
    {0x00610323, 0x01EA1}, {0x00610325, 0x01E01}, {0x00610328, 0x00105},
    {0x00620307, 0x01E03}, {0x00620323, 0x01E05}, {0x00620331, 0x01E07},
    {0x00630301, 0x00107}, {0x00630302, 0x00109}, {0x00630307, 0x0010B},
    {0x0063030C, 0x0010D}, {0x00630327, 0x000E7}, {0x00640307, 0x01E0B},
    {0x0064030C, 0x0010F}, {0x00640323, 0x01E0D}, {0x00640327, 0x01E11},
    {0x0064032D, 0x01E13}, {0x00640331, 0x01E0F}, {0x00650300, 0x000E8},
    {0x00650301, 0x000E9}, {0x00650302, 0x000EA}, {0x00650303, 0x01EBD},
    {0x00650304, 0x00113}, {0x00650306, 0x00115}, {0x00650307, 0x00117},
    {0x00650308, 0x000EB}, {0x00650309, 0x01EBB}, {0x0065030C, 0x0011B},
    {0x0065030F, 0x00205}, {0x00650311, 0x00207}, {0x00650323, 0x01EB9},
    {0x00650327, 0x00229}, {0x00650328, 0x00119}, {0x0065032D, 0x01E19},
    {0x00650330, 0x01E1B}, {0x00660307, 0x01E1F}, {0x00670301, 0x001F5},
    {0x00670302, 0x0011D}, {0x00670304, 0x01E21}, {0x00670306, 0x0011F},
    {0x00670307, 0x00121}, {0x0067030C, 0x001E7}, {0x00670327, 0x00123},
    {0x00680302, 0x00125}, {0x00680307, 0x01E23}, {0x00680308, 0x01E27},
    {0x0068030C, 0x0021F}, {0x00680323, 0x01E25}, {0x00680327, 0x01E29},
    {0x0068032E, 0x01E2B}, {0x00680331, 0x01E96}, {0x00690300, 0x000EC},
    {0x00690301, 0x000ED}, {0x00690302, 0x000EE}, {0x00690303, 0x00129},
    {0x00690304, 0x0012B}, {0x00690306, 0x0012D}, {0x00690308, 0x000EF},
    {0x00690309, 0x01EC9}, {0x0069030C, 0x001D0}, {0x0069030F, 0x00209},
    {0x00690311, 0x0020B}, {0x00690323, 0x01ECB}, {0x00690328, 0x0012F},
    {0x00690330, 0x01E2D}, {0x006A0302, 0x00135}, {0x006A030C, 0x001F0},
    {0x006B0301, 0x01E31}, {0x006B030C, 0x001E9}, {0x006B0323, 0x01E33},
    {0x006B0327, 0x00137}, {0x006B0331, 0x01E35}, {0x006C0301, 0x0013A},
    {0x006C030C, 0x0013E}, {0x006C0323, 0x01E37}, {0x006C0327, 0x0013C},
    {0x006C032D, 0x01E3D}, {0x006C0331, 0x01E3B}, {0x006D0301, 0x01E3F},
    {0x006D0307, 0x01E41}, {0x006D0323, 0x01E43}, {0x006E0300, 0x001F9},
    {0x006E0301, 0x00144}, {0x006E0303, 0x000F1}, {0x006E0307, 0x01E45},
    {0x006E030C, 0x00148}, {0x006E0323, 0x01E47}, {0x006E0327, 0x00146},
    {0x006E032D, 0x01E4B}, {0x006E0331, 0x01E49}, {0x006F0300, 0x000F2},
    {0x006F0301, 0x000F3}, {0x006F0302, 0x000F4}, {0x006F0303, 0x000F5},
    {0x006F0304, 0x0014D}, {0x006F0306, 0x0014F}, {0x006F0307, 0x0022F},
    {0x006F0308, 0x000F6}, {0x006F0309, 0x01ECF}, {0x006F030B, 0x00151},
    {0x006F030C, 0x001D2}, {0x006F030F, 0x0020D}, {0x006F0311, 0x0020F},
    {0x006F031B, 0x001A1}, {0x006F0323, 0x01ECD}, {0x006F0328, 0x001EB},
    {0x00700301, 0x01E55}, {0x00700307, 0x01E57}, {0x00720301, 0x00155},
    {0x00720307, 0x01E59}, {0x0072030C, 0x00159}, {0x0072030F, 0x00211},
    {0x00720311, 0x00213}, {0x00720323, 0x01E5B}, {0x00720327, 0x00157},
    {0x00720331, 0x01E5F}, {0x00730301, 0x0015B}, {0x00730302, 0x0015D},
    {0x00730307, 0x01E61}, {0x0073030C, 0x00161}, {0x00730323, 0x01E63},
    {0x00730326, 0x00219}, {0x00730327, 0x0015F}, {0x00740307, 0x01E6B},
    {0x00740308, 0x01E97}, {0x0074030C, 0x00165}, {0x00740323, 0x01E6D},
    {0x00740326, 0x0021B}, {0x00740327, 0x00163}, {0x0074032D, 0x01E71},
    {0x00740331, 0x01E6F}, {0x00750300, 0x000F9}, {0x00750301, 0x000FA},
    {0x00750302, 0x000FB}, {0x00750303, 0x00169}, {0x00750304, 0x0016B},
    {0x00750306, 0x0016D}, {0x00750308, 0x000FC}, {0x00750309, 0x01EE7},
    {0x0075030A, 0x0016F}, {0x0075030B, 0x00171}, {0x0075030C, 0x001D4},
    {0x0075030F, 0x00215}, {0x00750311, 0x00217}, {0x0075031B, 0x001B0},
    {0x00750323, 0x01EE5}, {0x00750324, 0x01E73}, {0x00750328, 0x00173},
    {0x0075032D, 0x01E77}, {0x00750330, 0x01E75}, {0x00760303, 0x01E7D},
    {0x00760323, 0x01E7F}, {0x00770300, 0x01E81}, {0x00770301, 0x01E83},
    {0x00770302, 0x00175}, {0x00770307, 0x01E87}, {0x00770308, 0x01E85},
    {0x0077030A, 0x01E98}, {0x00770323, 0x01E89}, {0x00780307, 0x01E8B},
    {0x00780308, 0x01E8D}, {0x00790300, 0x01EF3}, {0x00790301, 0x000FD},
    {0x00790302, 0x00177}, {0x00790303, 0x01EF9}, {0x00790304, 0x00233},
    {0x00790307, 0x01E8F}, {0x00790308, 0x000FF}, {0x00790309, 0x01EF7},
    {0x0079030A, 0x01E99}, {0x00790323, 0x01EF5}, {0x007A0301, 0x0017A},
    {0x007A0302, 0x01E91}, {0x007A0307, 0x0017C}, {0x007A030C, 0x0017E},
    {0x007A0323, 0x01E93}, {0x007A0331, 0x01E95}, {0x00A80300, 0x01FED},
    {0x00A80301, 0x00385}, {0x00A80342, 0x01FC1}, {0x00C20300, 0x01EA6},
    {0x00C20301, 0x01EA4}, {0x00C20303, 0x01EAA}, {0x00C20309, 0x01EA8},
    {0x00C40304, 0x001DE}, {0x00C50301, 0x001FA}, {0x00C60301, 0x001FC},
    {0x00C60304, 0x001E2}, {0x00C70301, 0x01E08}, {0x00CA0300, 0x01EC0},
    {0x00CA0301, 0x01EBE}, {0x00CA0303, 0x01EC4}, {0x00CA0309, 0x01EC2},
    {0x00CF0301, 0x01E2E}, {0x00D40300, 0x01ED2}, {0x00D40301, 0x01ED0},
    {0x00D40303, 0x01ED6}, {0x00D40309, 0x01ED4}, {0x00D50301, 0x01E4C},
    {0x00D50304, 0x0022C}, {0x00D50308, 0x01E4E}, {0x00D60304, 0x0022A},
    {0x00D80301, 0x001FE}, {0x00DC0300, 0x001DB}, {0x00DC0301, 0x001D7},
    {0x00DC0304, 0x001D5}, {0x00DC030C, 0x001D9}, {0x00E20300, 0x01EA7},
    {0x00E20301, 0x01EA5}, {0x00E20303, 0x01EAB}, {0x00E20309, 0x01EA9},
    {0x00E40304, 0x001DF}, {0x00E50301, 0x001FB}, {0x00E60301, 0x001FD},
    {0x00E60304, 0x001E3}, {0x00E70301, 0x01E09}, {0x00EA0300, 0x01EC1},
    {0x00EA0301, 0x01EBF}, {0x00EA0303, 0x01EC5}, {0x00EA0309, 0x01EC3},
    {0x00EF0301, 0x01E2F}, {0x00F40300, 0x01ED3}, {0x00F40301, 0x01ED1},
    {0x00F40303, 0x01ED7}, {0x00F40309, 0x01ED5}, {0x00F50301, 0x01E4D},
    {0x00F50304, 0x0022D}, {0x00F50308, 0x01E4F}, {0x00F60304, 0x0022B},
    {0x00F80301, 0x001FF}, {0x00FC0300, 0x001DC}, {0x00FC0301, 0x001D8},
    {0x00FC0304, 0x001D6}, {0x00FC030C, 0x001DA}, {0x01020300, 0x01EB0},
    {0x01020301, 0x01EAE}, {0x01020303, 0x01EB4}, {0x01020309, 0x01EB2},
    {0x01030300, 0x01EB1}, {0x01030301, 0x01EAF}, {0x01030303, 0x01EB5},
    {0x01030309, 0x01EB3}, {0x01120300, 0x01E14}, {0x01120301, 0x01E16},
    {0x01130300, 0x01E15}, {0x01130301, 0x01E17}, {0x014C0300, 0x01E50},
    {0x014C0301, 0x01E52}, {0x014D0300, 0x01E51}, {0x014D0301, 0x01E53},
    {0x015A0307, 0x01E64}, {0x015B0307, 0x01E65}, {0x01600307, 0x01E66},
    {0x01610307, 0x01E67}, {0x01680301, 0x01E78}, {0x01690301, 0x01E79},
    {0x016A0308, 0x01E7A}, {0x016B0308, 0x01E7B}, {0x017F0307, 0x01E9B},
    {0x01A00300, 0x01EDC}, {0x01A00301, 0x01EDA}, {0x01A00303, 0x01EE0},
    {0x01A00309, 0x01EDE}, {0x01A00323, 0x01EE2}, {0x01A10300, 0x01EDD},
    {0x01A10301, 0x01EDB}, {0x01A10303, 0x01EE1}, {0x01A10309, 0x01EDF},
    {0x01A10323, 0x01EE3}, {0x01AF0300, 0x01EEA}, {0x01AF0301, 0x01EE8},
    {0x01AF0303, 0x01EEE}, {0x01AF0309, 0x01EEC}, {0x01AF0323, 0x01EF0},
    {0x01B00300, 0x01EEB}, {0x01B00301, 0x01EE9}, {0x01B00303, 0x01EEF},
    {0x01B00309, 0x01EED}, {0x01B00323, 0x01EF1}, {0x01B7030C, 0x001EE},
    {0x01EA0304, 0x001EC}, {0x01EB0304, 0x001ED}, {0x02260304, 0x001E0},
    {0x02270304, 0x001E1}, {0x02280306, 0x01E1C}, {0x02290306, 0x01E1D},
    {0x022E0304, 0x00230}, {0x022F0304, 0x00231}, {0x0292030C, 0x001EF},
    {0x03910300, 0x01FBA}, {0x03910301, 0x00386}, {0x03910304, 0x01FB9},
    {0x03910306, 0x01FB8}, {0x03910313, 0x01F08}, {0x03910314, 0x01F09},
    {0x03910345, 0x01FBC}, {0x03950300, 0x01FC8}, {0x03950301, 0x00388},
    {0x03950313, 0x01F18}, {0x03950314, 0x01F19}, {0x03970300, 0x01FCA},
    {0x03970301, 0x00389}, {0x03970313, 0x01F28}, {0x03970314, 0x01F29},
    {0x03970345, 0x01FCC}, {0x03990300, 0x01FDA}, {0x03990301, 0x0038A},
    {0x03990304, 0x01FD9}, {0x03990306, 0x01FD8}, {0x03990308, 0x003AA},
    {0x03990313, 0x01F38}, {0x03990314, 0x01F39}, {0x039F0300, 0x01FF8},
    {0x039F0301, 0x0038C}, {0x039F0313, 0x01F48}, {0x039F0314, 0x01F49},
    {0x03A10314, 0x01FEC}, {0x03A50300, 0x01FEA}, {0x03A50301, 0x0038E},
    {0x03A50304, 0x01FE9}, {0x03A50306, 0x01FE8}, {0x03A50308, 0x003AB},
    {0x03A50314, 0x01F59}, {0x03A90300, 0x01FFA}, {0x03A90301, 0x0038F},
    {0x03A90313, 0x01F68}, {0x03A90314, 0x01F69}, {0x03A90345, 0x01FFC},
    {0x03AC0345, 0x01FB4}, {0x03AE0345, 0x01FC4}, {0x03B10300, 0x01F70},
    {0x03B10301, 0x003AC}, {0x03B10304, 0x01FB1}, {0x03B10306, 0x01FB0},
    {0x03B10313, 0x01F00}, {0x03B10314, 0x01F01}, {0x03B10342, 0x01FB6},
    {0x03B10345, 0x01FB3}, {0x03B50300, 0x01F72}, {0x03B50301, 0x003AD},
    {0x03B50313, 0x01F10}, {0x03B50314, 0x01F11}, {0x03B70300, 0x01F74},
    {0x03B70301, 0x003AE}, {0x03B70313, 0x01F20}, {0x03B70314, 0x01F21},
    {0x03B70342, 0x01FC6}, {0x03B70345, 0x01FC3}, {0x03B90300, 0x01F76},
    {0x03B90301, 0x003AF}, {0x03B90304, 0x01FD1}, {0x03B90306, 0x01FD0},
    {0x03B90308, 0x003CA}, {0x03B90313, 0x01F30}, {0x03B90314, 0x01F31},
    {0x03B90342, 0x01FD6}, {0x03BF0300, 0x01F78}, {0x03BF0301, 0x003CC},
    {0x03BF0313, 0x01F40}, {0x03BF0314, 0x01F41}, {0x03C10313, 0x01FE4},
    {0x03C10314, 0x01FE5}, {0x03C50300, 0x01F7A}, {0x03C50301, 0x003CD},
    {0x03C50304, 0x01FE1}, {0x03C50306, 0x01FE0}, {0x03C50308, 0x003CB},
    {0x03C50313, 0x01F50}, {0x03C50314, 0x01F51}, {0x03C50342, 0x01FE6},
    {0x03C90300, 0x01F7C}, {0x03C90301, 0x003CE}, {0x03C90313, 0x01F60},
    {0x03C90314, 0x01F61}, {0x03C90342, 0x01FF6}, {0x03C90345, 0x01FF3},
    {0x03CA0300, 0x01FD2}, {0x03CA0301, 0x00390}, {0x03CA0342, 0x01FD7},
    {0x03CB0300, 0x01FE2}, {0x03CB0301, 0x003B0}, {0x03CB0342, 0x01FE7},
    {0x03CE0345, 0x01FF4}, {0x03D20301, 0x003D3}, {0x03D20308, 0x003D4},
    {0x04060308, 0x00407}, {0x04100306, 0x004D0}, {0x04100308, 0x004D2},
    {0x04130301, 0x00403}, {0x04150300, 0x00400}, {0x04150306, 0x004D6},
    {0x04150308, 0x00401}, {0x04160306, 0x004C1}, {0x04160308, 0x004DC},
    {0x04170308, 0x004DE}, {0x04180300, 0x0040D}, {0x04180304, 0x004E2},
    {0x04180306, 0x00419}, {0x04180308, 0x004E4}, {0x041A0301, 0x0040C},
    {0x041E0308, 0x004E6}, {0x04230304, 0x004EE}, {0x04230306, 0x0040E},
    {0x04230308, 0x004F0}, {0x0423030B, 0x004F2}, {0x04270308, 0x004F4},
    {0x042B0308, 0x004F8}, {0x042D0308, 0x004EC}, {0x04300306, 0x004D1},
    {0x04300308, 0x004D3}, {0x04330301, 0x00453}, {0x04350300, 0x00450},
    {0x04350306, 0x004D7}, {0x04350308, 0x00451}, {0x04360306, 0x004C2},
    {0x04360308, 0x004DD}, {0x04370308, 0x004DF}, {0x04380300, 0x0045D},
    {0x04380304, 0x004E3}, {0x04380306, 0x00439}, {0x04380308, 0x004E5},
    {0x043A0301, 0x0045C}, {0x043E0308, 0x004E7}, {0x04430304, 0x004EF},
    {0x04430306, 0x0045E}, {0x04430308, 0x004F1}, {0x0443030B, 0x004F3},
    {0x04470308, 0x004F5}, {0x044B0308, 0x004F9}, {0x044D0308, 0x004ED},
    {0x04560308, 0x00457}, {0x0474030F, 0x00476}, {0x0475030F, 0x00477},
    {0x04D80308, 0x004DA}, {0x04D90308, 0x004DB}, {0x04E80308, 0x004EA},
    {0x04E90308, 0x004EB}, {0x05D20307, 0x105C9}, {0x05DA0307, 0x105E4},
    {0x06270653, 0x00622}, {0x06270654, 0x00623}, {0x06270655, 0x00625},
    {0x06480654, 0x00624}, {0x064A0654, 0x00626}, {0x06C10654, 0x006C2},
    {0x06D20654, 0x006D3}, {0x06D50654, 0x006C0}, {0x0928093C, 0x00929},
    {0x0930093C, 0x00931}, {0x0933093C, 0x00934}, {0x09C709BE, 0x009CB},
    {0x09C709D7, 0x009CC}, {0x0B470B3E, 0x00B4B}, {0x0B470B56, 0x00B48},
    {0x0B470B57, 0x00B4C}, {0x0B920BD7, 0x00B94}, {0x0BC60BBE, 0x00BCA},
    {0x0BC60BD7, 0x00BCC}, {0x0BC70BBE, 0x00BCB}, {0x0C460C56, 0x00C48},
    {0x0CBF0CD5, 0x00CC0}, {0x0CC60CC2, 0x00CCA}, {0x0CC60CD5, 0x00CC7},
    {0x0CC60CD6, 0x00CC8}, {0x0CCA0CD5, 0x00CCB}, {0x0D460D3E, 0x00D4A},
    {0x0D460D57, 0x00D4C}, {0x0D470D3E, 0x00D4B}, {0x0DD90DCA, 0x00DDA},
    {0x0DD90DCF, 0x00DDC}, {0x0DD90DDF, 0x00DDE}, {0x0DDC0DCA, 0x00DDD},
    {0x1025102E, 0x01026}, {0x109910BA, 0x1109A}, {0x109B10BA, 0x1109C},
    {0x10A510BA, 0x110AB}, {0x11311127, 0x1112E}, {0x11321127, 0x1112F},
    {0x1347133E, 0x1134B}, {0x13471357, 0x1134C}, {0x138213C9, 0x11383},
    {0x138413BB, 0x11385}, {0x138B13C2, 0x1138E}, {0x139013C9, 0x11391},
    {0x13C213B8, 0x113C7}, {0x13C213C2, 0x113C5}, {0x13C213C9, 0x113C8},
    {0x14B914B0, 0x114BC}, {0x14B914BA, 0x114BB}, {0x14B914BD, 0x114BE},
    {0x15B815AF, 0x115BA}, {0x15B915AF, 0x115BB}, {0x19351930, 0x11938},
    {0x1B051B35, 0x01B06}, {0x1B071B35, 0x01B08}, {0x1B091B35, 0x01B0A},
    {0x1B0B1B35, 0x01B0C}, {0x1B0D1B35, 0x01B0E}, {0x1B111B35, 0x01B12},
    {0x1B3A1B35, 0x01B3B}, {0x1B3C1B35, 0x01B3D}, {0x1B3E1B35, 0x01B40},
    {0x1B3F1B35, 0x01B41}, {0x1B421B35, 0x01B43}, {0x1E360304, 0x01E38},
    {0x1E370304, 0x01E39}, {0x1E5A0304, 0x01E5C}, {0x1E5B0304, 0x01E5D},
    {0x1E620307, 0x01E68}, {0x1E630307, 0x01E69}, {0x1EA00302, 0x01EAC},
    {0x1EA00306, 0x01EB6}, {0x1EA10302, 0x01EAD}, {0x1EA10306, 0x01EB7},
    {0x1EB80302, 0x01EC6}, {0x1EB90302, 0x01EC7}, {0x1ECC0302, 0x01ED8},
    {0x1ECD0302, 0x01ED9}, {0x1F000300, 0x01F02}, {0x1F000301, 0x01F04},
    {0x1F000342, 0x01F06}, {0x1F000345, 0x01F80}, {0x1F010300, 0x01F03},
    {0x1F010301, 0x01F05}, {0x1F010342, 0x01F07}, {0x1F010345, 0x01F81},
    {0x1F020345, 0x01F82}, {0x1F030345, 0x01F83}, {0x1F040345, 0x01F84},
    {0x1F050345, 0x01F85}, {0x1F060345, 0x01F86}, {0x1F070345, 0x01F87},
    {0x1F080300, 0x01F0A}, {0x1F080301, 0x01F0C}, {0x1F080342, 0x01F0E},
    {0x1F080345, 0x01F88}, {0x1F090300, 0x01F0B}, {0x1F090301, 0x01F0D},
    {0x1F090342, 0x01F0F}, {0x1F090345, 0x01F89}, {0x1F0A0345, 0x01F8A},
    {0x1F0B0345, 0x01F8B}, {0x1F0C0345, 0x01F8C}, {0x1F0D0345, 0x01F8D},
    {0x1F0E0345, 0x01F8E}, {0x1F0F0345, 0x01F8F}, {0x1F100300, 0x01F12},
    {0x1F100301, 0x01F14}, {0x1F110300, 0x01F13}, {0x1F110301, 0x01F15},
    {0x1F180300, 0x01F1A}, {0x1F180301, 0x01F1C}, {0x1F190300, 0x01F1B},
    {0x1F190301, 0x01F1D}, {0x1F200300, 0x01F22}, {0x1F200301, 0x01F24},
    {0x1F200342, 0x01F26}, {0x1F200345, 0x01F90}, {0x1F210300, 0x01F23},
    {0x1F210301, 0x01F25}, {0x1F210342, 0x01F27}, {0x1F210345, 0x01F91},
    {0x1F220345, 0x01F92}, {0x1F230345, 0x01F93}, {0x1F240345, 0x01F94},
    {0x1F250345, 0x01F95}, {0x1F260345, 0x01F96}, {0x1F270345, 0x01F97},
    {0x1F280300, 0x01F2A}, {0x1F280301, 0x01F2C}, {0x1F280342, 0x01F2E},
    {0x1F280345, 0x01F98}, {0x1F290300, 0x01F2B}, {0x1F290301, 0x01F2D},
    {0x1F290342, 0x01F2F}, {0x1F290345, 0x01F99}, {0x1F2A0345, 0x01F9A},
    {0x1F2B0345, 0x01F9B}, {0x1F2C0345, 0x01F9C}, {0x1F2D0345, 0x01F9D},
    {0x1F2E0345, 0x01F9E}, {0x1F2F0345, 0x01F9F}, {0x1F300300, 0x01F32},
    {0x1F300301, 0x01F34}, {0x1F300342, 0x01F36}, {0x1F310300, 0x01F33},
    {0x1F310301, 0x01F35}, {0x1F310342, 0x01F37}, {0x1F380300, 0x01F3A},
    {0x1F380301, 0x01F3C}, {0x1F380342, 0x01F3E}, {0x1F390300, 0x01F3B},
    {0x1F390301, 0x01F3D}, {0x1F390342, 0x01F3F}, {0x1F400300, 0x01F42},
    {0x1F400301, 0x01F44}, {0x1F410300, 0x01F43}, {0x1F410301, 0x01F45},
    {0x1F480300, 0x01F4A}, {0x1F480301, 0x01F4C}, {0x1F490300, 0x01F4B},
    {0x1F490301, 0x01F4D}, {0x1F500300, 0x01F52}, {0x1F500301, 0x01F54},
    {0x1F500342, 0x01F56}, {0x1F510300, 0x01F53}, {0x1F510301, 0x01F55},
    {0x1F510342, 0x01F57}, {0x1F590300, 0x01F5B}, {0x1F590301, 0x01F5D},
    {0x1F590342, 0x01F5F}, {0x1F600300, 0x01F62}, {0x1F600301, 0x01F64},
    {0x1F600342, 0x01F66}, {0x1F600345, 0x01FA0}, {0x1F610300, 0x01F63},
    {0x1F610301, 0x01F65}, {0x1F610342, 0x01F67}, {0x1F610345, 0x01FA1},
    {0x1F620345, 0x01FA2}, {0x1F630345, 0x01FA3}, {0x1F640345, 0x01FA4},
    {0x1F650345, 0x01FA5}, {0x1F660345, 0x01FA6}, {0x1F670345, 0x01FA7},
    {0x1F680300, 0x01F6A}, {0x1F680301, 0x01F6C}, {0x1F680342, 0x01F6E},
    {0x1F680345, 0x01FA8}, {0x1F690300, 0x01F6B}, {0x1F690301, 0x01F6D},
    {0x1F690342, 0x01F6F}, {0x1F690345, 0x01FA9}, {0x1F6A0345, 0x01FAA},
    {0x1F6B0345, 0x01FAB}, {0x1F6C0345, 0x01FAC}, {0x1F6D0345, 0x01FAD},
    {0x1F6E0345, 0x01FAE}, {0x1F6F0345, 0x01FAF}, {0x1F700345, 0x01FB2},
    {0x1F740345, 0x01FC2}, {0x1F7C0345, 0x01FF2}, {0x1FB60345, 0x01FB7},
    {0x1FBF0300, 0x01FCD}, {0x1FBF0301, 0x01FCE}, {0x1FBF0342, 0x01FCF},
    {0x1FC60345, 0x01FC7}, {0x1FF60345, 0x01FF7}, {0x1FFE0300, 0x01FDD},
    {0x1FFE0301, 0x01FDE}, {0x1FFE0342, 0x01FDF}, {0x21900338, 0x0219A},
    {0x21920338, 0x0219B}, {0x21940338, 0x021AE}, {0x21D00338, 0x021CD},
    {0x21D20338, 0x021CF}, {0x21D40338, 0x021CE}, {0x22030338, 0x02204},
    {0x22080338, 0x02209}, {0x220B0338, 0x0220C}, {0x22230338, 0x02224},
    {0x22250338, 0x02226}, {0x223C0338, 0x02241}, {0x22430338, 0x02244},
    {0x22450338, 0x02247}, {0x22480338, 0x02249}, {0x224D0338, 0x0226D},
    {0x22610338, 0x02262}, {0x22640338, 0x02270}, {0x22650338, 0x02271},
    {0x22720338, 0x02274}, {0x22730338, 0x02275}, {0x22760338, 0x02278},
    {0x22770338, 0x02279}, {0x227A0338, 0x02280}, {0x227B0338, 0x02281},
    {0x227C0338, 0x022E0}, {0x227D0338, 0x022E1}, {0x22820338, 0x02284},
    {0x22830338, 0x02285}, {0x22860338, 0x02288}, {0x22870338, 0x02289},
    {0x22910338, 0x022E2}, {0x22920338, 0x022E3}, {0x22A20338, 0x022AC},
    {0x22A80338, 0x022AD}, {0x22A90338, 0x022AE}, {0x22AB0338, 0x022AF},
    {0x22B20338, 0x022EA}, {0x22B30338, 0x022EB}, {0x22B40338, 0x022EC},
    {0x22B50338, 0x022ED}, {0x30463099, 0x03094}, {0x304B3099, 0x0304C},
    {0x304D3099, 0x0304E}, {0x304F3099, 0x03050}, {0x30513099, 0x03052},
    {0x30533099, 0x03054}, {0x30553099, 0x03056}, {0x30573099, 0x03058},
    {0x30593099, 0x0305A}, {0x305B3099, 0x0305C}, {0x305D3099, 0x0305E},
    {0x305F3099, 0x03060}, {0x30613099, 0x03062}, {0x30643099, 0x03065},
    {0x30663099, 0x03067}, {0x30683099, 0x03069}, {0x306F3099, 0x03070},
    {0x306F309A, 0x03071}, {0x30723099, 0x03073}, {0x3072309A, 0x03074},
    {0x30753099, 0x03076}, {0x3075309A, 0x03077}, {0x30783099, 0x03079},
    {0x3078309A, 0x0307A}, {0x307B3099, 0x0307C}, {0x307B309A, 0x0307D},
    {0x309D3099, 0x0309E}, {0x30A63099, 0x030F4}, {0x30AB3099, 0x030AC},
    {0x30AD3099, 0x030AE}, {0x30AF3099, 0x030B0}, {0x30B13099, 0x030B2},
    {0x30B33099, 0x030B4}, {0x30B53099, 0x030B6}, {0x30B73099, 0x030B8},
    {0x30B93099, 0x030BA}, {0x30BB3099, 0x030BC}, {0x30BD3099, 0x030BE},
    {0x30BF3099, 0x030C0}, {0x30C13099, 0x030C2}, {0x30C43099, 0x030C5},
    {0x30C63099, 0x030C7}, {0x30C83099, 0x030C9}, {0x30CF3099, 0x030D0},
    {0x30CF309A, 0x030D1}, {0x30D23099, 0x030D3}, {0x30D2309A, 0x030D4},
    {0x30D53099, 0x030D6}, {0x30D5309A, 0x030D7}, {0x30D83099, 0x030D9},
    {0x30D8309A, 0x030DA}, {0x30DB3099, 0x030DC}, {0x30DB309A, 0x030DD},
    {0x30EF3099, 0x030F7}, {0x30F03099, 0x030F8}, {0x30F13099, 0x030F9},
    {0x30F23099, 0x030FA}, {0x30FD3099, 0x030FE}, {0x611E611E, 0x16121},
    {0x611E611F, 0x16123}, {0x611E6120, 0x16125}, {0x611E6129, 0x16122},
    {0x6121611F, 0x16126}, {0x61216120, 0x16128}, {0x6122611F, 0x16127},
    {0x6129611F, 0x16124}, {0x6D636D67, 0x16D69}, {0x6D676D67, 0x16D68},
    {0x6D696D67, 0x16D6A},
};

/* clang-format on */
