/* Derived from Go's src/vendor/golang.org/x/net/idna/tables17.0.0.go.
 * Go source: go1.27.1, golang.org/x/net v0.55.1-0.20260731170536-c1d18010be90.
 *
 * Generated by tools/gen-xnet-idna.sh from the Go tables. Do not edit.
 *
 * Copyright 2016 The Go Authors. All rights reserved.
 * Copyright 2026 The burrow Authors. All rights reserved.
 * Use of this source code is governed by a BSD-style licence that can be found
 * in the LICENSE file. */

#include "idna.h"
#include "idna_tables.h"

/* clang-format off */

const uint8_t burrow__idna_mappings[6720] = {
    0x20, 0x20, 0xcc, 0x88, 0x61, 0x20, 0xcc, 0x84, 0x32, 0x33, 0x20, 0xcc, 0x81, 0x20, 0xcc, 0xa7,
    0x31, 0x6f, 0x31, 0xe2, 0x81, 0x84, 0x34, 0x31, 0xe2, 0x81, 0x84, 0x32, 0x33, 0xe2, 0x81, 0x84,
    0x34, 0x69, 0xcc, 0x87, 0x6c, 0xc2, 0xb7, 0xca, 0xbc, 0x6e, 0x73, 0x64, 0xc5, 0xbe, 0xe2, 0xb1,
    0xa5, 0xe2, 0xb1, 0xa6, 0x68, 0x6a, 0x72, 0x77, 0x79, 0x20, 0xcc, 0x86, 0x20, 0xcc, 0x87, 0x20,
    0xcc, 0x8a, 0x20, 0xcc, 0xa8, 0x20, 0xcc, 0x83, 0x20, 0xcc, 0x8b, 0x6c, 0x78, 0xcc, 0x88, 0xcc,
    0x81, 0x20, 0xce, 0xb9, 0x3b, 0x20, 0xcc, 0x88, 0xcc, 0x81, 0xd5, 0xa5, 0xd6, 0x82, 0xd8, 0xa7,
    0xd9, 0xb4, 0xd9, 0x88, 0xd9, 0xb4, 0xdb, 0x87, 0xd9, 0xb4, 0xd9, 0x8a, 0xd9, 0xb4, 0xe0, 0xa4,
    0x95, 0xe0, 0xa4, 0xbc, 0xe0, 0xa4, 0x96, 0xe0, 0xa4, 0xbc, 0xe0, 0xa4, 0x97, 0xe0, 0xa4, 0xbc,
    0xe0, 0xa4, 0x9c, 0xe0, 0xa4, 0xbc, 0xe0, 0xa4, 0xa1, 0xe0, 0xa4, 0xbc, 0xe0, 0xa4, 0xa2, 0xe0,
    0xa4, 0xbc, 0xe0, 0xa4, 0xab, 0xe0, 0xa4, 0xbc, 0xe0, 0xa4, 0xaf, 0xe0, 0xa4, 0xbc, 0xe0, 0xa6,
    0xa1, 0xe0, 0xa6, 0xbc, 0xe0, 0xa6, 0xa2, 0xe0, 0xa6, 0xbc, 0xe0, 0xa6, 0xaf, 0xe0, 0xa6, 0xbc,
    0xe0, 0xa8, 0xb2, 0xe0, 0xa8, 0xbc, 0xe0, 0xa8, 0xb8, 0xe0, 0xa8, 0xbc, 0xe0, 0xa8, 0x96, 0xe0,
    0xa8, 0xbc, 0xe0, 0xa8, 0x97, 0xe0, 0xa8, 0xbc, 0xe0, 0xa8, 0x9c, 0xe0, 0xa8, 0xbc, 0xe0, 0xa8,
    0xab, 0xe0, 0xa8, 0xbc, 0xe0, 0xac, 0xa1, 0xe0, 0xac, 0xbc, 0xe0, 0xac, 0xa2, 0xe0, 0xac, 0xbc,
    0xe0, 0xb9, 0x8d, 0xe0, 0xb8, 0xb2, 0xe0, 0xbb, 0x8d, 0xe0, 0xba, 0xb2, 0xe0, 0xba, 0xab, 0xe0,
    0xba, 0x99, 0xe0, 0xba, 0xab, 0xe0, 0xba, 0xa1, 0xe0, 0xbd, 0x82, 0xe0, 0xbe, 0xb7, 0xe0, 0xbd,
    0x8c, 0xe0, 0xbe, 0xb7, 0xe0, 0xbd, 0x91, 0xe0, 0xbe, 0xb7, 0xe0, 0xbd, 0x96, 0xe0, 0xbe, 0xb7,
    0xe0, 0xbd, 0x9b, 0xe0, 0xbe, 0xb7, 0xe0, 0xbd, 0x80, 0xe0, 0xbe, 0xb5, 0xe0, 0xbd, 0xb1, 0xe0,
    0xbd, 0xb2, 0xe0, 0xbd, 0xb1, 0xe0, 0xbd, 0xb4, 0xe0, 0xbe, 0xb2, 0xe0, 0xbe, 0x80, 0xe0, 0xbe,
    0xb2, 0xe0, 0xbd, 0xb1, 0xe0, 0xbe, 0x80, 0xe0, 0xbe, 0xb3, 0xe0, 0xbe, 0x80, 0xe0, 0xbe, 0xb3,
    0xe0, 0xbd, 0xb1, 0xe0, 0xbe, 0x80, 0xe0, 0xbd, 0xb1, 0xe0, 0xbe, 0x80, 0xe0, 0xbe, 0x92, 0xe0,
    0xbe, 0xb7, 0xe0, 0xbe, 0x9c, 0xe0, 0xbe, 0xb7, 0xe0, 0xbe, 0xa1, 0xe0, 0xbe, 0xb7, 0xe0, 0xbe,
    0xa6, 0xe0, 0xbe, 0xb7, 0xe0, 0xbe, 0xab, 0xe0, 0xbe, 0xb7, 0xe0, 0xbe, 0x90, 0xe0, 0xbe, 0xb5,
    0xd0, 0xb2, 0xd0, 0xb4, 0xd0, 0xbe, 0xd1, 0x81, 0xd1, 0x82, 0xd1, 0x8a, 0xd1, 0xa3, 0xc3, 0xa6,
    0x62, 0x64, 0x65, 0xc7, 0x9d, 0x67, 0x69, 0x6b, 0x6d, 0x6e, 0xc8, 0xa3, 0x70, 0x74, 0x75, 0xc9,
    0x90, 0xc9, 0x91, 0xc9, 0x99, 0xc9, 0x9b, 0xc9, 0x9c, 0xc5, 0x8b, 0xc9, 0x94, 0xc9, 0xaf, 0x76,
    0xce, 0xb2, 0xce, 0xb3, 0xce, 0xb4, 0xcf, 0x86, 0xcf, 0x87, 0xcf, 0x81, 0xd0, 0xbd, 0xc9, 0x92,
    0x63, 0xc9, 0x95, 0xc3, 0xb0, 0x66, 0xc9, 0x9f, 0xc9, 0xa1, 0xc9, 0xa5, 0xc9, 0xa8, 0xc9, 0xa9,
    0xc9, 0xaa, 0xca, 0x9d, 0xc9, 0xad, 0xca, 0x9f, 0xc9, 0xb1, 0xc9, 0xb0, 0xc9, 0xb2, 0xc9, 0xb3,
    0xc9, 0xb4, 0xc9, 0xb5, 0xc9, 0xb8, 0xca, 0x82, 0xca, 0x83, 0xc6, 0xab, 0xca, 0x89, 0xca, 0x8a,
    0xca, 0x8b, 0xca, 0x8c, 0x7a, 0xca, 0x90, 0xca, 0x91, 0xca, 0x92, 0xce, 0xb8, 0xc3, 0x9f, 0xce,
    0xac, 0xce, 0xad, 0xce, 0xae, 0xce, 0xaf, 0xcf, 0x8c, 0xcf, 0x8d, 0xcf, 0x8e, 0xe1, 0xbc, 0x80,
    0xce, 0xb9, 0xe1, 0xbc, 0x81, 0xce, 0xb9, 0xe1, 0xbc, 0x82, 0xce, 0xb9, 0xe1, 0xbc, 0x83, 0xce,
    0xb9, 0xe1, 0xbc, 0x84, 0xce, 0xb9, 0xe1, 0xbc, 0x85, 0xce, 0xb9, 0xe1, 0xbc, 0x86, 0xce, 0xb9,
    0xe1, 0xbc, 0x87, 0xce, 0xb9, 0xe1, 0xbc, 0xa0, 0xce, 0xb9, 0xe1, 0xbc, 0xa1, 0xce, 0xb9, 0xe1,
    0xbc, 0xa2, 0xce, 0xb9, 0xe1, 0xbc, 0xa3, 0xce, 0xb9, 0xe1, 0xbc, 0xa4, 0xce, 0xb9, 0xe1, 0xbc,
    0xa5, 0xce, 0xb9, 0xe1, 0xbc, 0xa6, 0xce, 0xb9, 0xe1, 0xbc, 0xa7, 0xce, 0xb9, 0xe1, 0xbd, 0xa0,
    0xce, 0xb9, 0xe1, 0xbd, 0xa1, 0xce, 0xb9, 0xe1, 0xbd, 0xa2, 0xce, 0xb9, 0xe1, 0xbd, 0xa3, 0xce,
    0xb9, 0xe1, 0xbd, 0xa4, 0xce, 0xb9, 0xe1, 0xbd, 0xa5, 0xce, 0xb9, 0xe1, 0xbd, 0xa6, 0xce, 0xb9,
    0xe1, 0xbd, 0xa7, 0xce, 0xb9, 0xe1, 0xbd, 0xb0, 0xce, 0xb9, 0xce, 0xb1, 0xce, 0xb9, 0xce, 0xac,
    0xce, 0xb9, 0xe1, 0xbe, 0xb6, 0xce, 0xb9, 0xce, 0xb9, 0x20, 0xcc, 0x88, 0xcd, 0x82, 0xe1, 0xbd,
    0xb4, 0xce, 0xb9, 0xce, 0xb7, 0xce, 0xb9, 0xce, 0xae, 0xce, 0xb9, 0xe1, 0xbf, 0x86, 0xce, 0xb9,
    0x20, 0xcc, 0x93, 0xcc, 0x80, 0x20, 0xcc, 0x93, 0xcc, 0x81, 0x20, 0xcc, 0x93, 0xcd, 0x82, 0xce,
    0x90, 0x20, 0xcc, 0x94, 0xcc, 0x80, 0x20, 0xcc, 0x94, 0xcc, 0x81, 0x20, 0xcc, 0x94, 0xcd, 0x82,
    0xce, 0xb0, 0x20, 0xcc, 0x88, 0xcc, 0x80, 0x60, 0xe1, 0xbd, 0xbc, 0xce, 0xb9, 0xcf, 0x89, 0xce,
    0xb9, 0xcf, 0x8e, 0xce, 0xb9, 0xe1, 0xbf, 0xb6, 0xce, 0xb9, 0xe2, 0x80, 0xb2, 0xe2, 0x80, 0xb2,
    0xe2, 0x80, 0xb2, 0xe2, 0x80, 0xb2, 0xe2, 0x80, 0xb2, 0xe2, 0x80, 0xb5, 0xe2, 0x80, 0xb5, 0xe2,
    0x80, 0xb5, 0xe2, 0x80, 0xb5, 0xe2, 0x80, 0xb5, 0x21, 0x21, 0x3f, 0x3f, 0x3f, 0x21, 0x21, 0x3f,
    0xe2, 0x80, 0xb2, 0xe2, 0x80, 0xb2, 0xe2, 0x80, 0xb2, 0xe2, 0x80, 0xb2, 0x30, 0x34, 0x35, 0x36,
    0x37, 0x38, 0x39, 0x2b, 0x3d, 0x28, 0x29, 0x72, 0x73, 0xc4, 0xa7, 0x6e, 0x6f, 0x71, 0x73, 0x6d,
    0x74, 0x6d, 0xcf, 0x89, 0xc3, 0xa5, 0xd7, 0x90, 0xd7, 0x91, 0xd7, 0x92, 0xd7, 0x93, 0xcf, 0x80,
    0x31, 0xe2, 0x81, 0x84, 0x37, 0x31, 0xe2, 0x81, 0x84, 0x39, 0x31, 0xe2, 0x81, 0x84, 0x31, 0x30,
    0x31, 0xe2, 0x81, 0x84, 0x33, 0x32, 0xe2, 0x81, 0x84, 0x33, 0x31, 0xe2, 0x81, 0x84, 0x35, 0x32,
    0xe2, 0x81, 0x84, 0x35, 0x33, 0xe2, 0x81, 0x84, 0x35, 0x34, 0xe2, 0x81, 0x84, 0x35, 0x31, 0xe2,
    0x81, 0x84, 0x36, 0x35, 0xe2, 0x81, 0x84, 0x36, 0x31, 0xe2, 0x81, 0x84, 0x38, 0x33, 0xe2, 0x81,
    0x84, 0x38, 0x35, 0xe2, 0x81, 0x84, 0x38, 0x37, 0xe2, 0x81, 0x84, 0x38, 0x31, 0xe2, 0x81, 0x84,
    0x69, 0x69, 0x69, 0x76, 0x76, 0x69, 0x76, 0x69, 0x69, 0x69, 0x69, 0x78, 0x78, 0x69, 0x30, 0xe2,
    0x81, 0x84, 0x33, 0xe2, 0x88, 0xab, 0xe2, 0x88, 0xab, 0xe2, 0x88, 0xab, 0xe2, 0x88, 0xab, 0xe2,
    0x88, 0xab, 0xe2, 0x88, 0xae, 0xe2, 0x88, 0xae, 0xe2, 0x88, 0xae, 0xe2, 0x88, 0xae, 0xe2, 0x88,
    0xae, 0x31, 0x30, 0x31, 0x31, 0x31, 0x32, 0x31, 0x33, 0x31, 0x34, 0x31, 0x35, 0x31, 0x36, 0x31,
    0x37, 0x31, 0x38, 0x31, 0x39, 0x32, 0x30, 0x28, 0x31, 0x30, 0x29, 0x28, 0x31, 0x31, 0x29, 0x28,
    0x31, 0x32, 0x29, 0x28, 0x31, 0x33, 0x29, 0x28, 0x31, 0x34, 0x29, 0x28, 0x31, 0x35, 0x29, 0x28,
    0x31, 0x36, 0x29, 0x28, 0x31, 0x37, 0x29, 0x28, 0x31, 0x38, 0x29, 0x28, 0x31, 0x39, 0x29, 0x28,
    0x32, 0x30, 0x29, 0xe2, 0x88, 0xab, 0xe2, 0x88, 0xab, 0xe2, 0x88, 0xab, 0xe2, 0x88, 0xab, 0x3d,
    0x3d, 0xe2, 0xab, 0x9d, 0xcc, 0xb8, 0xc9, 0xab, 0xc9, 0xbd, 0xc8, 0xbf, 0xc9, 0x80, 0x2e, 0x20,
    0xe3, 0x82, 0x99, 0x20, 0xe3, 0x82, 0x9a, 0xe3, 0x82, 0x88, 0xe3, 0x82, 0x8a, 0xe3, 0x82, 0xb3,
    0xe3, 0x83, 0x88, 0x28, 0xe1, 0x84, 0x80, 0x29, 0x28, 0xe1, 0x84, 0x82, 0x29, 0x28, 0xe1, 0x84,
    0x83, 0x29, 0x28, 0xe1, 0x84, 0x85, 0x29, 0x28, 0xe1, 0x84, 0x86, 0x29, 0x28, 0xe1, 0x84, 0x87,
    0x29, 0x28, 0xe1, 0x84, 0x89, 0x29, 0x28, 0xe1, 0x84, 0x8b, 0x29, 0x28, 0xe1, 0x84, 0x8c, 0x29,
    0x28, 0xe1, 0x84, 0x8e, 0x29, 0x28, 0xe1, 0x84, 0x8f, 0x29, 0x28, 0xe1, 0x84, 0x90, 0x29, 0x28,
    0xe1, 0x84, 0x91, 0x29, 0x28, 0xe1, 0x84, 0x92, 0x29, 0x28, 0xea, 0xb0, 0x80, 0x29, 0x28, 0xeb,
    0x82, 0x98, 0x29, 0x28, 0xeb, 0x8b, 0xa4, 0x29, 0x28, 0xeb, 0x9d, 0xbc, 0x29, 0x28, 0xeb, 0xa7,
    0x88, 0x29, 0x28, 0xeb, 0xb0, 0x94, 0x29, 0x28, 0xec, 0x82, 0xac, 0x29, 0x28, 0xec, 0x95, 0x84,
    0x29, 0x28, 0xec, 0x9e, 0x90, 0x29, 0x28, 0xec, 0xb0, 0xa8, 0x29, 0x28, 0xec, 0xb9, 0xb4, 0x29,
    0x28, 0xed, 0x83, 0x80, 0x29, 0x28, 0xed, 0x8c, 0x8c, 0x29, 0x28, 0xed, 0x95, 0x98, 0x29, 0x28,
    0xec, 0xa3, 0xbc, 0x29, 0x28, 0xec, 0x98, 0xa4, 0xec, 0xa0, 0x84, 0x29, 0x28, 0xec, 0x98, 0xa4,
    0xed, 0x9b, 0x84, 0x29, 0x28, 0xe4, 0xb8, 0x80, 0x29, 0x28, 0xe4, 0xba, 0x8c, 0x29, 0x28, 0xe4,
    0xb8, 0x89, 0x29, 0x28, 0xe5, 0x9b, 0x9b, 0x29, 0x28, 0xe4, 0xba, 0x94, 0x29, 0x28, 0xe5, 0x85,
    0xad, 0x29, 0x28, 0xe4, 0xb8, 0x83, 0x29, 0x28, 0xe5, 0x85, 0xab, 0x29, 0x28, 0xe4, 0xb9, 0x9d,
    0x29, 0x28, 0xe5, 0x8d, 0x81, 0x29, 0x28, 0xe6, 0x9c, 0x88, 0x29, 0x28, 0xe7, 0x81, 0xab, 0x29,
    0x28, 0xe6, 0xb0, 0xb4, 0x29, 0x28, 0xe6, 0x9c, 0xa8, 0x29, 0x28, 0xe9, 0x87, 0x91, 0x29, 0x28,
    0xe5, 0x9c, 0x9f, 0x29, 0x28, 0xe6, 0x97, 0xa5, 0x29, 0x28, 0xe6, 0xa0, 0xaa, 0x29, 0x28, 0xe6,
    0x9c, 0x89, 0x29, 0x28, 0xe7, 0xa4, 0xbe, 0x29, 0x28, 0xe5, 0x90, 0x8d, 0x29, 0x28, 0xe7, 0x89,
    0xb9, 0x29, 0x28, 0xe8, 0xb2, 0xa1, 0x29, 0x28, 0xe7, 0xa5, 0x9d, 0x29, 0x28, 0xe5, 0x8a, 0xb4,
    0x29, 0x28, 0xe4, 0xbb, 0xa3, 0x29, 0x28, 0xe5, 0x91, 0xbc, 0x29, 0x28, 0xe5, 0xad, 0xa6, 0x29,
    0x28, 0xe7, 0x9b, 0xa3, 0x29, 0x28, 0xe4, 0xbc, 0x81, 0x29, 0x28, 0xe8, 0xb3, 0x87, 0x29, 0x28,
    0xe5, 0x8d, 0x94, 0x29, 0x28, 0xe7, 0xa5, 0xad, 0x29, 0x28, 0xe4, 0xbc, 0x91, 0x29, 0x28, 0xe8,
    0x87, 0xaa, 0x29, 0x28, 0xe8, 0x87, 0xb3, 0x29, 0x32, 0x31, 0x32, 0x32, 0x32, 0x33, 0x32, 0x34,
    0x32, 0x35, 0x32, 0x36, 0x32, 0x37, 0x32, 0x38, 0x32, 0x39, 0x33, 0x30, 0x33, 0x31, 0x33, 0x32,
    0x33, 0x33, 0x33, 0x34, 0x33, 0x35, 0xec, 0xb0, 0xb8, 0xea, 0xb3, 0xa0, 0xec, 0xa3, 0xbc, 0xec,
    0x9d, 0x98, 0x33, 0x36, 0x33, 0x37, 0x33, 0x38, 0x33, 0x39, 0x34, 0x30, 0x34, 0x31, 0x34, 0x32,
    0x34, 0x33, 0x34, 0x34, 0x34, 0x35, 0x34, 0x36, 0x34, 0x37, 0x34, 0x38, 0x34, 0x39, 0x35, 0x30,
    0x31, 0xe6, 0x9c, 0x88, 0x32, 0xe6, 0x9c, 0x88, 0x33, 0xe6, 0x9c, 0x88, 0x34, 0xe6, 0x9c, 0x88,
    0x35, 0xe6, 0x9c, 0x88, 0x36, 0xe6, 0x9c, 0x88, 0x37, 0xe6, 0x9c, 0x88, 0x38, 0xe6, 0x9c, 0x88,
    0x39, 0xe6, 0x9c, 0x88, 0x31, 0x30, 0xe6, 0x9c, 0x88, 0x31, 0x31, 0xe6, 0x9c, 0x88, 0x31, 0x32,
    0xe6, 0x9c, 0x88, 0x68, 0x67, 0x65, 0x76, 0xe4, 0xbb, 0xa4, 0xe5, 0x92, 0x8c, 0xe3, 0x82, 0xa2,
    0xe3, 0x83, 0x91, 0xe3, 0x83, 0xbc, 0xe3, 0x83, 0x88, 0xe3, 0x82, 0xa2, 0xe3, 0x83, 0xab, 0xe3,
    0x83, 0x95, 0xe3, 0x82, 0xa1, 0xe3, 0x82, 0xa2, 0xe3, 0x83, 0xb3, 0xe3, 0x83, 0x9a, 0xe3, 0x82,
    0xa2, 0xe3, 0x82, 0xa2, 0xe3, 0x83, 0xbc, 0xe3, 0x83, 0xab, 0xe3, 0x82, 0xa4, 0xe3, 0x83, 0x8b,
    0xe3, 0x83, 0xb3, 0xe3, 0x82, 0xb0, 0xe3, 0x82, 0xa4, 0xe3, 0x83, 0xb3, 0xe3, 0x83, 0x81, 0xe3,
    0x82, 0xa6, 0xe3, 0x82, 0xa9, 0xe3, 0x83, 0xb3, 0xe3, 0x82, 0xa8, 0xe3, 0x82, 0xb9, 0xe3, 0x82,
    0xaf, 0xe3, 0x83, 0xbc, 0xe3, 0x83, 0x89, 0xe3, 0x82, 0xa8, 0xe3, 0x83, 0xbc, 0xe3, 0x82, 0xab,
    0xe3, 0x83, 0xbc, 0xe3, 0x82, 0xaa, 0xe3, 0x83, 0xb3, 0xe3, 0x82, 0xb9, 0xe3, 0x82, 0xaa, 0xe3,
    0x83, 0xbc, 0xe3, 0x83, 0xa0, 0xe3, 0x82, 0xab, 0xe3, 0x82, 0xa4, 0xe3, 0x83, 0xaa, 0xe3, 0x82,
    0xab, 0xe3, 0x83, 0xa9, 0xe3, 0x83, 0x83, 0xe3, 0x83, 0x88, 0xe3, 0x82, 0xab, 0xe3, 0x83, 0xad,
    0xe3, 0x83, 0xaa, 0xe3, 0x83, 0xbc, 0xe3, 0x82, 0xac, 0xe3, 0x83, 0xad, 0xe3, 0x83, 0xb3, 0xe3,
    0x82, 0xac, 0xe3, 0x83, 0xb3, 0xe3, 0x83, 0x9e, 0xe3, 0x82, 0xae, 0xe3, 0x82, 0xac, 0xe3, 0x82,
    0xae, 0xe3, 0x83, 0x8b, 0xe3, 0x83, 0xbc, 0xe3, 0x82, 0xad, 0xe3, 0x83, 0xa5, 0xe3, 0x83, 0xaa,
    0xe3, 0x83, 0xbc, 0xe3, 0x82, 0xae, 0xe3, 0x83, 0xab, 0xe3, 0x83, 0x80, 0xe3, 0x83, 0xbc, 0xe3,
    0x82, 0xad, 0xe3, 0x83, 0xad, 0xe3, 0x82, 0xad, 0xe3, 0x83, 0xad, 0xe3, 0x82, 0xb0, 0xe3, 0x83,
    0xa9, 0xe3, 0x83, 0xa0, 0xe3, 0x82, 0xad, 0xe3, 0x83, 0xad, 0xe3, 0x83, 0xa1, 0xe3, 0x83, 0xbc,
    0xe3, 0x83, 0x88, 0xe3, 0x83, 0xab, 0xe3, 0x82, 0xad, 0xe3, 0x83, 0xad, 0xe3, 0x83, 0xaf, 0xe3,
    0x83, 0x83, 0xe3, 0x83, 0x88, 0xe3, 0x82, 0xb0, 0xe3, 0x83, 0xa9, 0xe3, 0x83, 0xa0, 0xe3, 0x82,
    0xb0, 0xe3, 0x83, 0xa9, 0xe3, 0x83, 0xa0, 0xe3, 0x83, 0x88, 0xe3, 0x83, 0xb3, 0xe3, 0x82, 0xaf,
    0xe3, 0x83, 0xab, 0xe3, 0x82, 0xbc, 0xe3, 0x82, 0xa4, 0xe3, 0x83, 0xad, 0xe3, 0x82, 0xaf, 0xe3,
    0x83, 0xad, 0xe3, 0x83, 0xbc, 0xe3, 0x83, 0x8d, 0xe3, 0x82, 0xb1, 0xe3, 0x83, 0xbc, 0xe3, 0x82,
    0xb9, 0xe3, 0x82, 0xb3, 0xe3, 0x83, 0xab, 0xe3, 0x83, 0x8a, 0xe3, 0x82, 0xb3, 0xe3, 0x83, 0xbc,
    0xe3, 0x83, 0x9d, 0xe3, 0x82, 0xb5, 0xe3, 0x82, 0xa4, 0xe3, 0x82, 0xaf, 0xe3, 0x83, 0xab, 0xe3,
    0x82, 0xb5, 0xe3, 0x83, 0xb3, 0xe3, 0x83, 0x81, 0xe3, 0x83, 0xbc, 0xe3, 0x83, 0xa0, 0xe3, 0x82,
    0xb7, 0xe3, 0x83, 0xaa, 0xe3, 0x83, 0xb3, 0xe3, 0x82, 0xb0, 0xe3, 0x82, 0xbb, 0xe3, 0x83, 0xb3,
    0xe3, 0x83, 0x81, 0xe3, 0x82, 0xbb, 0xe3, 0x83, 0xb3, 0xe3, 0x83, 0x88, 0xe3, 0x83, 0x80, 0xe3,
    0x83, 0xbc, 0xe3, 0x82, 0xb9, 0xe3, 0x83, 0x87, 0xe3, 0x82, 0xb7, 0xe3, 0x83, 0x89, 0xe3, 0x83,
    0xab, 0xe3, 0x83, 0x88, 0xe3, 0x83, 0xb3, 0xe3, 0x83, 0x8a, 0xe3, 0x83, 0x8e, 0xe3, 0x83, 0x8e,
    0xe3, 0x83, 0x83, 0xe3, 0x83, 0x88, 0xe3, 0x83, 0x8f, 0xe3, 0x82, 0xa4, 0xe3, 0x83, 0x84, 0xe3,
    0x83, 0x91, 0xe3, 0x83, 0xbc, 0xe3, 0x82, 0xbb, 0xe3, 0x83, 0xb3, 0xe3, 0x83, 0x88, 0xe3, 0x83,
    0x91, 0xe3, 0x83, 0xbc, 0xe3, 0x83, 0x84, 0xe3, 0x83, 0x90, 0xe3, 0x83, 0xbc, 0xe3, 0x83, 0xac,
    0xe3, 0x83, 0xab, 0xe3, 0x83, 0x94, 0xe3, 0x82, 0xa2, 0xe3, 0x82, 0xb9, 0xe3, 0x83, 0x88, 0xe3,
    0x83, 0xab, 0xe3, 0x83, 0x94, 0xe3, 0x82, 0xaf, 0xe3, 0x83, 0xab, 0xe3, 0x83, 0x94, 0xe3, 0x82,
    0xb3, 0xe3, 0x83, 0x93, 0xe3, 0x83, 0xab, 0xe3, 0x83, 0x95, 0xe3, 0x82, 0xa1, 0xe3, 0x83, 0xa9,
    0xe3, 0x83, 0x83, 0xe3, 0x83, 0x89, 0xe3, 0x83, 0x95, 0xe3, 0x82, 0xa3, 0xe3, 0x83, 0xbc, 0xe3,
    0x83, 0x88, 0xe3, 0x83, 0x96, 0xe3, 0x83, 0x83, 0xe3, 0x82, 0xb7, 0xe3, 0x82, 0xa7, 0xe3, 0x83,
    0xab, 0xe3, 0x83, 0x95, 0xe3, 0x83, 0xa9, 0xe3, 0x83, 0xb3, 0xe3, 0x83, 0x98, 0xe3, 0x82, 0xaf,
    0xe3, 0x82, 0xbf, 0xe3, 0x83, 0xbc, 0xe3, 0x83, 0xab, 0xe3, 0x83, 0x9a, 0xe3, 0x82, 0xbd, 0xe3,
    0x83, 0x9a, 0xe3, 0x83, 0x8b, 0xe3, 0x83, 0x92, 0xe3, 0x83, 0x98, 0xe3, 0x83, 0xab, 0xe3, 0x83,
    0x84, 0xe3, 0x83, 0x9a, 0xe3, 0x83, 0xb3, 0xe3, 0x82, 0xb9, 0xe3, 0x83, 0x9a, 0xe3, 0x83, 0xbc,
    0xe3, 0x82, 0xb8, 0xe3, 0x83, 0x99, 0xe3, 0x83, 0xbc, 0xe3, 0x82, 0xbf, 0xe3, 0x83, 0x9d, 0xe3,
    0x82, 0xa4, 0xe3, 0x83, 0xb3, 0xe3, 0x83, 0x88, 0xe3, 0x83, 0x9c, 0xe3, 0x83, 0xab, 0xe3, 0x83,
    0x88, 0xe3, 0x83, 0x9b, 0xe3, 0x83, 0xb3, 0xe3, 0x83, 0x9d, 0xe3, 0x83, 0xb3, 0xe3, 0x83, 0x89,
    0xe3, 0x83, 0x9b, 0xe3, 0x83, 0xbc, 0xe3, 0x83, 0xab, 0xe3, 0x83, 0x9b, 0xe3, 0x83, 0xbc, 0xe3,
    0x83, 0xb3, 0xe3, 0x83, 0x9e, 0xe3, 0x82, 0xa4, 0xe3, 0x82, 0xaf, 0xe3, 0x83, 0xad, 0xe3, 0x83,
    0x9e, 0xe3, 0x82, 0xa4, 0xe3, 0x83, 0xab, 0xe3, 0x83, 0x9e, 0xe3, 0x83, 0x83, 0xe3, 0x83, 0x8f,
    0xe3, 0x83, 0x9e, 0xe3, 0x83, 0xab, 0xe3, 0x82, 0xaf, 0xe3, 0x83, 0x9e, 0xe3, 0x83, 0xb3, 0xe3,
    0x82, 0xb7, 0xe3, 0x83, 0xa7, 0xe3, 0x83, 0xb3, 0xe3, 0x83, 0x9f, 0xe3, 0x82, 0xaf, 0xe3, 0x83,
    0xad, 0xe3, 0x83, 0xb3, 0xe3, 0x83, 0x9f, 0xe3, 0x83, 0xaa, 0xe3, 0x83, 0x9f, 0xe3, 0x83, 0xaa,
    0xe3, 0x83, 0x90, 0xe3, 0x83, 0xbc, 0xe3, 0x83, 0xab, 0xe3, 0x83, 0xa1, 0xe3, 0x82, 0xac, 0xe3,
    0x83, 0xa1, 0xe3, 0x82, 0xac, 0xe3, 0x83, 0x88, 0xe3, 0x83, 0xb3, 0xe3, 0x83, 0xa1, 0xe3, 0x83,
    0xbc, 0xe3, 0x83, 0x88, 0xe3, 0x83, 0xab, 0xe3, 0x83, 0xa4, 0xe3, 0x83, 0xbc, 0xe3, 0x83, 0x89,
    0xe3, 0x83, 0xa4, 0xe3, 0x83, 0xbc, 0xe3, 0x83, 0xab, 0xe3, 0x83, 0xa6, 0xe3, 0x82, 0xa2, 0xe3,
    0x83, 0xb3, 0xe3, 0x83, 0xaa, 0xe3, 0x83, 0x83, 0xe3, 0x83, 0x88, 0xe3, 0x83, 0xab, 0xe3, 0x83,
    0xaa, 0xe3, 0x83, 0xa9, 0xe3, 0x83, 0xab, 0xe3, 0x83, 0x94, 0xe3, 0x83, 0xbc, 0xe3, 0x83, 0xab,
    0xe3, 0x83, 0xbc, 0xe3, 0x83, 0x96, 0xe3, 0x83, 0xab, 0xe3, 0x83, 0xac, 0xe3, 0x83, 0xa0, 0xe3,
    0x83, 0xac, 0xe3, 0x83, 0xb3, 0xe3, 0x83, 0x88, 0xe3, 0x82, 0xb2, 0xe3, 0x83, 0xb3, 0xe3, 0x83,
    0xaf, 0xe3, 0x83, 0x83, 0xe3, 0x83, 0x88, 0x30, 0xe7, 0x82, 0xb9, 0x31, 0xe7, 0x82, 0xb9, 0x32,
    0xe7, 0x82, 0xb9, 0x33, 0xe7, 0x82, 0xb9, 0x34, 0xe7, 0x82, 0xb9, 0x35, 0xe7, 0x82, 0xb9, 0x36,
    0xe7, 0x82, 0xb9, 0x37, 0xe7, 0x82, 0xb9, 0x38, 0xe7, 0x82, 0xb9, 0x39, 0xe7, 0x82, 0xb9, 0x31,
    0x30, 0xe7, 0x82, 0xb9, 0x31, 0x31, 0xe7, 0x82, 0xb9, 0x31, 0x32, 0xe7, 0x82, 0xb9, 0x31, 0x33,
    0xe7, 0x82, 0xb9, 0x31, 0x34, 0xe7, 0x82, 0xb9, 0x31, 0x35, 0xe7, 0x82, 0xb9, 0x31, 0x36, 0xe7,
    0x82, 0xb9, 0x31, 0x37, 0xe7, 0x82, 0xb9, 0x31, 0x38, 0xe7, 0x82, 0xb9, 0x31, 0x39, 0xe7, 0x82,
    0xb9, 0x32, 0x30, 0xe7, 0x82, 0xb9, 0x32, 0x31, 0xe7, 0x82, 0xb9, 0x32, 0x32, 0xe7, 0x82, 0xb9,
    0x32, 0x33, 0xe7, 0x82, 0xb9, 0x32, 0x34, 0xe7, 0x82, 0xb9, 0x64, 0x61, 0x61, 0x75, 0x6f, 0x76,
    0x70, 0x63, 0x64, 0x6d, 0x69, 0x75, 0xe5, 0xb9, 0xb3, 0xe6, 0x88, 0x90, 0xe6, 0x98, 0xad, 0xe5,
    0x92, 0x8c, 0xe5, 0xa4, 0xa7, 0xe6, 0xad, 0xa3, 0xe6, 0x98, 0x8e, 0xe6, 0xb2, 0xbb, 0xe6, 0xa0,
    0xaa, 0xe5, 0xbc, 0x8f, 0xe4, 0xbc, 0x9a, 0xe7, 0xa4, 0xbe, 0x70, 0x61, 0x6e, 0x61, 0x6d, 0x61,
    0x6b, 0x61, 0x6b, 0x62, 0x6d, 0x62, 0x67, 0x62, 0x6b, 0x63, 0x61, 0x6c, 0x70, 0x66, 0x6e, 0x66,
    0x6d, 0x67, 0x6b, 0x67, 0x68, 0x7a, 0x6d, 0x6c, 0x64, 0x6c, 0x6b, 0x6c, 0x66, 0x6d, 0x6e, 0x6d,
    0x6d, 0x6d, 0x63, 0x6d, 0x6b, 0x6d, 0x6d, 0x32, 0x6d, 0x33, 0x6d, 0xe2, 0x88, 0x95, 0x73, 0x6d,
    0xe2, 0x88, 0x95, 0x73, 0x32, 0x72, 0x61, 0x64, 0xe2, 0x88, 0x95, 0x73, 0x72, 0x61, 0x64, 0xe2,
    0x88, 0x95, 0x73, 0x32, 0x70, 0x73, 0x6e, 0x73, 0x6d, 0x73, 0x70, 0x76, 0x6e, 0x76, 0x6d, 0x76,
    0x6b, 0x76, 0x70, 0x77, 0x6e, 0x77, 0x6d, 0x77, 0x6b, 0x77, 0x62, 0x71, 0x63, 0x63, 0x63, 0x64,
    0x63, 0xe2, 0x88, 0x95, 0x6b, 0x67, 0x64, 0x62, 0x67, 0x79, 0x68, 0x61, 0x68, 0x70, 0x69, 0x6e,
    0x6b, 0x6b, 0x6b, 0x74, 0x6c, 0x6d, 0x6c, 0x6e, 0x6c, 0x78, 0x70, 0x68, 0x70, 0x72, 0x73, 0x72,
    0x73, 0x76, 0x77, 0x62, 0x76, 0xe2, 0x88, 0x95, 0x6d, 0x61, 0xe2, 0x88, 0x95, 0x6d, 0x31, 0xe6,
    0x97, 0xa5, 0x32, 0xe6, 0x97, 0xa5, 0x33, 0xe6, 0x97, 0xa5, 0x34, 0xe6, 0x97, 0xa5, 0x35, 0xe6,
    0x97, 0xa5, 0x36, 0xe6, 0x97, 0xa5, 0x37, 0xe6, 0x97, 0xa5, 0x38, 0xe6, 0x97, 0xa5, 0x39, 0xe6,
    0x97, 0xa5, 0x31, 0x30, 0xe6, 0x97, 0xa5, 0x31, 0x31, 0xe6, 0x97, 0xa5, 0x31, 0x32, 0xe6, 0x97,
    0xa5, 0x31, 0x33, 0xe6, 0x97, 0xa5, 0x31, 0x34, 0xe6, 0x97, 0xa5, 0x31, 0x35, 0xe6, 0x97, 0xa5,
    0x31, 0x36, 0xe6, 0x97, 0xa5, 0x31, 0x37, 0xe6, 0x97, 0xa5, 0x31, 0x38, 0xe6, 0x97, 0xa5, 0x31,
    0x39, 0xe6, 0x97, 0xa5, 0x32, 0x30, 0xe6, 0x97, 0xa5, 0x32, 0x31, 0xe6, 0x97, 0xa5, 0x32, 0x32,
    0xe6, 0x97, 0xa5, 0x32, 0x33, 0xe6, 0x97, 0xa5, 0x32, 0x34, 0xe6, 0x97, 0xa5, 0x32, 0x35, 0xe6,
    0x97, 0xa5, 0x32, 0x36, 0xe6, 0x97, 0xa5, 0x32, 0x37, 0xe6, 0x97, 0xa5, 0x32, 0x38, 0xe6, 0x97,
    0xa5, 0x32, 0x39, 0xe6, 0x97, 0xa5, 0x33, 0x30, 0xe6, 0x97, 0xa5, 0x33, 0x31, 0xe6, 0x97, 0xa5,
    0xd1, 0x8c, 0xc9, 0xa6, 0xc9, 0xac, 0xca, 0x9e, 0xca, 0x87, 0xc9, 0xa4, 0xc6, 0x9b, 0xc5, 0x93,
    0xca, 0x8d, 0xf0, 0xa4, 0x8b, 0xae, 0xf0, 0xa2, 0xa1, 0x8a, 0xf0, 0xa2, 0xa1, 0x84, 0xf0, 0xa3,
    0x8f, 0x95, 0xf0, 0xa5, 0x89, 0x89, 0xf0, 0xa5, 0xb3, 0x90, 0xf0, 0xa7, 0xbb, 0x93, 0x66, 0x66,
    0x66, 0x69, 0x66, 0x6c, 0x73, 0x74, 0xd5, 0xb4, 0xd5, 0xb6, 0xd5, 0xb4, 0xd5, 0xa5, 0xd5, 0xb4,
    0xd5, 0xab, 0xd5, 0xbe, 0xd5, 0xb6, 0xd5, 0xb4, 0xd5, 0xad, 0xd7, 0x99, 0xd6, 0xb4, 0xd7, 0xb2,
    0xd6, 0xb7, 0xd7, 0xa2, 0xd7, 0x94, 0xd7, 0x9b, 0xd7, 0x9c, 0xd7, 0x9d, 0xd7, 0xa8, 0xd7, 0xaa,
    0xd7, 0xa9, 0xd7, 0x81, 0xd7, 0xa9, 0xd7, 0x82, 0xd7, 0xa9, 0xd6, 0xbc, 0xd7, 0x81, 0xd7, 0xa9,
    0xd6, 0xbc, 0xd7, 0x82, 0xd7, 0x90, 0xd6, 0xb7, 0xd7, 0x90, 0xd6, 0xb8, 0xd7, 0x90, 0xd6, 0xbc,
    0xd7, 0x91, 0xd6, 0xbc, 0xd7, 0x92, 0xd6, 0xbc, 0xd7, 0x93, 0xd6, 0xbc, 0xd7, 0x94, 0xd6, 0xbc,
    0xd7, 0x95, 0xd6, 0xbc, 0xd7, 0x96, 0xd6, 0xbc, 0xd7, 0x98, 0xd6, 0xbc, 0xd7, 0x99, 0xd6, 0xbc,
    0xd7, 0x9a, 0xd6, 0xbc, 0xd7, 0x9b, 0xd6, 0xbc, 0xd7, 0x9c, 0xd6, 0xbc, 0xd7, 0x9e, 0xd6, 0xbc,
    0xd7, 0xa0, 0xd6, 0xbc, 0xd7, 0xa1, 0xd6, 0xbc, 0xd7, 0xa3, 0xd6, 0xbc, 0xd7, 0xa4, 0xd6, 0xbc,
    0xd7, 0xa6, 0xd6, 0xbc, 0xd7, 0xa7, 0xd6, 0xbc, 0xd7, 0xa8, 0xd6, 0xbc, 0xd7, 0xa9, 0xd6, 0xbc,
    0xd7, 0xaa, 0xd6, 0xbc, 0xd7, 0x95, 0xd6, 0xb9, 0xd7, 0x91, 0xd6, 0xbf, 0xd7, 0x9b, 0xd6, 0xbf,
    0xd7, 0xa4, 0xd6, 0xbf, 0xd7, 0x90, 0xd7, 0x9c, 0xd9, 0xb1, 0xd9, 0xbb, 0xd9, 0xbe, 0xda, 0x80,
    0xd9, 0xba, 0xd9, 0xbf, 0xd9, 0xb9, 0xda, 0xa4, 0xda, 0xa6, 0xda, 0x84, 0xda, 0x83, 0xda, 0x86,
    0xda, 0x87, 0xda, 0x8d, 0xda, 0x8c, 0xda, 0x8e, 0xda, 0x88, 0xda, 0x98, 0xda, 0x91, 0xda, 0xa9,
    0xda, 0xaf, 0xda, 0xb3, 0xda, 0xb1, 0xda, 0xba, 0xda, 0xbb, 0xdb, 0x80, 0xdb, 0x81, 0xda, 0xbe,
    0xdb, 0x92, 0xdb, 0x93, 0xda, 0xad, 0xdb, 0x87, 0xdb, 0x86, 0xdb, 0x88, 0xdb, 0x8b, 0xdb, 0x85,
    0xdb, 0x89, 0xdb, 0x90, 0xd9, 0x89, 0xd8, 0xa6, 0xd8, 0xa7, 0xd8, 0xa6, 0xdb, 0x95, 0xd8, 0xa6,
    0xd9, 0x88, 0xd8, 0xa6, 0xdb, 0x87, 0xd8, 0xa6, 0xdb, 0x86, 0xd8, 0xa6, 0xdb, 0x88, 0xd8, 0xa6,
    0xdb, 0x90, 0xd8, 0xa6, 0xd9, 0x89, 0xdb, 0x8c, 0xd8, 0xa6, 0xd8, 0xac, 0xd8, 0xa6, 0xd8, 0xad,
    0xd8, 0xa6, 0xd9, 0x85, 0xd8, 0xa6, 0xd9, 0x8a, 0xd8, 0xa8, 0xd8, 0xac, 0xd8, 0xa8, 0xd8, 0xad,
    0xd8, 0xa8, 0xd8, 0xae, 0xd8, 0xa8, 0xd9, 0x85, 0xd8, 0xa8, 0xd9, 0x89, 0xd8, 0xa8, 0xd9, 0x8a,
    0xd8, 0xaa, 0xd8, 0xac, 0xd8, 0xaa, 0xd8, 0xad, 0xd8, 0xaa, 0xd8, 0xae, 0xd8, 0xaa, 0xd9, 0x85,
    0xd8, 0xaa, 0xd9, 0x89, 0xd8, 0xaa, 0xd9, 0x8a, 0xd8, 0xab, 0xd8, 0xac, 0xd8, 0xab, 0xd9, 0x85,
    0xd8, 0xab, 0xd9, 0x89, 0xd8, 0xab, 0xd9, 0x8a, 0xd8, 0xac, 0xd8, 0xad, 0xd8, 0xac, 0xd9, 0x85,
    0xd8, 0xad, 0xd8, 0xac, 0xd8, 0xad, 0xd9, 0x85, 0xd8, 0xae, 0xd8, 0xac, 0xd8, 0xae, 0xd8, 0xad,
    0xd8, 0xae, 0xd9, 0x85, 0xd8, 0xb3, 0xd8, 0xac, 0xd8, 0xb3, 0xd8, 0xad, 0xd8, 0xb3, 0xd8, 0xae,
    0xd8, 0xb3, 0xd9, 0x85, 0xd8, 0xb5, 0xd8, 0xad, 0xd8, 0xb5, 0xd9, 0x85, 0xd8, 0xb6, 0xd8, 0xac,
    0xd8, 0xb6, 0xd8, 0xad, 0xd8, 0xb6, 0xd8, 0xae, 0xd8, 0xb6, 0xd9, 0x85, 0xd8, 0xb7, 0xd8, 0xad,
    0xd8, 0xb7, 0xd9, 0x85, 0xd8, 0xb8, 0xd9, 0x85, 0xd8, 0xb9, 0xd8, 0xac, 0xd8, 0xb9, 0xd9, 0x85,
    0xd8, 0xba, 0xd8, 0xac, 0xd8, 0xba, 0xd9, 0x85, 0xd9, 0x81, 0xd8, 0xac, 0xd9, 0x81, 0xd8, 0xad,
    0xd9, 0x81, 0xd8, 0xae, 0xd9, 0x81, 0xd9, 0x85, 0xd9, 0x81, 0xd9, 0x89, 0xd9, 0x81, 0xd9, 0x8a,
    0xd9, 0x82, 0xd8, 0xad, 0xd9, 0x82, 0xd9, 0x85, 0xd9, 0x82, 0xd9, 0x89, 0xd9, 0x82, 0xd9, 0x8a,
    0xd9, 0x83, 0xd8, 0xa7, 0xd9, 0x83, 0xd8, 0xac, 0xd9, 0x83, 0xd8, 0xad, 0xd9, 0x83, 0xd8, 0xae,
    0xd9, 0x83, 0xd9, 0x84, 0xd9, 0x83, 0xd9, 0x85, 0xd9, 0x83, 0xd9, 0x89, 0xd9, 0x83, 0xd9, 0x8a,
    0xd9, 0x84, 0xd8, 0xac, 0xd9, 0x84, 0xd8, 0xad, 0xd9, 0x84, 0xd8, 0xae, 0xd9, 0x84, 0xd9, 0x85,
    0xd9, 0x84, 0xd9, 0x89, 0xd9, 0x84, 0xd9, 0x8a, 0xd9, 0x85, 0xd8, 0xac, 0xd9, 0x85, 0xd8, 0xad,
    0xd9, 0x85, 0xd8, 0xae, 0xd9, 0x85, 0xd9, 0x85, 0xd9, 0x85, 0xd9, 0x89, 0xd9, 0x85, 0xd9, 0x8a,
    0xd9, 0x86, 0xd8, 0xac, 0xd9, 0x86, 0xd8, 0xad, 0xd9, 0x86, 0xd8, 0xae, 0xd9, 0x86, 0xd9, 0x85,
    0xd9, 0x86, 0xd9, 0x89, 0xd9, 0x86, 0xd9, 0x8a, 0xd9, 0x87, 0xd8, 0xac, 0xd9, 0x87, 0xd9, 0x85,
    0xd9, 0x87, 0xd9, 0x89, 0xd9, 0x87, 0xd9, 0x8a, 0xd9, 0x8a, 0xd8, 0xac, 0xd9, 0x8a, 0xd8, 0xad,
    0xd9, 0x8a, 0xd8, 0xae, 0xd9, 0x8a, 0xd9, 0x85, 0xd9, 0x8a, 0xd9, 0x89, 0xd9, 0x8a, 0xd9, 0x8a,
    0xd8, 0xb0, 0xd9, 0xb0, 0xd8, 0xb1, 0xd9, 0xb0, 0xd9, 0x89, 0xd9, 0xb0, 0x20, 0xd9, 0x8c, 0xd9,
    0x91, 0x20, 0xd9, 0x8d, 0xd9, 0x91, 0x20, 0xd9, 0x8e, 0xd9, 0x91, 0x20, 0xd9, 0x8f, 0xd9, 0x91,
    0x20, 0xd9, 0x90, 0xd9, 0x91, 0x20, 0xd9, 0x91, 0xd9, 0xb0, 0xd8, 0xa6, 0xd8, 0xb1, 0xd8, 0xa6,
    0xd8, 0xb2, 0xd8, 0xa6, 0xd9, 0x86, 0xd8, 0xa8, 0xd8, 0xb1, 0xd8, 0xa8, 0xd8, 0xb2, 0xd8, 0xa8,
    0xd9, 0x86, 0xd8, 0xaa, 0xd8, 0xb1, 0xd8, 0xaa, 0xd8, 0xb2, 0xd8, 0xaa, 0xd9, 0x86, 0xd8, 0xab,
    0xd8, 0xb1, 0xd8, 0xab, 0xd8, 0xb2, 0xd8, 0xab, 0xd9, 0x86, 0xd9, 0x85, 0xd8, 0xa7, 0xd9, 0x86,
    0xd8, 0xb1, 0xd9, 0x86, 0xd8, 0xb2, 0xd9, 0x86, 0xd9, 0x86, 0xd9, 0x8a, 0xd8, 0xb1, 0xd9, 0x8a,
    0xd8, 0xb2, 0xd9, 0x8a, 0xd9, 0x86, 0xd8, 0xa6, 0xd8, 0xae, 0xd8, 0xa6, 0xd9, 0x87, 0xd8, 0xa8,
    0xd9, 0x87, 0xd8, 0xaa, 0xd9, 0x87, 0xd8, 0xb5, 0xd8, 0xae, 0xd9, 0x84, 0xd9, 0x87, 0xd9, 0x86,
    0xd9, 0x87, 0xd9, 0x87, 0xd9, 0xb0, 0xd9, 0x8a, 0xd9, 0x87, 0xd8, 0xab, 0xd9, 0x87, 0xd8, 0xb3,
    0xd9, 0x87, 0xd8, 0xb4, 0xd9, 0x85, 0xd8, 0xb4, 0xd9, 0x87, 0xd9, 0x80, 0xd9, 0x8e, 0xd9, 0x91,
    0xd9, 0x80, 0xd9, 0x8f, 0xd9, 0x91, 0xd9, 0x80, 0xd9, 0x90, 0xd9, 0x91, 0xd8, 0xb7, 0xd9, 0x89,
    0xd8, 0xb7, 0xd9, 0x8a, 0xd8, 0xb9, 0xd9, 0x89, 0xd8, 0xb9, 0xd9, 0x8a, 0xd8, 0xba, 0xd9, 0x89,
    0xd8, 0xba, 0xd9, 0x8a, 0xd8, 0xb3, 0xd9, 0x89, 0xd8, 0xb3, 0xd9, 0x8a, 0xd8, 0xb4, 0xd9, 0x89,
    0xd8, 0xb4, 0xd9, 0x8a, 0xd8, 0xad, 0xd9, 0x89, 0xd8, 0xad, 0xd9, 0x8a, 0xd8, 0xac, 0xd9, 0x89,
    0xd8, 0xac, 0xd9, 0x8a, 0xd8, 0xae, 0xd9, 0x89, 0xd8, 0xae, 0xd9, 0x8a, 0xd8, 0xb5, 0xd9, 0x89,
    0xd8, 0xb5, 0xd9, 0x8a, 0xd8, 0xb6, 0xd9, 0x89, 0xd8, 0xb6, 0xd9, 0x8a, 0xd8, 0xb4, 0xd8, 0xac,
    0xd8, 0xb4, 0xd8, 0xad, 0xd8, 0xb4, 0xd8, 0xae, 0xd8, 0xb4, 0xd8, 0xb1, 0xd8, 0xb3, 0xd8, 0xb1,
    0xd8, 0xb5, 0xd8, 0xb1, 0xd8, 0xb6, 0xd8, 0xb1, 0xd8, 0xa7, 0xd9, 0x8b, 0xd8, 0xaa, 0xd8, 0xac,
    0xd9, 0x85, 0xd8, 0xaa, 0xd8, 0xad, 0xd8, 0xac, 0xd8, 0xaa, 0xd8, 0xad, 0xd9, 0x85, 0xd8, 0xaa,
    0xd8, 0xae, 0xd9, 0x85, 0xd8, 0xaa, 0xd9, 0x85, 0xd8, 0xac, 0xd8, 0xaa, 0xd9, 0x85, 0xd8, 0xad,
    0xd8, 0xaa, 0xd9, 0x85, 0xd8, 0xae, 0xd8, 0xac, 0xd9, 0x85, 0xd8, 0xad, 0xd8, 0xad, 0xd9, 0x85,
    0xd9, 0x8a, 0xd8, 0xad, 0xd9, 0x85, 0xd9, 0x89, 0xd8, 0xb3, 0xd8, 0xad, 0xd8, 0xac, 0xd8, 0xb3,
    0xd8, 0xac, 0xd8, 0xad, 0xd8, 0xb3, 0xd8, 0xac, 0xd9, 0x89, 0xd8, 0xb3, 0xd9, 0x85, 0xd8, 0xad,
    0xd8, 0xb3, 0xd9, 0x85, 0xd8, 0xac, 0xd8, 0xb3, 0xd9, 0x85, 0xd9, 0x85, 0xd8, 0xb5, 0xd8, 0xad,
    0xd8, 0xad, 0xd8, 0xb5, 0xd9, 0x85, 0xd9, 0x85, 0xd8, 0xb4, 0xd8, 0xad, 0xd9, 0x85, 0xd8, 0xb4,
    0xd8, 0xac, 0xd9, 0x8a, 0xd8, 0xb4, 0xd9, 0x85, 0xd8, 0xae, 0xd8, 0xb4, 0xd9, 0x85, 0xd9, 0x85,
    0xd8, 0xb6, 0xd8, 0xad, 0xd9, 0x89, 0xd8, 0xb6, 0xd8, 0xae, 0xd9, 0x85, 0xd8, 0xb7, 0xd9, 0x85,
    0xd8, 0xad, 0xd8, 0xb7, 0xd9, 0x85, 0xd9, 0x85, 0xd8, 0xb7, 0xd9, 0x85, 0xd9, 0x8a, 0xd8, 0xb9,
    0xd8, 0xac, 0xd9, 0x85, 0xd8, 0xb9, 0xd9, 0x85, 0xd9, 0x85, 0xd8, 0xb9, 0xd9, 0x85, 0xd9, 0x89,
    0xd8, 0xba, 0xd9, 0x85, 0xd9, 0x85, 0xd8, 0xba, 0xd9, 0x85, 0xd9, 0x8a, 0xd8, 0xba, 0xd9, 0x85,
    0xd9, 0x89, 0xd9, 0x81, 0xd8, 0xae, 0xd9, 0x85, 0xd9, 0x82, 0xd9, 0x85, 0xd8, 0xad, 0xd9, 0x82,
    0xd9, 0x85, 0xd9, 0x85, 0xd9, 0x84, 0xd8, 0xad, 0xd9, 0x85, 0xd9, 0x84, 0xd8, 0xad, 0xd9, 0x8a,
    0xd9, 0x84, 0xd8, 0xad, 0xd9, 0x89, 0xd9, 0x84, 0xd8, 0xac, 0xd8, 0xac, 0xd9, 0x84, 0xd8, 0xae,
    0xd9, 0x85, 0xd9, 0x84, 0xd9, 0x85, 0xd8, 0xad, 0xd9, 0x85, 0xd8, 0xad, 0xd8, 0xac, 0xd9, 0x85,
    0xd8, 0xad, 0xd9, 0x85, 0xd9, 0x85, 0xd8, 0xad, 0xd9, 0x8a, 0xd9, 0x85, 0xd8, 0xac, 0xd8, 0xad,
    0xd9, 0x85, 0xd8, 0xac, 0xd9, 0x85, 0xd9, 0x85, 0xd8, 0xae, 0xd8, 0xac, 0xd9, 0x85, 0xd8, 0xae,
    0xd9, 0x85, 0xd9, 0x85, 0xd8, 0xac, 0xd8, 0xae, 0xd9, 0x87, 0xd9, 0x85, 0xd8, 0xac, 0xd9, 0x87,
    0xd9, 0x85, 0xd9, 0x85, 0xd9, 0x86, 0xd8, 0xad, 0xd9, 0x85, 0xd9, 0x86, 0xd8, 0xad, 0xd9, 0x89,
    0xd9, 0x86, 0xd8, 0xac, 0xd9, 0x85, 0xd9, 0x86, 0xd8, 0xac, 0xd9, 0x89, 0xd9, 0x86, 0xd9, 0x85,
    0xd9, 0x8a, 0xd9, 0x86, 0xd9, 0x85, 0xd9, 0x89, 0xd9, 0x8a, 0xd9, 0x85, 0xd9, 0x85, 0xd8, 0xa8,
    0xd8, 0xae, 0xd9, 0x8a, 0xd8, 0xaa, 0xd8, 0xac, 0xd9, 0x8a, 0xd8, 0xaa, 0xd8, 0xac, 0xd9, 0x89,
    0xd8, 0xaa, 0xd8, 0xae, 0xd9, 0x8a, 0xd8, 0xaa, 0xd8, 0xae, 0xd9, 0x89, 0xd8, 0xaa, 0xd9, 0x85,
    0xd9, 0x8a, 0xd8, 0xaa, 0xd9, 0x85, 0xd9, 0x89, 0xd8, 0xac, 0xd9, 0x85, 0xd9, 0x8a, 0xd8, 0xac,
    0xd8, 0xad, 0xd9, 0x89, 0xd8, 0xac, 0xd9, 0x85, 0xd9, 0x89, 0xd8, 0xb3, 0xd8, 0xae, 0xd9, 0x89,
    0xd8, 0xb5, 0xd8, 0xad, 0xd9, 0x8a, 0xd8, 0xb4, 0xd8, 0xad, 0xd9, 0x8a, 0xd8, 0xb6, 0xd8, 0xad,
    0xd9, 0x8a, 0xd9, 0x84, 0xd8, 0xac, 0xd9, 0x8a, 0xd9, 0x84, 0xd9, 0x85, 0xd9, 0x8a, 0xd9, 0x8a,
    0xd8, 0xad, 0xd9, 0x8a, 0xd9, 0x8a, 0xd8, 0xac, 0xd9, 0x8a, 0xd9, 0x8a, 0xd9, 0x85, 0xd9, 0x8a,
    0xd9, 0x85, 0xd9, 0x85, 0xd9, 0x8a, 0xd9, 0x82, 0xd9, 0x85, 0xd9, 0x8a, 0xd9, 0x86, 0xd8, 0xad,
    0xd9, 0x8a, 0xd8, 0xb9, 0xd9, 0x85, 0xd9, 0x8a, 0xd9, 0x83, 0xd9, 0x85, 0xd9, 0x8a, 0xd9, 0x86,
    0xd8, 0xac, 0xd8, 0xad, 0xd9, 0x85, 0xd8, 0xae, 0xd9, 0x8a, 0xd9, 0x84, 0xd8, 0xac, 0xd9, 0x85,
    0xd9, 0x83, 0xd9, 0x85, 0xd9, 0x85, 0xd8, 0xac, 0xd8, 0xad, 0xd9, 0x8a, 0xd8, 0xad, 0xd8, 0xac,
    0xd9, 0x8a, 0xd9, 0x85, 0xd8, 0xac, 0xd9, 0x8a, 0xd9, 0x81, 0xd9, 0x85, 0xd9, 0x8a, 0xd8, 0xa8,
    0xd8, 0xad, 0xd9, 0x8a, 0xd8, 0xb3, 0xd8, 0xae, 0xd9, 0x8a, 0xd9, 0x86, 0xd8, 0xac, 0xd9, 0x8a,
    0xd8, 0xb5, 0xd9, 0x84, 0xdb, 0x92, 0xd9, 0x82, 0xd9, 0x84, 0xdb, 0x92, 0xd8, 0xa7, 0xd9, 0x84,
    0xd9, 0x84, 0xd9, 0x87, 0xd8, 0xa7, 0xd9, 0x83, 0xd8, 0xa8, 0xd8, 0xb1, 0xd9, 0x85, 0xd8, 0xad,
    0xd9, 0x85, 0xd8, 0xaf, 0xd8, 0xb5, 0xd9, 0x84, 0xd8, 0xb9, 0xd9, 0x85, 0xd8, 0xb1, 0xd8, 0xb3,
    0xd9, 0x88, 0xd9, 0x84, 0xd8, 0xb9, 0xd9, 0x84, 0xd9, 0x8a, 0xd9, 0x87, 0xd9, 0x88, 0xd8, 0xb3,
    0xd9, 0x84, 0xd9, 0x85, 0xd8, 0xb5, 0xd9, 0x84, 0xd9, 0x89, 0xd8, 0xb5, 0xd9, 0x84, 0xd9, 0x89,
    0x20, 0xd8, 0xa7, 0xd9, 0x84, 0xd9, 0x84, 0xd9, 0x87, 0x20, 0xd8, 0xb9, 0xd9, 0x84, 0xd9, 0x8a,
    0xd9, 0x87, 0x20, 0xd9, 0x88, 0xd8, 0xb3, 0xd9, 0x84, 0xd9, 0x85, 0xd8, 0xac, 0xd9, 0x84, 0x20,
    0xd8, 0xac, 0xd9, 0x84, 0xd8, 0xa7, 0xd9, 0x84, 0xd9, 0x87, 0xd8, 0xb1, 0xdb, 0x8c, 0xd8, 0xa7,
    0xd9, 0x84, 0x2c, 0x3a, 0x21, 0x3f, 0x5f, 0x7b, 0x7d, 0x5b, 0x5d, 0x23, 0x26, 0x2a, 0x2d, 0x3c,
    0x3e, 0x5c, 0x24, 0x25, 0x40, 0xd9, 0x80, 0xd9, 0x8b, 0xd9, 0x80, 0xd9, 0x8e, 0xd9, 0x80, 0xd9,
    0x8f, 0xd9, 0x80, 0xd9, 0x90, 0xd9, 0x80, 0xd9, 0x91, 0xd9, 0x80, 0xd9, 0x92, 0xd8, 0xa1, 0xd8,
    0xa2, 0xd8, 0xa3, 0xd8, 0xa4, 0xd8, 0xa5, 0xd8, 0xa6, 0xd8, 0xa7, 0xd8, 0xa8, 0xd8, 0xa9, 0xd8,
    0xaa, 0xd8, 0xab, 0xd8, 0xac, 0xd8, 0xad, 0xd8, 0xae, 0xd8, 0xaf, 0xd8, 0xb0, 0xd8, 0xb1, 0xd8,
    0xb2, 0xd8, 0xb3, 0xd8, 0xb4, 0xd8, 0xb5, 0xd8, 0xb6, 0xd8, 0xb7, 0xd8, 0xb8, 0xd8, 0xb9, 0xd8,
    0xba, 0xd9, 0x81, 0xd9, 0x82, 0xd9, 0x83, 0xd9, 0x84, 0xd9, 0x85, 0xd9, 0x86, 0xd9, 0x87, 0xd9,
    0x88, 0xd9, 0x8a, 0xd9, 0x84, 0xd8, 0xa2, 0xd9, 0x84, 0xd8, 0xa3, 0xd9, 0x84, 0xd8, 0xa5, 0xd9,
    0x84, 0xd8, 0xa7, 0x22, 0x27, 0x2f, 0x5e, 0x7c, 0x7e, 0xc2, 0xa2, 0xc2, 0xa3, 0xc2, 0xac, 0xc2,
    0xa6, 0xc2, 0xa5, 0xcb, 0x90, 0xcb, 0x91, 0xca, 0x99, 0xc9, 0x93, 0xca, 0xa3, 0xea, 0xad, 0xa6,
    0xca, 0xa5, 0xca, 0xa4, 0xc9, 0x96, 0xc9, 0x97, 0xe1, 0xb6, 0x91, 0xc9, 0x98, 0xc9, 0x9e, 0xca,
    0xa9, 0xc9, 0xa2, 0xc9, 0xa0, 0xca, 0x9b, 0xca, 0x9c, 0xc9, 0xa7, 0xca, 0x84, 0xca, 0xaa, 0xca,
    0xab, 0xea, 0x9e, 0x8e, 0xc9, 0xae, 0xca, 0x8e, 0xc3, 0xb8, 0xc9, 0xb6, 0xc9, 0xb7, 0xc9, 0xba,
    0xc9, 0xbe, 0xca, 0x80, 0xca, 0xa8, 0xca, 0xa6, 0xea, 0xad, 0xa7, 0xca, 0xa7, 0xca, 0x88, 0xe2,
    0xb1, 0xb1, 0xca, 0x8f, 0xca, 0xa1, 0xca, 0xa2, 0xca, 0x98, 0xc7, 0x80, 0xc7, 0x81, 0xc7, 0x82,
    0xf0, 0x9d, 0x85, 0x97, 0xf0, 0x9d, 0x85, 0xa5, 0xf0, 0x9d, 0x85, 0x98, 0xf0, 0x9d, 0x85, 0xa5,
    0xf0, 0x9d, 0x85, 0x98, 0xf0, 0x9d, 0x85, 0xa5, 0xf0, 0x9d, 0x85, 0xae, 0xf0, 0x9d, 0x85, 0x98,
    0xf0, 0x9d, 0x85, 0xa5, 0xf0, 0x9d, 0x85, 0xaf, 0xf0, 0x9d, 0x85, 0x98, 0xf0, 0x9d, 0x85, 0xa5,
    0xf0, 0x9d, 0x85, 0xb0, 0xf0, 0x9d, 0x85, 0x98, 0xf0, 0x9d, 0x85, 0xa5, 0xf0, 0x9d, 0x85, 0xb1,
    0xf0, 0x9d, 0x85, 0x98, 0xf0, 0x9d, 0x85, 0xa5, 0xf0, 0x9d, 0x85, 0xb2, 0xf0, 0x9d, 0x86, 0xb9,
    0xf0, 0x9d, 0x85, 0xa5, 0xf0, 0x9d, 0x86, 0xba, 0xf0, 0x9d, 0x85, 0xa5, 0xf0, 0x9d, 0x86, 0xb9,
    0xf0, 0x9d, 0x85, 0xa5, 0xf0, 0x9d, 0x85, 0xae, 0xf0, 0x9d, 0x86, 0xba, 0xf0, 0x9d, 0x85, 0xa5,
    0xf0, 0x9d, 0x85, 0xae, 0xf0, 0x9d, 0x86, 0xb9, 0xf0, 0x9d, 0x85, 0xa5, 0xf0, 0x9d, 0x85, 0xaf,
    0xf0, 0x9d, 0x86, 0xba, 0xf0, 0x9d, 0x85, 0xa5, 0xf0, 0x9d, 0x85, 0xaf, 0xc4, 0xb1, 0xc8, 0xb7,
    0xce, 0xb1, 0xce, 0xb5, 0xce, 0xb6, 0xce, 0xb7, 0xce, 0xba, 0xce, 0xbb, 0xce, 0xbc, 0xce, 0xbd,
    0xce, 0xbe, 0xce, 0xbf, 0xcf, 0x83, 0xcf, 0x84, 0xcf, 0x85, 0xcf, 0x88, 0xe2, 0x88, 0x87, 0xe2,
    0x88, 0x82, 0xcf, 0x9d, 0xd0, 0xb0, 0xd0, 0xb1, 0xd0, 0xb3, 0xd0, 0xb5, 0xd0, 0xb6, 0xd0, 0xb7,
    0xd0, 0xb8, 0xd0, 0xba, 0xd0, 0xbb, 0xd0, 0xbc, 0xd0, 0xbf, 0xd1, 0x80, 0xd1, 0x83, 0xd1, 0x84,
    0xd1, 0x85, 0xd1, 0x86, 0xd1, 0x87, 0xd1, 0x88, 0xd1, 0x8b, 0xd1, 0x8d, 0xd1, 0x8e, 0xea, 0x9a,
    0x89, 0xd3, 0x99, 0xd1, 0x96, 0xd1, 0x98, 0xd3, 0xa9, 0xd2, 0xaf, 0xd3, 0x8f, 0xd2, 0x91, 0xd1,
    0x95, 0xd1, 0x9f, 0xd2, 0xab, 0xea, 0x99, 0x91, 0xd2, 0xb1, 0xd9, 0xae, 0xda, 0xa1, 0xd9, 0xaf,
    0x30, 0x2c, 0x31, 0x2c, 0x32, 0x2c, 0x33, 0x2c, 0x34, 0x2c, 0x35, 0x2c, 0x36, 0x2c, 0x37, 0x2c,
    0x38, 0x2c, 0x39, 0x2c, 0x28, 0x61, 0x29, 0x28, 0x62, 0x29, 0x28, 0x63, 0x29, 0x28, 0x64, 0x29,
    0x28, 0x65, 0x29, 0x28, 0x66, 0x29, 0x28, 0x67, 0x29, 0x28, 0x68, 0x29, 0x28, 0x69, 0x29, 0x28,
    0x6a, 0x29, 0x28, 0x6b, 0x29, 0x28, 0x6c, 0x29, 0x28, 0x6d, 0x29, 0x28, 0x6e, 0x29, 0x28, 0x6f,
    0x29, 0x28, 0x70, 0x29, 0x28, 0x71, 0x29, 0x28, 0x72, 0x29, 0x28, 0x73, 0x29, 0x28, 0x74, 0x29,
    0x28, 0x75, 0x29, 0x28, 0x76, 0x29, 0x28, 0x77, 0x29, 0x28, 0x78, 0x29, 0x28, 0x79, 0x29, 0x28,
    0x7a, 0x29, 0xe3, 0x80, 0x94, 0x73, 0xe3, 0x80, 0x95, 0x77, 0x7a, 0x68, 0x76, 0x73, 0x64, 0x73,
    0x73, 0x70, 0x70, 0x76, 0x77, 0x63, 0x6d, 0x63, 0x6d, 0x64, 0x6d, 0x72, 0x64, 0x6a, 0xe3, 0x81,
    0xbb, 0xe3, 0x81, 0x8b, 0xe3, 0x82, 0xb3, 0xe3, 0x82, 0xb3, 0xe3, 0x82, 0xb5, 0xe6, 0x89, 0x8b,
    0xe5, 0xad, 0x97, 0xe5, 0x8f, 0x8c, 0xe3, 0x83, 0x87, 0xe4, 0xba, 0x8c, 0xe5, 0xa4, 0x9a, 0xe8,
    0xa7, 0xa3, 0xe5, 0xa4, 0xa9, 0xe4, 0xba, 0xa4, 0xe6, 0x98, 0xa0, 0xe7, 0x84, 0xa1, 0xe6, 0x96,
    0x99, 0xe5, 0x89, 0x8d, 0xe5, 0xbe, 0x8c, 0xe5, 0x86, 0x8d, 0xe6, 0x96, 0xb0, 0xe5, 0x88, 0x9d,
    0xe7, 0xb5, 0x82, 0xe7, 0x94, 0x9f, 0xe8, 0xb2, 0xa9, 0xe5, 0xa3, 0xb0, 0xe5, 0x90, 0xb9, 0xe6,
    0xbc, 0x94, 0xe6, 0x8a, 0x95, 0xe6, 0x8d, 0x95, 0xe4, 0xb8, 0x80, 0xe4, 0xb8, 0x89, 0xe9, 0x81,
    0x8a, 0xe5, 0xb7, 0xa6, 0xe4, 0xb8, 0xad, 0xe5, 0x8f, 0xb3, 0xe6, 0x8c, 0x87, 0xe8, 0xb5, 0xb0,
    0xe6, 0x89, 0x93, 0xe7, 0xa6, 0x81, 0xe7, 0xa9, 0xba, 0xe5, 0x90, 0x88, 0xe6, 0xba, 0x80, 0xe6,
    0x9c, 0x89, 0xe6, 0x9c, 0x88, 0xe7, 0x94, 0xb3, 0xe5, 0x89, 0xb2, 0xe5, 0x96, 0xb6, 0xe9, 0x85,
    0x8d, 0xe3, 0x80, 0x94, 0xe6, 0x9c, 0xac, 0xe3, 0x80, 0x95, 0xe3, 0x80, 0x94, 0xe4, 0xb8, 0x89,
    0xe3, 0x80, 0x95, 0xe3, 0x80, 0x94, 0xe4, 0xba, 0x8c, 0xe3, 0x80, 0x95, 0xe3, 0x80, 0x94, 0xe5,
    0xae, 0x89, 0xe3, 0x80, 0x95, 0xe3, 0x80, 0x94, 0xe7, 0x82, 0xb9, 0xe3, 0x80, 0x95, 0xe3, 0x80,
    0x94, 0xe6, 0x89, 0x93, 0xe3, 0x80, 0x95, 0xe3, 0x80, 0x94, 0xe7, 0x9b, 0x97, 0xe3, 0x80, 0x95,
    0xe3, 0x80, 0x94, 0xe5, 0x8b, 0x9d, 0xe3, 0x80, 0x95, 0xe3, 0x80, 0x94, 0xe6, 0x95, 0x97, 0xe3,
    0x80, 0x95, 0xe5, 0xbe, 0x97, 0xe5, 0x8f, 0xaf, 0xe4, 0xb8, 0xbd, 0xe4, 0xb8, 0xb8, 0xe4, 0xb9,
    0x81, 0xe4, 0xbd, 0xa0, 0xe4, 0xbe, 0xae, 0xe4, 0xbe, 0xbb, 0xe5, 0x80, 0x82, 0xe5, 0x81, 0xba,
    0xe5, 0x82, 0x99, 0xe5, 0x83, 0xa7, 0xe5, 0x83, 0x8f, 0xe3, 0x92, 0x9e, 0xe5, 0x85, 0x8d, 0xe5,
    0x85, 0x94, 0xe5, 0x85, 0xa4, 0xe5, 0x85, 0xb7, 0xe3, 0x92, 0xb9, 0xe5, 0x85, 0xa7, 0xe5, 0x86,
    0x97, 0xe5, 0x86, 0xa4, 0xe4, 0xbb, 0x8c, 0xe5, 0x86, 0xac, 0xe5, 0x86, 0xb5, 0xe5, 0x87, 0xb5,
    0xe5, 0x88, 0x83, 0xe3, 0x93, 0x9f, 0xe5, 0x88, 0xbb, 0xe5, 0x89, 0x86, 0xe5, 0x89, 0xb7, 0xe3,
    0x94, 0x95, 0xe5, 0x8b, 0x87, 0xe5, 0x8b, 0x89, 0xe5, 0x8b, 0xa4, 0xe5, 0x8b, 0xba, 0xe5, 0x8c,
    0x85, 0xe5, 0x8c, 0x86, 0xe5, 0x8c, 0x97, 0xe5, 0x8d, 0x89, 0xe5, 0x8d, 0x91, 0xe5, 0x8d, 0x9a,
    0xe5, 0x8d, 0xb3, 0xe5, 0x8d, 0xbd, 0xe5, 0x8d, 0xbf, 0xe7, 0x81, 0xb0, 0xe5, 0x8f, 0x8a, 0xe5,
    0x8f, 0x9f, 0xe5, 0x8f, 0xab, 0xe5, 0x8f, 0xb1, 0xe5, 0x90, 0x86, 0xe5, 0x92, 0x9e, 0xe5, 0x90,
    0xb8, 0xe5, 0x91, 0x88, 0xe5, 0x91, 0xa8, 0xe5, 0x92, 0xa2, 0xe5, 0x93, 0xb6, 0xe5, 0x94, 0x90,
    0xe5, 0x95, 0x93, 0xe5, 0x95, 0xa3, 0xe5, 0x96, 0x84, 0xe5, 0x96, 0x99, 0xe5, 0x96, 0xab, 0xe5,
    0x96, 0xb3, 0xe5, 0x97, 0x82, 0xe5, 0x9c, 0x96, 0xe5, 0x98, 0x86, 0xe5, 0x9c, 0x97, 0xe5, 0x99,
    0x91, 0xe5, 0x99, 0xb4, 0xe5, 0x88, 0x87, 0xe5, 0xa3, 0xae, 0xe5, 0x9f, 0x8e, 0xe5, 0x9f, 0xb4,
    0xe5, 0xa0, 0x8d, 0xe5, 0x9e, 0x8b, 0xe5, 0xa0, 0xb2, 0xe5, 0xa0, 0xb1, 0xe5, 0xa2, 0xac, 0xe5,
    0xa3, 0xb2, 0xe5, 0xa3, 0xb7, 0xe5, 0xa4, 0x86, 0xe5, 0xa4, 0xa2, 0xe5, 0xa5, 0xa2, 0xe5, 0xa7,
    0xac, 0xe5, 0xa8, 0x9b, 0xe5, 0xa8, 0xa7, 0xe5, 0xa7, 0x98, 0xe5, 0xa9, 0xa6, 0xe3, 0x9b, 0xae,
    0xe3, 0x9b, 0xbc, 0xe5, 0xac, 0x88, 0xe5, 0xac, 0xbe, 0xe5, 0xaf, 0x83, 0xe5, 0xaf, 0x98, 0xe5,
    0xaf, 0xa7, 0xe5, 0xaf, 0xb3, 0xe5, 0xaf, 0xbf, 0xe5, 0xb0, 0x86, 0xe5, 0xbd, 0x93, 0xe5, 0xb0,
    0xa2, 0xe3, 0x9e, 0x81, 0xe5, 0xb1, 0xa0, 0xe5, 0xb1, 0xae, 0xe5, 0xb3, 0x80, 0xe5, 0xb2, 0x8d,
    0xe5, 0xb5, 0x83, 0xe5, 0xb5, 0xae, 0xe5, 0xb5, 0xab, 0xe5, 0xb5, 0xbc, 0xe5, 0xb7, 0xa1, 0xe5,
    0xb7, 0xa2, 0xe3, 0xa0, 0xaf, 0xe5, 0xb7, 0xbd, 0xe5, 0xb8, 0xa8, 0xe5, 0xb8, 0xbd, 0xe5, 0xb9,
    0xa9, 0xe3, 0xa1, 0xa2, 0xe3, 0xa1, 0xbc, 0xe5, 0xba, 0xb0, 0xe5, 0xba, 0xb3, 0xe5, 0xba, 0xb6,
    0xe5, 0xbb, 0x8a, 0xe5, 0xbb, 0xbe, 0xe8, 0x88, 0x81, 0xe5, 0xbc, 0xa2, 0xe3, 0xa3, 0x87, 0xe5,
    0xbd, 0xa2, 0xe5, 0xbd, 0xab, 0xe3, 0xa3, 0xa3, 0xe5, 0xbe, 0x9a, 0xe5, 0xbf, 0x8d, 0xe5, 0xbf,
    0x97, 0xe5, 0xbf, 0xb9, 0xe6, 0x82, 0x81, 0xe3, 0xa4, 0xba, 0xe3, 0xa4, 0x9c, 0xe6, 0x82, 0x94,
    0xe6, 0x83, 0x87, 0xe6, 0x85, 0x88, 0xe6, 0x85, 0x8c, 0xe6, 0x85, 0x8e, 0xe6, 0x85, 0xba, 0xe6,
    0x86, 0x8e, 0xe6, 0x86, 0xb2, 0xe6, 0x86, 0xa4, 0xe6, 0x86, 0xaf, 0xe6, 0x87, 0x9e, 0xe6, 0x87,
    0xb2, 0xe6, 0x87, 0xb6, 0xe6, 0x88, 0x90, 0xe6, 0x88, 0x9b, 0xe6, 0x89, 0x9d, 0xe6, 0x8a, 0xb1,
    0xe6, 0x8b, 0x94, 0xe6, 0x8d, 0x90, 0xe6, 0x8c, 0xbd, 0xe6, 0x8b, 0xbc, 0xe6, 0x8d, 0xa8, 0xe6,
    0x8e, 0x83, 0xe6, 0x8f, 0xa4, 0xe6, 0x90, 0xa2, 0xe6, 0x8f, 0x85, 0xe6, 0x8e, 0xa9, 0xe3, 0xa8,
    0xae, 0xe6, 0x91, 0xa9, 0xe6, 0x91, 0xbe, 0xe6, 0x92, 0x9d, 0xe6, 0x91, 0xb7, 0xe3, 0xa9, 0xac,
    0xe6, 0x95, 0x8f, 0xe6, 0x95, 0xac, 0xe6, 0x97, 0xa3, 0xe6, 0x9b, 0xb8, 0xe6, 0x99, 0x89, 0xe3,
    0xac, 0x99, 0xe6, 0x9a, 0x91, 0xe3, 0xac, 0x88, 0xe3, 0xab, 0xa4, 0xe5, 0x86, 0x92, 0xe5, 0x86,
    0x95, 0xe6, 0x9c, 0x80, 0xe6, 0x9a, 0x9c, 0xe8, 0x82, 0xad, 0xe4, 0x8f, 0x99, 0xe6, 0x9c, 0x97,
    0xe6, 0x9c, 0x9b, 0xe6, 0x9c, 0xa1, 0xe6, 0x9d, 0x9e, 0xe6, 0x9d, 0x93, 0xe3, 0xad, 0x89, 0xe6,
    0x9f, 0xba, 0xe6, 0x9e, 0x85, 0xe6, 0xa1, 0x92, 0xe6, 0xa2, 0x85, 0xe6, 0xa2, 0x8e, 0xe6, 0xa0,
    0x9f, 0xe6, 0xa4, 0x94, 0xe3, 0xae, 0x9d, 0xe6, 0xa5, 0x82, 0xe6, 0xa6, 0xa3, 0xe6, 0xa7, 0xaa,
    0xe6, 0xaa, 0xa8, 0xe6, 0xab, 0x9b, 0xe3, 0xb0, 0x98, 0xe6, 0xac, 0xa1, 0xe6, 0xad, 0x94, 0xe3,
    0xb1, 0x8e, 0xe6, 0xad, 0xb2, 0xe6, 0xae, 0x9f, 0xe6, 0xae, 0xba, 0xe6, 0xae, 0xbb, 0xe6, 0xb1,
    0x8e, 0xe6, 0xb2, 0xbf, 0xe6, 0xb3, 0x8d, 0xe6, 0xb1, 0xa7, 0xe6, 0xb4, 0x96, 0xe6, 0xb4, 0xbe,
    0xe6, 0xb5, 0xb7, 0xe6, 0xb5, 0x81, 0xe6, 0xb5, 0xa9, 0xe6, 0xb5, 0xb8, 0xe6, 0xb6, 0x85, 0xe6,
    0xb4, 0xb4, 0xe6, 0xb8, 0xaf, 0xe6, 0xb9, 0xae, 0xe3, 0xb4, 0xb3, 0xe6, 0xbb, 0x8b, 0xe6, 0xbb,
    0x87, 0xe6, 0xb7, 0xb9, 0xe6, 0xbd, 0xae, 0xe6, 0xbf, 0x86, 0xe7, 0x80, 0xb9, 0xe7, 0x80, 0x9e,
    0xe7, 0x80, 0x9b, 0xe3, 0xb6, 0x96, 0xe7, 0x81, 0x8a, 0xe7, 0x81, 0xbd, 0xe7, 0x81, 0xb7, 0xe7,
    0x82, 0xad, 0xe7, 0x85, 0x85, 0xe7, 0x86, 0x9c, 0xe7, 0x88, 0xa8, 0xe7, 0x88, 0xb5, 0xe7, 0x89,
    0x90, 0xe7, 0x8a, 0x80, 0xe7, 0x8a, 0x95, 0xe7, 0x8d, 0xba, 0xe7, 0x8e, 0x8b, 0xe3, 0xba, 0xac,
    0xe7, 0x8e, 0xa5, 0xe3, 0xba, 0xb8, 0xe7, 0x91, 0x87, 0xe7, 0x91, 0x9c, 0xe7, 0x91, 0xb1, 0xe7,
    0x92, 0x85, 0xe7, 0x93, 0x8a, 0xe3, 0xbc, 0x9b, 0xe7, 0x94, 0xa4, 0xe7, 0x94, 0xbe, 0xe7, 0x95,
    0xb0, 0xe7, 0x98, 0x90, 0xe3, 0xbf, 0xbc, 0xe4, 0x80, 0x88, 0xe7, 0x9b, 0xb4, 0xe7, 0x9c, 0x9e,
    0xe7, 0x9c, 0x9f, 0xe7, 0x9d, 0x8a, 0xe4, 0x80, 0xb9, 0xe7, 0x9e, 0x8b, 0xe4, 0x81, 0x86, 0xe4,
    0x82, 0x96, 0xe7, 0xa1, 0x8e, 0xe7, 0xa2, 0x8c, 0xe7, 0xa3, 0x8c, 0xe4, 0x83, 0xa3, 0xe7, 0xa5,
    0x96, 0xe7, 0xa6, 0x8f, 0xe7, 0xa7, 0xab, 0xe4, 0x84, 0xaf, 0xe7, 0xa9, 0x80, 0xe7, 0xa9, 0x8a,
    0xe7, 0xa9, 0x8f, 0xe7, 0xab, 0xae, 0xe4, 0x88, 0x82, 0xe7, 0xaf, 0x86, 0xe7, 0xaf, 0x89, 0xe4,
    0x88, 0xa7, 0xe7, 0xb3, 0x92, 0xe4, 0x8a, 0xa0, 0xe7, 0xb3, 0xa8, 0xe7, 0xb3, 0xa3, 0xe7, 0xb4,
    0x80, 0xe7, 0xb5, 0xa3, 0xe4, 0x8c, 0x81, 0xe7, 0xb7, 0x87, 0xe7, 0xb8, 0x82, 0xe7, 0xb9, 0x85,
    0xe4, 0x8c, 0xb4, 0xe4, 0x8d, 0x99, 0xe7, 0xbd, 0xba, 0xe7, 0xbe, 0x95, 0xe7, 0xbf, 0xba, 0xe8,
    0x80, 0x85, 0xe8, 0x81, 0xa0, 0xe8, 0x81, 0xb0, 0xe4, 0x8f, 0x95, 0xe8, 0x82, 0xb2, 0xe8, 0x84,
    0x83, 0xe4, 0x90, 0x8b, 0xe8, 0x84, 0xbe, 0xe5, 0xaa, 0xb5, 0xe8, 0x88, 0x84, 0xe8, 0xbe, 0x9e,
    0xe4, 0x91, 0xab, 0xe8, 0x8a, 0x91, 0xe8, 0x8a, 0x8b, 0xe8, 0x8a, 0x9d, 0xe5, 0x8a, 0xb3, 0xe8,
    0x8a, 0xb1, 0xe8, 0x8a, 0xb3, 0xe8, 0x8a, 0xbd, 0xe8, 0x8b, 0xa6, 0xe8, 0x8b, 0xa5, 0xe8, 0x8c,
    0x9d, 0xe8, 0x8d, 0xa3, 0xe8, 0x8e, 0xad, 0xe8, 0x8c, 0xa3, 0xe8, 0x8e, 0xbd, 0xe8, 0x8f, 0xa7,
    0xe8, 0x91, 0x97, 0xe8, 0x8d, 0x93, 0xe8, 0x8f, 0x8a, 0xe8, 0x8f, 0x8c, 0xe8, 0x8f, 0x9c, 0xe4,
    0x94, 0xab, 0xe8, 0x93, 0xb1, 0xe8, 0x93, 0xb3, 0xe8, 0x94, 0x96, 0xe8, 0x95, 0xa4, 0xe4, 0x95,
    0x9d, 0xe4, 0x95, 0xa1, 0xe4, 0x95, 0xab, 0xe8, 0x99, 0x90, 0xe8, 0x99, 0x9c, 0xe8, 0x99, 0xa7,
    0xe8, 0x99, 0xa9, 0xe8, 0x9a, 0xa9, 0xe8, 0x9a, 0x88, 0xe8, 0x9c, 0x8e, 0xe8, 0x9b, 0xa2, 0xe8,
    0x9d, 0xb9, 0xe8, 0x9c, 0xa8, 0xe8, 0x9d, 0xab, 0xe8, 0x9e, 0x86, 0xe4, 0x97, 0x97, 0xe8, 0x9f,
    0xa1, 0xe8, 0xa0, 0x81, 0xe4, 0x97, 0xb9, 0xe8, 0xa1, 0xa0, 0xe8, 0xa1, 0xa3, 0xe8, 0xa3, 0x97,
    0xe8, 0xa3, 0x9e, 0xe4, 0x98, 0xb5, 0xe8, 0xa3, 0xba, 0xe3, 0x92, 0xbb, 0xe4, 0x9a, 0xbe, 0xe4,
    0x9b, 0x87, 0xe8, 0xaa, 0xa0, 0xe8, 0xab, 0xad, 0xe8, 0xae, 0x8a, 0xe8, 0xb1, 0x95, 0xe8, 0xb2,
    0xab, 0xe8, 0xb3, 0x81, 0xe8, 0xb4, 0x9b, 0xe8, 0xb5, 0xb7, 0xe8, 0xb7, 0x8b, 0xe8, 0xb6, 0xbc,
    0xe8, 0xb7, 0xb0, 0xe8, 0xbb, 0x94, 0xe8, 0xbc, 0xb8, 0xe9, 0x82, 0x94, 0xe9, 0x83, 0xb1, 0xe9,
    0x84, 0x91, 0xe9, 0x84, 0x9b, 0xe9, 0x88, 0xb8, 0xe9, 0x8b, 0x97, 0xe9, 0x8b, 0x98, 0xe9, 0x89,
    0xbc, 0xe9, 0x8f, 0xb9, 0xe9, 0x90, 0x95, 0xe9, 0x96, 0x8b, 0xe4, 0xa6, 0x95, 0xe9, 0x96, 0xb7,
    0xe4, 0xa7, 0xa6, 0xe9, 0x9b, 0x83, 0xe5, 0xb6, 0xb2, 0xe9, 0x9c, 0xa3, 0xe4, 0xa9, 0xae, 0xe4,
    0xa9, 0xb6, 0xe9, 0x9f, 0xa0, 0xe4, 0xaa, 0xb2, 0xe9, 0xa0, 0x8b, 0xe9, 0xa0, 0xa9, 0xe9, 0xa3,
    0xa2, 0xe4, 0xac, 0xb3, 0xe9, 0xa4, 0xa9, 0xe9, 0xa6, 0xa7, 0xe9, 0xa7, 0x82, 0xe9, 0xa7, 0xbe,
    0xe4, 0xaf, 0x8e, 0xe9, 0xac, 0x92, 0xe9, 0xb1, 0x80, 0xe9, 0xb3, 0xbd, 0xe4, 0xb3, 0x8e, 0xe4,
    0xb3, 0xad, 0xe9, 0xb5, 0xa7, 0xe4, 0xb3, 0xb8, 0xe9, 0xba, 0xbb, 0xe4, 0xb5, 0x96, 0xe9, 0xbb,
    0xb9, 0xe9, 0xbb, 0xbe, 0xe9, 0xbc, 0x85, 0xe9, 0xbc, 0x8f, 0xe9, 0xbc, 0x96, 0xe9, 0xbc, 0xbb,
};

const uint16_t burrow__idna_mapping_index[1735] = {
    0x0, 0x0, 0x1, 0x4, 0x5, 0x8, 0x9, 0xa, 0xd, 0x10,
    0x11, 0x12, 0x17, 0x1c, 0x21, 0x24, 0x27, 0x2a, 0x2b, 0x2e,
    0x31, 0x34, 0x35, 0x36, 0x37, 0x38, 0x39, 0x3c, 0x3f, 0x42,
    0x45, 0x48, 0x4b, 0x4c, 0x4d, 0x51, 0x54, 0x55, 0x5a, 0x5e,
    0x62, 0x66, 0x6a, 0x6e, 0x74, 0x7a, 0x80, 0x86, 0x8c, 0x92,
    0x98, 0x9e, 0xa4, 0xaa, 0xb0, 0xb6, 0xbc, 0xc2, 0xc8, 0xce,
    0xd4, 0xda, 0xe0, 0xe6, 0xec, 0xf2, 0xf8, 0xfe, 0x104, 0x10a,
    0x110, 0x116, 0x11c, 0x122, 0x128, 0x12e, 0x137, 0x13d, 0x146, 0x14c,
    0x152, 0x158, 0x15e, 0x164, 0x16a, 0x170, 0x172, 0x174, 0x176, 0x178,
    0x17a, 0x17c, 0x17e, 0x180, 0x181, 0x182, 0x183, 0x185, 0x186, 0x187,
    0x188, 0x189, 0x18a, 0x18c, 0x18d, 0x18e, 0x18f, 0x191, 0x193, 0x195,
    0x197, 0x199, 0x19b, 0x19d, 0x19f, 0x1a0, 0x1a2, 0x1a4, 0x1a6, 0x1a8,
    0x1aa, 0x1ac, 0x1ae, 0x1b0, 0x1b1, 0x1b3, 0x1b5, 0x1b6, 0x1b8, 0x1ba,
    0x1bc, 0x1be, 0x1c0, 0x1c2, 0x1c4, 0x1c6, 0x1c8, 0x1ca, 0x1cc, 0x1ce,
    0x1d0, 0x1d2, 0x1d4, 0x1d6, 0x1d8, 0x1da, 0x1dc, 0x1de, 0x1e0, 0x1e2,
    0x1e4, 0x1e5, 0x1e7, 0x1e9, 0x1eb, 0x1ed, 0x1ef, 0x1f1, 0x1f3, 0x1f5,
    0x1f7, 0x1f9, 0x1fb, 0x1fd, 0x202, 0x207, 0x20c, 0x211, 0x216, 0x21b,
    0x220, 0x225, 0x22a, 0x22f, 0x234, 0x239, 0x23e, 0x243, 0x248, 0x24d,
    0x252, 0x257, 0x25c, 0x261, 0x266, 0x26b, 0x270, 0x275, 0x27a, 0x27e,
    0x282, 0x287, 0x289, 0x28e, 0x293, 0x297, 0x29b, 0x2a0, 0x2a5, 0x2aa,
    0x2af, 0x2b1, 0x2b6, 0x2bb, 0x2c0, 0x2c2, 0x2c7, 0x2c8, 0x2cd, 0x2d1,
    0x2d5, 0x2da, 0x2e0, 0x2e9, 0x2ef, 0x2f8, 0x2fa, 0x2fc, 0x2fe, 0x300,
    0x30c, 0x30d, 0x30e, 0x30f, 0x310, 0x311, 0x312, 0x313, 0x314, 0x315,
    0x316, 0x317, 0x319, 0x31b, 0x31d, 0x31e, 0x320, 0x322, 0x324, 0x326,
    0x328, 0x32a, 0x32c, 0x32e, 0x330, 0x335, 0x33a, 0x340, 0x345, 0x34a,
    0x34f, 0x354, 0x359, 0x35e, 0x363, 0x368, 0x36d, 0x372, 0x377, 0x37c,
    0x380, 0x382, 0x384, 0x386, 0x38a, 0x38c, 0x38e, 0x393, 0x399, 0x3a2,
    0x3a8, 0x3b1, 0x3b3, 0x3b5, 0x3b7, 0x3b9, 0x3bb, 0x3bd, 0x3bf, 0x3c1,
    0x3c3, 0x3c5, 0x3c7, 0x3cb, 0x3cf, 0x3d3, 0x3d7, 0x3db, 0x3df, 0x3e3,
    0x3e7, 0x3eb, 0x3ef, 0x3f3, 0x3ff, 0x401, 0x406, 0x408, 0x40a, 0x40c,
    0x40e, 0x40f, 0x413, 0x417, 0x41d, 0x423, 0x428, 0x42d, 0x432, 0x437,
    0x43c, 0x441, 0x446, 0x44b, 0x450, 0x455, 0x45a, 0x45f, 0x464, 0x469,
    0x46e, 0x473, 0x478, 0x47d, 0x482, 0x487, 0x48c, 0x491, 0x496, 0x49b,
    0x4a0, 0x4a5, 0x4aa, 0x4af, 0x4b4, 0x4bc, 0x4c4, 0x4c9, 0x4ce, 0x4d3,
    0x4d8, 0x4dd, 0x4e2, 0x4e7, 0x4ec, 0x4f1, 0x4f6, 0x4fb, 0x500, 0x505,
    0x50a, 0x50f, 0x514, 0x519, 0x51e, 0x523, 0x528, 0x52d, 0x532, 0x537,
    0x53c, 0x541, 0x546, 0x54b, 0x550, 0x555, 0x55a, 0x55f, 0x564, 0x569,
    0x56e, 0x573, 0x578, 0x57a, 0x57c, 0x57e, 0x580, 0x582, 0x584, 0x586,
    0x588, 0x58a, 0x58c, 0x58e, 0x590, 0x592, 0x594, 0x596, 0x59c, 0x5a2,
    0x5a4, 0x5a6, 0x5a8, 0x5aa, 0x5ac, 0x5ae, 0x5b0, 0x5b2, 0x5b4, 0x5b6,
    0x5b8, 0x5ba, 0x5bc, 0x5be, 0x5c0, 0x5c4, 0x5c8, 0x5cc, 0x5d0, 0x5d4,
    0x5d8, 0x5dc, 0x5e0, 0x5e4, 0x5e9, 0x5ee, 0x5f3, 0x5f5, 0x5f7, 0x5fd,
    0x609, 0x615, 0x621, 0x62a, 0x636, 0x63f, 0x648, 0x657, 0x663, 0x66c,
    0x675, 0x67e, 0x68a, 0x696, 0x69f, 0x6a8, 0x6ae, 0x6b7, 0x6c3, 0x6cf,
    0x6d5, 0x6e4, 0x6f6, 0x705, 0x70e, 0x71d, 0x72c, 0x738, 0x741, 0x74a,
    0x753, 0x75f, 0x76e, 0x77a, 0x783, 0x78c, 0x795, 0x79b, 0x7a1, 0x7a7,
    0x7ad, 0x7b6, 0x7bf, 0x7ce, 0x7d7, 0x7e3, 0x7f2, 0x7fb, 0x801, 0x807,
    0x816, 0x822, 0x831, 0x83a, 0x849, 0x84f, 0x858, 0x861, 0x86a, 0x873,
    0x87c, 0x888, 0x891, 0x897, 0x8a0, 0x8a9, 0x8b2, 0x8be, 0x8c7, 0x8d0,
    0x8d9, 0x8e8, 0x8f4, 0x8fa, 0x909, 0x90f, 0x91b, 0x927, 0x930, 0x939,
    0x942, 0x94e, 0x954, 0x95d, 0x969, 0x96f, 0x97e, 0x987, 0x98b, 0x98f,
    0x993, 0x997, 0x99b, 0x99f, 0x9a3, 0x9a7, 0x9ab, 0x9af, 0x9b4, 0x9b9,
    0x9be, 0x9c3, 0x9c8, 0x9cd, 0x9d2, 0x9d7, 0x9dc, 0x9e1, 0x9e6, 0x9eb,
    0x9f0, 0x9f5, 0x9fa, 0x9fc, 0x9fe, 0xa00, 0xa02, 0xa04, 0xa06, 0xa0c,
    0xa12, 0xa18, 0xa1e, 0xa2a, 0xa2c, 0xa2e, 0xa30, 0xa32, 0xa34, 0xa36,
    0xa38, 0xa3c, 0xa3e, 0xa40, 0xa42, 0xa44, 0xa46, 0xa48, 0xa4a, 0xa4c,
    0xa4e, 0xa50, 0xa52, 0xa54, 0xa56, 0xa58, 0xa5a, 0xa5f, 0xa65, 0xa6c,
    0xa74, 0xa76, 0xa78, 0xa7a, 0xa7c, 0xa7e, 0xa80, 0xa82, 0xa84, 0xa86,
    0xa88, 0xa8a, 0xa8c, 0xa8e, 0xa90, 0xa96, 0xa98, 0xa9a, 0xa9c, 0xa9e,
    0xaa0, 0xaa2, 0xaa4, 0xaa6, 0xaa8, 0xaaa, 0xaac, 0xaae, 0xab0, 0xab2,
    0xab4, 0xab9, 0xabe, 0xac2, 0xac6, 0xaca, 0xace, 0xad2, 0xad6, 0xada,
    0xade, 0xae2, 0xae7, 0xaec, 0xaf1, 0xaf6, 0xafb, 0xb00, 0xb05, 0xb0a,
    0xb0f, 0xb14, 0xb19, 0xb1e, 0xb23, 0xb28, 0xb2d, 0xb32, 0xb37, 0xb3c,
    0xb41, 0xb46, 0xb4b, 0xb50, 0xb52, 0xb54, 0xb56, 0xb58, 0xb5a, 0xb5c,
    0xb5e, 0xb60, 0xb62, 0xb66, 0xb6a, 0xb6e, 0xb72, 0xb76, 0xb7a, 0xb7e,
    0xb80, 0xb82, 0xb84, 0xb86, 0xb8a, 0xb8e, 0xb92, 0xb96, 0xb9a, 0xb9e,
    0xba2, 0xba4, 0xba6, 0xba8, 0xbaa, 0xbac, 0xbae, 0xbb0, 0xbb4, 0xbb8,
    0xbbe, 0xbc4, 0xbc8, 0xbcc, 0xbd0, 0xbd4, 0xbd8, 0xbdc, 0xbe0, 0xbe4,
    0xbe8, 0xbec, 0xbf0, 0xbf4, 0xbf8, 0xbfc, 0xc00, 0xc04, 0xc08, 0xc0c,
    0xc10, 0xc14, 0xc18, 0xc1c, 0xc20, 0xc24, 0xc28, 0xc2c, 0xc30, 0xc34,
    0xc38, 0xc3a, 0xc3c, 0xc3e, 0xc40, 0xc42, 0xc44, 0xc46, 0xc48, 0xc4a,
    0xc4c, 0xc4e, 0xc50, 0xc52, 0xc54, 0xc56, 0xc58, 0xc5a, 0xc5c, 0xc5e,
    0xc60, 0xc62, 0xc64, 0xc66, 0xc68, 0xc6a, 0xc6c, 0xc6e, 0xc70, 0xc72,
    0xc74, 0xc76, 0xc78, 0xc7a, 0xc7c, 0xc7e, 0xc80, 0xc82, 0xc84, 0xc86,
    0xc8a, 0xc8e, 0xc92, 0xc96, 0xc9a, 0xc9e, 0xca2, 0xca6, 0xca8, 0xcac,
    0xcb0, 0xcb4, 0xcb8, 0xcbc, 0xcc0, 0xcc4, 0xcc8, 0xccc, 0xcd0, 0xcd4,
    0xcd8, 0xcdc, 0xce0, 0xce4, 0xce8, 0xcec, 0xcf0, 0xcf4, 0xcf8, 0xcfc,
    0xd00, 0xd04, 0xd08, 0xd0c, 0xd10, 0xd14, 0xd18, 0xd1c, 0xd20, 0xd24,
    0xd28, 0xd2c, 0xd30, 0xd34, 0xd38, 0xd3c, 0xd40, 0xd44, 0xd48, 0xd4c,
    0xd50, 0xd54, 0xd58, 0xd5c, 0xd60, 0xd64, 0xd68, 0xd6c, 0xd70, 0xd74,
    0xd78, 0xd7c, 0xd80, 0xd84, 0xd88, 0xd8c, 0xd90, 0xd94, 0xd98, 0xd9c,
    0xda0, 0xda4, 0xda8, 0xdac, 0xdb0, 0xdb4, 0xdb8, 0xdbc, 0xdc0, 0xdc4,
    0xdc8, 0xdcc, 0xdd0, 0xdd4, 0xdd8, 0xddc, 0xde0, 0xde4, 0xde8, 0xdec,
    0xdf0, 0xdf4, 0xdf8, 0xdfc, 0xe00, 0xe04, 0xe08, 0xe0c, 0xe10, 0xe14,
    0xe18, 0xe1c, 0xe21, 0xe26, 0xe2b, 0xe30, 0xe35, 0xe3a, 0xe3e, 0xe42,
    0xe46, 0xe4a, 0xe4e, 0xe52, 0xe56, 0xe5a, 0xe5e, 0xe62, 0xe66, 0xe6a,
    0xe6e, 0xe72, 0xe76, 0xe7a, 0xe7e, 0xe82, 0xe86, 0xe8a, 0xe8e, 0xe92,
    0xe96, 0xe9a, 0xe9e, 0xea2, 0xea6, 0xeaa, 0xeae, 0xeb2, 0xeb6, 0xeba,
    0xec0, 0xec6, 0xecc, 0xed0, 0xed4, 0xed8, 0xedc, 0xee0, 0xee4, 0xee8,
    0xeec, 0xef0, 0xef4, 0xef8, 0xefc, 0xf00, 0xf04, 0xf08, 0xf0c, 0xf10,
    0xf14, 0xf18, 0xf1c, 0xf20, 0xf24, 0xf28, 0xf2c, 0xf30, 0xf34, 0xf38,
    0xf3c, 0xf42, 0xf48, 0xf4e, 0xf54, 0xf5a, 0xf60, 0xf66, 0xf6c, 0xf72,
    0xf78, 0xf7e, 0xf84, 0xf8a, 0xf90, 0xf96, 0xf9c, 0xfa2, 0xfa8, 0xfae,
    0xfb4, 0xfba, 0xfc0, 0xfc6, 0xfcc, 0xfd2, 0xfd8, 0xfde, 0xfe4, 0xfea,
    0xff0, 0xff6, 0xffc, 0x1002, 0x1008, 0x100e, 0x1014, 0x101a, 0x1020, 0x1026,
    0x102c, 0x1032, 0x1038, 0x103e, 0x1044, 0x104a, 0x1050, 0x1056, 0x105c, 0x1062,
    0x1068, 0x106e, 0x1074, 0x107a, 0x1080, 0x1086, 0x108c, 0x1092, 0x1098, 0x109e,
    0x10a4, 0x10aa, 0x10b0, 0x10b6, 0x10bc, 0x10c2, 0x10c8, 0x10ce, 0x10d4, 0x10da,
    0x10e0, 0x10e6, 0x10ec, 0x10f2, 0x10f8, 0x10fe, 0x1104, 0x110a, 0x1110, 0x1116,
    0x111c, 0x1122, 0x1128, 0x112e, 0x1134, 0x113a, 0x1140, 0x1146, 0x114c, 0x1152,
    0x1158, 0x115e, 0x1164, 0x116a, 0x1170, 0x1176, 0x117c, 0x1184, 0x118c, 0x1194,
    0x119c, 0x11a4, 0x11ac, 0x11b4, 0x11ba, 0x11db, 0x11ea, 0x11f2, 0x11f3, 0x11f4,
    0x11f5, 0x11f6, 0x11f7, 0x11f8, 0x11f9, 0x11fa, 0x11fb, 0x11fc, 0x11fd, 0x11fe,
    0x11ff, 0x1200, 0x1201, 0x1202, 0x1203, 0x1204, 0x1205, 0x1209, 0x120d, 0x1211,
    0x1215, 0x1219, 0x121d, 0x121f, 0x1221, 0x1223, 0x1225, 0x1227, 0x1229, 0x122b,
    0x122d, 0x122f, 0x1231, 0x1233, 0x1235, 0x1237, 0x1239, 0x123b, 0x123d, 0x123f,
    0x1241, 0x1243, 0x1245, 0x1247, 0x1249, 0x124b, 0x124d, 0x124f, 0x1251, 0x1253,
    0x1255, 0x1257, 0x1259, 0x125b, 0x125d, 0x125f, 0x1261, 0x1263, 0x1267, 0x126b,
    0x126f, 0x1273, 0x1274, 0x1275, 0x1276, 0x1277, 0x1278, 0x1279, 0x127b, 0x127d,
    0x127f, 0x1281, 0x1283, 0x1285, 0x1287, 0x1289, 0x128b, 0x128d, 0x1290, 0x1292,
    0x1294, 0x1296, 0x1298, 0x129b, 0x129d, 0x129f, 0x12a1, 0x12a3, 0x12a5, 0x12a7,
    0x12a9, 0x12ab, 0x12ad, 0x12af, 0x12b1, 0x12b4, 0x12b6, 0x12b8, 0x12ba, 0x12bc,
    0x12be, 0x12c0, 0x12c2, 0x12c4, 0x12c6, 0x12c8, 0x12cb, 0x12cd, 0x12cf, 0x12d2,
    0x12d4, 0x12d6, 0x12d8, 0x12da, 0x12dc, 0x12de, 0x12e0, 0x12e8, 0x12f0, 0x12fc,
    0x1308, 0x1314, 0x1320, 0x132c, 0x1334, 0x133c, 0x1348, 0x1354, 0x1360, 0x136c,
    0x136e, 0x1370, 0x1372, 0x1374, 0x1376, 0x1378, 0x137a, 0x137c, 0x137e, 0x1380,
    0x1382, 0x1384, 0x1386, 0x1388, 0x138a, 0x138c, 0x138f, 0x1392, 0x1394, 0x1396,
    0x1398, 0x139a, 0x139c, 0x139e, 0x13a0, 0x13a2, 0x13a4, 0x13a6, 0x13a8, 0x13aa,
    0x13ac, 0x13ae, 0x13b0, 0x13b2, 0x13b4, 0x13b6, 0x13b8, 0x13ba, 0x13bc, 0x13be,
    0x13c1, 0x13c3, 0x13c5, 0x13c7, 0x13c9, 0x13cb, 0x13cd, 0x13cf, 0x13d1, 0x13d3,
    0x13d5, 0x13d8, 0x13da, 0x13dc, 0x13de, 0x13e0, 0x13e2, 0x13e4, 0x13e6, 0x13e8,
    0x13ea, 0x13ec, 0x13ee, 0x13f0, 0x13f2, 0x13f4, 0x13f7, 0x13fa, 0x13fd, 0x1400,
    0x1403, 0x1406, 0x1409, 0x140c, 0x140f, 0x1412, 0x1415, 0x1418, 0x141b, 0x141e,
    0x1421, 0x1424, 0x1427, 0x142a, 0x142d, 0x1430, 0x1433, 0x1436, 0x1439, 0x143c,
    0x143f, 0x1442, 0x1449, 0x144b, 0x144d, 0x144f, 0x1451, 0x1454, 0x1456, 0x1458,
    0x145a, 0x145c, 0x145e, 0x1464, 0x146a, 0x146d, 0x1470, 0x1473, 0x1476, 0x1479,
    0x147c, 0x147f, 0x1482, 0x1485, 0x1488, 0x148b, 0x148e, 0x1491, 0x1494, 0x1497,
    0x149a, 0x149d, 0x14a0, 0x14a3, 0x14a6, 0x14a9, 0x14ac, 0x14af, 0x14b2, 0x14b5,
    0x14b8, 0x14bb, 0x14be, 0x14c1, 0x14c4, 0x14c7, 0x14ca, 0x14cd, 0x14d0, 0x14d3,
    0x14d6, 0x14d9, 0x14dc, 0x14df, 0x14e2, 0x14e5, 0x14e8, 0x14eb, 0x14ee, 0x14f1,
    0x14fa, 0x1503, 0x150c, 0x1515, 0x151e, 0x1527, 0x1530, 0x1539, 0x1542, 0x1545,
    0x1548, 0x154b, 0x154e, 0x1551, 0x1554, 0x1557, 0x155a, 0x155d, 0x1560, 0x1563,
    0x1566, 0x1569, 0x156c, 0x156f, 0x1572, 0x1575, 0x1578, 0x157b, 0x157e, 0x1581,
    0x1584, 0x1587, 0x158a, 0x158d, 0x1590, 0x1593, 0x1596, 0x1599, 0x159c, 0x159f,
    0x15a2, 0x15a5, 0x15a8, 0x15ab, 0x15ae, 0x15b1, 0x15b4, 0x15b7, 0x15ba, 0x15bd,
    0x15c0, 0x15c3, 0x15c6, 0x15c9, 0x15cc, 0x15cf, 0x15d2, 0x15d5, 0x15d8, 0x15db,
    0x15de, 0x15e1, 0x15e4, 0x15e7, 0x15ea, 0x15ed, 0x15f0, 0x15f3, 0x15f6, 0x15f9,
    0x15fc, 0x15ff, 0x1602, 0x1605, 0x1608, 0x160b, 0x160e, 0x1611, 0x1614, 0x1617,
    0x161a, 0x161d, 0x1620, 0x1623, 0x1626, 0x1629, 0x162c, 0x162f, 0x1632, 0x1635,
    0x1638, 0x163b, 0x163e, 0x1641, 0x1644, 0x1647, 0x164a, 0x164d, 0x1650, 0x1653,
    0x1656, 0x1659, 0x165c, 0x165f, 0x1662, 0x1665, 0x1668, 0x166b, 0x166e, 0x1671,
    0x1674, 0x1677, 0x167a, 0x167d, 0x1680, 0x1683, 0x1686, 0x1689, 0x168c, 0x168f,
    0x1692, 0x1695, 0x1698, 0x169b, 0x169e, 0x16a1, 0x16a4, 0x16a7, 0x16aa, 0x16ad,
    0x16b0, 0x16b3, 0x16b6, 0x16b9, 0x16bc, 0x16bf, 0x16c2, 0x16c5, 0x16c8, 0x16cb,
    0x16ce, 0x16d1, 0x16d4, 0x16d7, 0x16da, 0x16dd, 0x16e0, 0x16e3, 0x16e6, 0x16e9,
    0x16ec, 0x16ef, 0x16f2, 0x16f5, 0x16f8, 0x16fb, 0x16fe, 0x1701, 0x1704, 0x1707,
    0x170a, 0x170d, 0x1710, 0x1713, 0x1716, 0x1719, 0x171c, 0x171f, 0x1722, 0x1725,
    0x1728, 0x172b, 0x172e, 0x1731, 0x1734, 0x1737, 0x173a, 0x173d, 0x1740, 0x1743,
    0x1746, 0x1749, 0x174c, 0x174f, 0x1752, 0x1755, 0x1758, 0x175b, 0x175e, 0x1761,
    0x1764, 0x1767, 0x176a, 0x176d, 0x1770, 0x1773, 0x1776, 0x1779, 0x177c, 0x177f,
    0x1782, 0x1785, 0x1788, 0x178b, 0x178e, 0x1791, 0x1794, 0x1797, 0x179a, 0x179d,
    0x17a0, 0x17a3, 0x17a6, 0x17a9, 0x17ac, 0x17af, 0x17b2, 0x17b5, 0x17b8, 0x17bb,
    0x17be, 0x17c1, 0x17c4, 0x17c7, 0x17ca, 0x17cd, 0x17d0, 0x17d3, 0x17d6, 0x17d9,
    0x17dc, 0x17df, 0x17e2, 0x17e5, 0x17e8, 0x17eb, 0x17ee, 0x17f1, 0x17f4, 0x17f7,
    0x17fa, 0x17fd, 0x1800, 0x1803, 0x1806, 0x1809, 0x180c, 0x180f, 0x1812, 0x1815,
    0x1818, 0x181b, 0x181e, 0x1821, 0x1824, 0x1827, 0x182a, 0x182d, 0x1830, 0x1833,
    0x1836, 0x1839, 0x183c, 0x183f, 0x1842, 0x1845, 0x1848, 0x184b, 0x184e, 0x1851,
    0x1854, 0x1857, 0x185a, 0x185d, 0x1860, 0x1863, 0x1866, 0x1869, 0x186c, 0x186f,
    0x1872, 0x1875, 0x1878, 0x187b, 0x187e, 0x1881, 0x1884, 0x1887, 0x188a, 0x188d,
    0x1890, 0x1893, 0x1896, 0x1899, 0x189c, 0x189f, 0x18a2, 0x18a5, 0x18a8, 0x18ab,
    0x18ae, 0x18b1, 0x18b4, 0x18b7, 0x18ba, 0x18bd, 0x18c0, 0x18c3, 0x18c6, 0x18c9,
    0x18cc, 0x18cf, 0x18d2, 0x18d5, 0x18d8, 0x18db, 0x18de, 0x18e1, 0x18e4, 0x18e7,
    0x18ea, 0x18ed, 0x18f0, 0x18f3, 0x18f6, 0x18f9, 0x18fc, 0x18ff, 0x1902, 0x1905,
    0x1908, 0x190b, 0x190e, 0x1911, 0x1914, 0x1917, 0x191a, 0x191d, 0x1920, 0x1923,
    0x1926, 0x1929, 0x192c, 0x192f, 0x1932, 0x1935, 0x1938, 0x193b, 0x193e, 0x1941,
    0x1944, 0x1947, 0x194a, 0x194d, 0x1950, 0x1953, 0x1956, 0x1959, 0x195c, 0x195f,
    0x1962, 0x1965, 0x1968, 0x196b, 0x196e, 0x1971, 0x1974, 0x1977, 0x197a, 0x197d,
    0x1980, 0x1983, 0x1986, 0x1989, 0x198c, 0x198f, 0x1992, 0x1995, 0x1998, 0x199b,
    0x199e, 0x19a1, 0x19a4, 0x19a7, 0x19aa, 0x19ad, 0x19b0, 0x19b3, 0x19b6, 0x19b9,
    0x19bc, 0x19bf, 0x19c2, 0x19c5, 0x19c8, 0x19cb, 0x19ce, 0x19d1, 0x19d4, 0x19d7,
    0x19da, 0x19dd, 0x19e0, 0x19e3, 0x19e6, 0x19e9, 0x19ec, 0x19ef, 0x19f2, 0x19f5,
    0x19f8, 0x19fb, 0x19fe, 0x1a01, 0x1a04, 0x1a07, 0x1a0a, 0x1a0d, 0x1a10, 0x1a13,
    0x1a16, 0x1a19, 0x1a1c, 0x1a1f, 0x1a22, 0x1a25, 0x1a28, 0x1a2b, 0x1a2e, 0x1a31,
    0x1a34, 0x1a37, 0x1a3a, 0x1a3d, 0x1a40,
};

const uint8_t burrow__idna_xor_data[4945] = {
    0x2, 0xc, 0x9, 0x2, 0xb0, 0xec, 0x2, 0xad, 0xd8, 0x2, 0xad, 0xd9, 0x2, 0x6, 0x7, 0x2,
    0xf, 0x12, 0x2, 0xf, 0x1f, 0x2, 0xf, 0x1d, 0x2, 0x1, 0x13, 0x2, 0xf, 0x16, 0x2, 0xf,
    0xb, 0x2, 0xf, 0x33, 0x2, 0xf, 0x37, 0x2, 0xf, 0x3f, 0x2, 0xf, 0x2f, 0x2, 0xf, 0x2a,
    0x2, 0xc, 0x26, 0x2, 0xc, 0x2a, 0x2, 0xc, 0x3b, 0x2, 0xc, 0x39, 0x2, 0xc, 0x25, 0x2,
    0xab, 0xed, 0x2, 0xab, 0xe2, 0x2, 0xab, 0xe3, 0x2, 0xa9, 0xe0, 0x2, 0xa9, 0xe1, 0x2, 0xa9,
    0xe6, 0x2, 0xa3, 0xcb, 0x2, 0xa3, 0xc8, 0x2, 0xa3, 0xc9, 0x2, 0x1, 0x23, 0x2, 0x1, 0x8,
    0x2, 0xe, 0x3e, 0x2, 0xe, 0x27, 0x2, 0xf, 0x3, 0x2, 0x3, 0xd, 0x2, 0x3, 0x9, 0x2,
    0x3, 0x17, 0x2, 0x3, 0xe, 0x2, 0x2, 0x3, 0x2, 0x1, 0x31, 0x2, 0x1, 0x0, 0x2, 0x1,
    0x10, 0x2, 0x3, 0x3c, 0x2, 0x7, 0xd, 0x2, 0x2, 0xc, 0x2, 0xc, 0x30, 0x2, 0x1, 0x3,
    0x2, 0x1, 0x1, 0x2, 0x1, 0x20, 0x2, 0x1, 0x22, 0x2, 0x1, 0x29, 0x2, 0x1, 0xa, 0x2,
    0x1, 0xc, 0x2, 0x2, 0x6, 0x2, 0x2, 0x2, 0x2, 0x3, 0x10, 0x3, 0x3, 0x36, 0x20, 0x3,
    0x3, 0x37, 0x20, 0x3, 0xb, 0x2b, 0x3, 0x2, 0x31, 0x0, 0x2, 0x1, 0x4, 0x2, 0x1, 0x2,
    0x2, 0x1, 0x39, 0x2, 0x3, 0x1c, 0x2, 0x2, 0x24, 0x3, 0x80, 0x70, 0x24, 0x2, 0x3, 0x3a,
    0x2, 0x3, 0xa, 0x3, 0xc1, 0x72, 0x2e, 0x3, 0xc1, 0x72, 0x2c, 0x3, 0xc1, 0x72, 0x2, 0x2,
    0x2, 0x3a, 0x2, 0x2, 0x3e, 0x2, 0x2, 0x2c, 0x2, 0x2, 0x10, 0x2, 0x2, 0x0, 0x3, 0xc1,
    0x73, 0x3c, 0x3, 0xc1, 0x73, 0x2a, 0x3, 0xc2, 0x4c, 0x24, 0x3, 0xc2, 0x4c, 0x3b, 0x2, 0x9,
    0x29, 0x2, 0xa, 0x19, 0x3, 0x83, 0xab, 0xe3, 0x3, 0x83, 0xab, 0xf2, 0x3, 0x20, 0x34, 0xe0,
    0x3, 0x81, 0xab, 0xea, 0x3, 0x81, 0xab, 0xf3, 0x3, 0x20, 0x34, 0xef, 0x3, 0x96, 0xe1, 0xcd,
    0x2, 0x1, 0x3c, 0x3, 0x84, 0xe5, 0xc3, 0x2, 0xd, 0x11, 0x3, 0x8b, 0xec, 0xcb, 0x3, 0x94,
    0xec, 0xcf, 0x3, 0x9a, 0xec, 0xc2, 0x3, 0x8b, 0xec, 0xdb, 0x3, 0x94, 0xec, 0xdf, 0x3, 0x9a,
    0xec, 0xd2, 0x3, 0x1, 0xc, 0x21, 0x3, 0x1, 0xc, 0x23, 0x3, 0xca, 0xa0, 0x9d, 0x3, 0xca,
    0xa3, 0x9c, 0x3, 0xca, 0xa2, 0x9f, 0x3, 0xca, 0xa5, 0x9e, 0x3, 0xca, 0xa4, 0x91, 0x3, 0xca,
    0xa7, 0x90, 0x3, 0xca, 0xa6, 0x93, 0x3, 0xca, 0xa9, 0x92, 0x3, 0xca, 0xa8, 0x95, 0x3, 0xca,
    0xf3, 0xb5, 0x3, 0xca, 0xf0, 0xb4, 0x3, 0xca, 0xf1, 0xb7, 0x3, 0xca, 0xf6, 0xb6, 0x3, 0xca,
    0xf7, 0x89, 0x3, 0xca, 0xf4, 0x88, 0x3, 0xca, 0xf5, 0x8b, 0x3, 0xca, 0xfa, 0x8a, 0x3, 0xca,
    0xfb, 0x8d, 0x3, 0xca, 0xf8, 0x8c, 0x3, 0xca, 0xf9, 0x8f, 0x3, 0xca, 0xfe, 0x8e, 0x3, 0xca,
    0xff, 0x81, 0x3, 0xca, 0xfc, 0x80, 0x3, 0xca, 0xfd, 0x83, 0x3, 0xca, 0xe2, 0x82, 0x3, 0xca,
    0xe3, 0x85, 0x3, 0xca, 0xe0, 0x84, 0x3, 0xca, 0xe1, 0x87, 0x3, 0xca, 0xe6, 0x86, 0x3, 0xca,
    0xe7, 0x99, 0x3, 0xca, 0xe4, 0x98, 0x3, 0xca, 0xe5, 0x9b, 0x3, 0xca, 0xea, 0x9a, 0x3, 0xca,
    0xeb, 0x9d, 0x3, 0xca, 0xe8, 0x9c, 0x3, 0xd8, 0x93, 0x89, 0x3, 0xdf, 0x94, 0x8b, 0x2, 0x1,
    0x30, 0x3, 0x3, 0x4, 0x1e, 0x3, 0x4, 0x15, 0x12, 0x3, 0xb, 0x5, 0x2c, 0x3, 0x6, 0x4,
    0x0, 0x3, 0x6, 0x4, 0x29, 0x3, 0x6, 0x4, 0x34, 0x3, 0x6, 0x4, 0x3c, 0x3, 0x6, 0x5,
    0x1d, 0x3, 0x6, 0x6, 0x0, 0x3, 0x6, 0x6, 0xa, 0x3, 0x6, 0x6, 0x27, 0x3, 0x6, 0x6,
    0x32, 0x3, 0x7, 0x38, 0x36, 0x3, 0x7, 0x39, 0x2f, 0x3, 0x7, 0x39, 0x20, 0x3, 0x7, 0x3a,
    0xe, 0x3, 0x7, 0x3a, 0x1b, 0x3, 0x7, 0x3a, 0x25, 0x3, 0x7, 0x3b, 0x2f, 0x3, 0x7, 0x3b,
    0x25, 0x3, 0x7, 0x34, 0x11, 0x3, 0x7, 0x36, 0x9, 0x3, 0x7, 0x37, 0x2a, 0x3, 0x7, 0x30,
    0x1, 0x3, 0x7, 0x30, 0xf, 0x3, 0x7, 0x30, 0x2e, 0x3, 0x7, 0x31, 0x16, 0x3, 0x7, 0x31,
    0x4, 0x3, 0x7, 0x31, 0x30, 0x3, 0x7, 0x32, 0x18, 0x3, 0x7, 0x32, 0x2d, 0x3, 0x7, 0x33,
    0x14, 0x3, 0x7, 0x33, 0x3e, 0x3, 0x7, 0x27, 0x9, 0x3, 0x7, 0x20, 0x0, 0x3, 0x7, 0x1f,
    0xb, 0x3, 0x7, 0x18, 0x23, 0x3, 0x7, 0x18, 0x28, 0x3, 0x7, 0x18, 0x36, 0x3, 0x7, 0x18,
    0x3, 0x3, 0x7, 0x19, 0x16, 0x3, 0x7, 0x11, 0x36, 0x3, 0x7, 0x12, 0x27, 0x3, 0x7, 0x13,
    0x10, 0x3, 0x7, 0xc, 0x26, 0x3, 0x7, 0xc, 0x8, 0x3, 0x7, 0xc, 0x13, 0x3, 0x7, 0xd,
    0x2, 0x3, 0x7, 0xd, 0x1c, 0x3, 0x7, 0xb, 0x35, 0x3, 0x7, 0xb, 0xa, 0x3, 0x7, 0xb,
    0x1, 0x3, 0x7, 0xb, 0xf, 0x3, 0x7, 0x5, 0x0, 0x3, 0x7, 0x5, 0x9, 0x3, 0x7, 0x5,
    0xb, 0x3, 0x7, 0x7, 0x1, 0x3, 0x7, 0x7, 0x8, 0x3, 0x7, 0x0, 0x3c, 0x3, 0x7, 0x0,
    0x2b, 0x3, 0x7, 0x1, 0x29, 0x3, 0x7, 0x1, 0x1b, 0x3, 0x7, 0x1, 0x8, 0x3, 0x7, 0x3,
    0x3f, 0x3, 0x4, 0x34, 0x35, 0x3, 0x4, 0x34, 0x8, 0x3, 0x4, 0x35, 0x34, 0x3, 0x4, 0x29,
    0x2f, 0x3, 0x4, 0x29, 0x35, 0x3, 0x4, 0x2b, 0x5, 0x3, 0x4, 0x2b, 0x14, 0x3, 0x4, 0x2b,
    0x20, 0x3, 0x4, 0x2b, 0x3c, 0x3, 0x4, 0x2a, 0x26, 0x3, 0x4, 0x2a, 0x22, 0x3, 0x4, 0x26,
    0x38, 0x3, 0x4, 0x21, 0x1, 0x3, 0x4, 0x21, 0x22, 0x3, 0x4, 0x11, 0x2b, 0x3, 0x4, 0x10,
    0x2e, 0x3, 0x4, 0x10, 0x34, 0x3, 0x4, 0x13, 0x3d, 0x3, 0x4, 0x12, 0x4, 0x3, 0x4, 0x12,
    0xa, 0x3, 0x4, 0xd, 0x1d, 0x3, 0x4, 0xd, 0x7, 0x3, 0x4, 0xd, 0x20, 0x3, 0x5, 0x3c,
    0x3e, 0x3, 0x5, 0x35, 0x3c, 0x3, 0x5, 0x35, 0x21, 0x3, 0x5, 0x35, 0x23, 0x3, 0x5, 0x35,
    0x26, 0x3, 0x5, 0x34, 0x1d, 0x3, 0x5, 0x34, 0x2, 0x3, 0x5, 0x34, 0x7, 0x3, 0x5, 0x37,
    0x31, 0x3, 0x5, 0x33, 0x1a, 0x3, 0x5, 0x33, 0x16, 0x3, 0x5, 0x2e, 0x3c, 0x3, 0x5, 0x2e,
    0x7, 0x3, 0x5, 0x29, 0x3a, 0x3, 0x5, 0x29, 0x3c, 0x3, 0x5, 0x29, 0xc, 0x3, 0x5, 0x29,
    0x15, 0x3, 0x5, 0x2b, 0x2d, 0x3, 0x5, 0x2b, 0x35, 0x3, 0x5, 0x24, 0x1e, 0x3, 0x5, 0x24,
    0x14, 0x3, 0x5, 0x27, 0x4, 0x3, 0x5, 0x27, 0x14, 0x3, 0x5, 0x26, 0x2, 0x3, 0x5, 0x22,
    0x36, 0x3, 0x5, 0x22, 0xc, 0x3, 0x5, 0x22, 0x1c, 0x3, 0x5, 0x19, 0xa, 0x3, 0x5, 0x1b,
    0x9, 0x3, 0x5, 0x1b, 0xc, 0x3, 0x5, 0x14, 0x7, 0x3, 0x5, 0x16, 0x3f, 0x3, 0x5, 0x16,
    0xc, 0x3, 0x5, 0xc, 0x5, 0x3, 0x5, 0xe, 0xf, 0x3, 0x5, 0x1, 0xe, 0x3, 0x5, 0x0,
    0x28, 0x3, 0x5, 0x3, 0x30, 0x3, 0x5, 0x3, 0x6, 0x3, 0xa, 0x3d, 0x3d, 0x3, 0xa, 0x3d,
    0x31, 0x3, 0xa, 0x3d, 0x2c, 0x3, 0xa, 0x3d, 0xc, 0x3, 0xa, 0x3f, 0x3f, 0x3, 0xa, 0x3c,
    0x8, 0x3, 0xa, 0x39, 0x21, 0x3, 0xa, 0x39, 0x29, 0x3, 0xa, 0x39, 0x37, 0x3, 0xa, 0x39,
    0x39, 0x3, 0xa, 0x36, 0xa, 0x3, 0xa, 0x36, 0x1c, 0x3, 0xa, 0x36, 0x17, 0x3, 0xa, 0x37,
    0x27, 0x3, 0xa, 0x37, 0x38, 0x3, 0xa, 0x37, 0x33, 0x3, 0xa, 0x27, 0x1, 0x3, 0xa, 0x27,
    0x26, 0x3, 0xa, 0x1f, 0xe, 0x3, 0xa, 0x1f, 0x3, 0x3, 0xa, 0x1f, 0x33, 0x3, 0xa, 0x1b,
    0x2f, 0x3, 0xa, 0x18, 0x19, 0x3, 0xa, 0x19, 0x1, 0x3, 0xa, 0x16, 0x14, 0x3, 0xa, 0xe,
    0x22, 0x3, 0xa, 0xf, 0x10, 0x3, 0xa, 0xf, 0x2, 0x3, 0xa, 0xf, 0x20, 0x3, 0xa, 0xc,
    0x4, 0x3, 0xa, 0xb, 0x3e, 0x3, 0xa, 0xb, 0x2b, 0x3, 0xa, 0x8, 0x2f, 0x3, 0xa, 0x4,
    0x36, 0x3, 0xa, 0x5, 0x14, 0x3, 0xa, 0x0, 0x4, 0x3, 0xa, 0x0, 0x10, 0x3, 0xa, 0x0,
    0x14, 0x3, 0xb, 0x3c, 0x33, 0x3, 0xb, 0x3b, 0x2a, 0x3, 0xb, 0x39, 0x22, 0x3, 0xb, 0x39,
    0x29, 0x3, 0xb, 0x39, 0x37, 0x3, 0xb, 0x2b, 0x10, 0x3, 0xb, 0x28, 0x28, 0x3, 0xb, 0x26,
    0x35, 0x3, 0xb, 0x24, 0x1c, 0x3, 0xb, 0x24, 0x12, 0x3, 0xb, 0x25, 0x4, 0x3, 0xb, 0x23,
    0x3c, 0x3, 0xb, 0x23, 0x30, 0x3, 0xb, 0x23, 0xd, 0x3, 0xb, 0x23, 0x19, 0x3, 0xb, 0x21,
    0x3a, 0x3, 0xb, 0x21, 0x1f, 0x3, 0xb, 0x21, 0x0, 0x3, 0xb, 0x1e, 0x35, 0x3, 0xb, 0x1c,
    0x1d, 0x3, 0xb, 0x1d, 0x2d, 0x3, 0xb, 0x1d, 0x28, 0x3, 0xb, 0x18, 0x2e, 0x3, 0xb, 0x18,
    0x20, 0x3, 0xb, 0x18, 0x16, 0x3, 0xb, 0x14, 0x13, 0x3, 0xb, 0x15, 0x24, 0x3, 0xb, 0x15,
    0x22, 0x3, 0xb, 0x12, 0x1b, 0x3, 0xb, 0x12, 0x10, 0x3, 0xb, 0x13, 0x32, 0x3, 0xb, 0x13,
    0x3d, 0x3, 0xb, 0x12, 0x18, 0x3, 0xb, 0xc, 0x26, 0x3, 0xb, 0x6, 0x31, 0x3, 0xb, 0x6,
    0x3a, 0x3, 0xb, 0x5, 0x23, 0x3, 0xb, 0x5, 0x3c, 0x3, 0xb, 0x4, 0xb, 0x3, 0xb, 0x4,
    0x4, 0x3, 0xb, 0x4, 0x1b, 0x3, 0xb, 0x4, 0x32, 0x3, 0xb, 0x4, 0x31, 0x3, 0xb, 0x3,
    0x3, 0x3, 0xb, 0x3, 0x1d, 0x3, 0xb, 0x3, 0x2f, 0x3, 0xb, 0x3, 0x2b, 0x3, 0xb, 0x2,
    0x1b, 0x3, 0xb, 0x2, 0x0, 0x3, 0xb, 0x1, 0x1e, 0x3, 0xb, 0x1, 0x8, 0x3, 0xb, 0x1,
    0x35, 0x3, 0x6, 0xd, 0x39, 0x3, 0x6, 0xd, 0x3d, 0x3, 0x6, 0xd, 0x3f, 0x3, 0x2, 0x0,
    0x31, 0x3, 0x2, 0x0, 0x33, 0x3, 0x2, 0x2, 0x19, 0x3, 0x2, 0x0, 0x36, 0x3, 0x2, 0x2,
    0x1b, 0x3, 0x2, 0x0, 0x34, 0x3, 0x2, 0x0, 0x3c, 0x3, 0x2, 0x2, 0xa, 0x3, 0x2, 0x2,
    0xe, 0x3, 0x2, 0x1, 0x1a, 0x3, 0x2, 0x1, 0x7, 0x3, 0x2, 0x1, 0x5, 0x3, 0x2, 0x1,
    0xb, 0x3, 0x2, 0x1, 0x25, 0x3, 0x2, 0x1, 0xc, 0x3, 0x2, 0x1, 0x4, 0x3, 0x2, 0x1,
    0x1c, 0x3, 0x2, 0x0, 0x2e, 0x3, 0x2, 0x0, 0x32, 0x3, 0x2, 0x0, 0x3e, 0x3, 0x2, 0x0,
    0x12, 0x3, 0x2, 0x0, 0x16, 0x3, 0x2, 0x1, 0x31, 0x3, 0x2, 0x1, 0x33, 0x3, 0x2, 0x2,
    0x20, 0x3, 0x2, 0x2, 0x25, 0x3, 0x2, 0x2, 0x24, 0x3, 0x2, 0x2, 0x38, 0x3, 0x2, 0x2,
    0x3b, 0x3, 0x2, 0x2, 0x34, 0x3, 0x2, 0x1, 0x32, 0x3, 0x2, 0x2, 0x32, 0x3, 0x2, 0x2,
    0x2f, 0x3, 0x2, 0x1, 0x2c, 0x3, 0x2, 0x1, 0x13, 0x3, 0x2, 0x1, 0x16, 0x3, 0x2, 0x1,
    0x11, 0x3, 0x2, 0x1, 0x1e, 0x3, 0x2, 0x1, 0x15, 0x3, 0x2, 0x1, 0x17, 0x3, 0x2, 0x1,
    0xf, 0x3, 0x2, 0x1, 0x8, 0x3, 0x2, 0x0, 0x3f, 0x3, 0x2, 0x3, 0x7, 0x3, 0x2, 0x3,
    0xd, 0x3, 0x2, 0x3, 0x13, 0x3, 0x2, 0x3, 0x1d, 0x3, 0x2, 0x3, 0x1f, 0x3, 0x2, 0x0,
    0x3, 0x3, 0x2, 0x0, 0xd, 0x3, 0x2, 0x0, 0x1, 0x3, 0x2, 0x0, 0x1b, 0x3, 0x2, 0x0,
    0x19, 0x3, 0x2, 0x0, 0x18, 0x3, 0x2, 0x0, 0x13, 0x3, 0x2, 0x0, 0x2f, 0x3, 0x7, 0x3e,
    0x12, 0x3, 0x7, 0x3c, 0x1f, 0x3, 0x7, 0x3e, 0x1d, 0x3, 0x6, 0x1d, 0xe, 0x3, 0x7, 0x3e,
    0x1c, 0x3, 0x7, 0x3e, 0x3a, 0x3, 0x7, 0x3e, 0x13, 0x3, 0x4, 0x12, 0x2b, 0x3, 0x7, 0x3f,
    0x3, 0x3, 0x7, 0x3e, 0x2, 0x3, 0x6, 0x22, 0x34, 0x3, 0x6, 0x1a, 0x2e, 0x3, 0x7, 0x3c,
    0x25, 0x3, 0x6, 0x1c, 0xb, 0x3, 0x6, 0x30, 0x39, 0x3, 0x5, 0x1f, 0x1, 0x3, 0x4, 0x27,
    0x8, 0x3, 0x93, 0xfd, 0xf5, 0x3, 0x2, 0xd, 0x20, 0x3, 0x2, 0xd, 0x23, 0x3, 0x2, 0xd,
    0x21, 0x3, 0x2, 0xd, 0x26, 0x3, 0x2, 0xd, 0x22, 0x3, 0x2, 0xd, 0x2f, 0x3, 0x2, 0xd,
    0x2c, 0x3, 0x2, 0xd, 0x24, 0x3, 0x2, 0xd, 0x27, 0x3, 0x2, 0xd, 0x25, 0x3, 0x2, 0xd,
    0x3b, 0x3, 0x2, 0xd, 0x3d, 0x3, 0x2, 0xd, 0x3f, 0x3, 0x9, 0x39, 0x2e, 0x3, 0x8, 0xb,
    0x37, 0x3, 0x8, 0x2, 0x14, 0x3, 0x8, 0x14, 0xd, 0x3, 0x8, 0x2e, 0x3a, 0x3, 0x8, 0x39,
    0x27, 0x3, 0xf, 0xb, 0x18, 0x3, 0xf, 0x1c, 0x31, 0x3, 0xf, 0x17, 0x26, 0x3, 0xf, 0x39,
    0x1f, 0x3, 0xf, 0x30, 0xc, 0x3, 0xe, 0xa, 0x39, 0x3, 0xe, 0x5, 0x36, 0x3, 0xe, 0x1c,
    0x23, 0x3, 0xf, 0x13, 0xe, 0x3, 0x7, 0x32, 0x0, 0x3, 0x7, 0x30, 0xd, 0x3, 0x7, 0x32,
    0xb, 0x3, 0x6, 0x11, 0x18, 0x3, 0x7, 0x30, 0x10, 0x3, 0x6, 0xf, 0x28, 0x3, 0x7, 0x32,
    0x5, 0x3, 0x6, 0xf, 0x2c, 0x3, 0x7, 0x33, 0x15, 0x3, 0x6, 0x7, 0x8, 0x3, 0x5, 0x16,
    0x2, 0x3, 0x4, 0xb, 0x20, 0x3, 0x5, 0x3a, 0x38, 0x3, 0x5, 0x16, 0x25, 0x3, 0xa, 0xd,
    0x1f, 0x3, 0x6, 0x16, 0x10, 0x3, 0x5, 0x1d, 0x35, 0x3, 0x5, 0x2a, 0x3b, 0x3, 0x5, 0x16,
    0x1b, 0x3, 0x4, 0x2e, 0x2d, 0x3, 0x6, 0x1a, 0x19, 0x3, 0x4, 0x3, 0x2c, 0x3, 0xb, 0x38,
    0x37, 0x3, 0x4, 0x2f, 0xa, 0x3, 0x6, 0x0, 0x2c, 0x3, 0x4, 0x2d, 0x1, 0x3, 0x4, 0x1e,
    0x2d, 0x3, 0x6, 0x2f, 0x28, 0x3, 0xa, 0xb, 0x35, 0x3, 0x6, 0xe, 0x37, 0x3, 0x6, 0x7,
    0x2e, 0x3, 0x5, 0x39, 0x37, 0x3, 0xa, 0x2a, 0x25, 0x3, 0x7, 0x36, 0x30, 0x3, 0x6, 0xc,
    0x3b, 0x3, 0x5, 0x27, 0x0, 0x3, 0x7, 0x32, 0x2e, 0x3, 0x7, 0x32, 0x8, 0x3, 0x6, 0x3d,
    0x1, 0x3, 0x6, 0x5, 0x1b, 0x3, 0x6, 0x6, 0x12, 0x3, 0x6, 0x24, 0x3d, 0x3, 0x6, 0x27,
    0xd, 0x3, 0x4, 0x11, 0xf, 0x3, 0x7, 0x36, 0x2c, 0x3, 0x6, 0x7, 0x3b, 0x3, 0x6, 0x2e,
    0x2c, 0x3, 0x86, 0xf9, 0xea, 0x3, 0x8f, 0xff, 0xeb, 0x2, 0x9, 0x32, 0x2, 0x9, 0x35, 0x2,
    0x9, 0x34, 0x2, 0x9, 0x3b, 0x2, 0x9, 0x3e, 0x2, 0x9, 0x38, 0x2, 0x9, 0x2a, 0x2, 0x9,
    0x2f, 0x2, 0x9, 0x2c, 0x2, 0x9, 0x25, 0x2, 0x9, 0x26, 0x2, 0x9, 0x23, 0x2, 0x9, 0x20,
    0x2, 0x8, 0x21, 0x2, 0x8, 0x25, 0x2, 0x8, 0x24, 0x2, 0x8, 0x2b, 0x2, 0x8, 0x2e, 0x2,
    0x8, 0x2a, 0x2, 0x8, 0x26, 0x2, 0x8, 0x38, 0x2, 0x8, 0x3e, 0x2, 0x8, 0x34, 0x2, 0x8,
    0x36, 0x2, 0x8, 0x30, 0x2, 0x8, 0x10, 0x2, 0x8, 0x17, 0x2, 0x8, 0x12, 0x2, 0x8, 0x1d,
    0x2, 0x8, 0x1f, 0x2, 0x8, 0x13, 0x2, 0x8, 0x15, 0x2, 0x8, 0x14, 0x2, 0x8, 0xc, 0x3,
    0x8b, 0xfd, 0xd0, 0x3, 0x81, 0xec, 0xc6, 0x3, 0x87, 0xe0, 0x8a, 0x3, 0x2d, 0x32, 0xe3, 0x3,
    0x80, 0xef, 0xe4, 0x3, 0x2d, 0x32, 0xea, 0x3, 0x88, 0xe6, 0xeb, 0x3, 0x8e, 0xe6, 0xe8, 0x3,
    0x84, 0xe6, 0xe9, 0x3, 0x97, 0xe6, 0xee, 0x3, 0x2d, 0x32, 0xf9, 0x3, 0x2d, 0x32, 0xf6, 0x3,
    0x8e, 0xe3, 0xad, 0x3, 0x80, 0xe3, 0x92, 0x3, 0x88, 0xe3, 0x90, 0x3, 0x8e, 0xe3, 0x90, 0x3,
    0x80, 0xe3, 0x97, 0x3, 0x88, 0xe3, 0x95, 0x3, 0x88, 0xfe, 0xcb, 0x3, 0x8e, 0xfe, 0xca, 0x3,
    0x84, 0xfe, 0xcd, 0x3, 0x91, 0xef, 0xc9, 0x3, 0x2d, 0x32, 0xc1, 0x3, 0x2d, 0x32, 0xc0, 0x3,
    0x2d, 0x32, 0xcb, 0x3, 0x88, 0x40, 0x9, 0x3, 0x8e, 0x40, 0x8, 0x3, 0x8f, 0xe0, 0xf5, 0x3,
    0x8e, 0xe6, 0xf9, 0x3, 0x8e, 0xe0, 0xfa, 0x3, 0x93, 0xff, 0xf4, 0x3, 0x84, 0xee, 0xd3, 0x3,
    0xb, 0x28, 0x4, 0x2, 0x33, 0x20, 0x3, 0xb, 0x29, 0x8, 0x2, 0x31, 0x3b, 0x2, 0x1, 0x2a,
    0x3, 0xb, 0x23, 0x10, 0x3, 0xb, 0x20, 0x30, 0x3, 0xb, 0x21, 0x10, 0x3, 0xb, 0x21, 0x30,
    0x3, 0x7, 0x15, 0x8, 0x3, 0x9, 0x3f, 0x35, 0x3, 0x7, 0x1f, 0x8, 0x3, 0x7, 0x17, 0xb,
    0x3, 0x9, 0x1f, 0x15, 0x3, 0xb, 0x1c, 0x37, 0x3, 0xa, 0x2b, 0x23, 0x3, 0x6, 0x1a, 0x1b,
    0x3, 0x6, 0x1a, 0x14, 0x3, 0xa, 0x1, 0x18, 0x3, 0x6, 0x23, 0x1b, 0x3, 0xa, 0x32, 0xc,
    0x3, 0xa, 0x1, 0x4, 0x3, 0x9, 0x23, 0x3b, 0x3, 0x8, 0x3d, 0x27, 0x3, 0x8, 0x1a, 0xa,
    0x3, 0x7, 0x3c, 0x2f, 0x3, 0x7, 0x3a, 0x2b, 0x3, 0x7, 0x7, 0x2a, 0x3, 0x6, 0x26, 0x1c,
    0x3, 0x9, 0xc, 0x16, 0x3, 0x9, 0x10, 0xe, 0x3, 0x8, 0x27, 0xf, 0x3, 0x8, 0x2b, 0x9,
    0x3, 0x7, 0x34, 0x25, 0x3, 0x6, 0x21, 0x33, 0x3, 0x6, 0x3, 0x2b, 0x3, 0xb, 0x1e, 0x19,
    0x3, 0xa, 0x29, 0x29, 0x3, 0x9, 0x8, 0x19, 0x3, 0x8, 0x2c, 0x5, 0x3, 0x7, 0x3c, 0x32,
    0x3, 0x6, 0x1c, 0x3e, 0x3, 0xa, 0x11, 0x31, 0x3, 0x9, 0x1b, 0x9, 0x3, 0x7, 0x33, 0x2e,
    0x3, 0x7, 0x1, 0x0, 0x3, 0x9, 0x2f, 0x2c, 0x3, 0x7, 0x23, 0x3e, 0x3, 0x7, 0x4, 0x38,
    0x3, 0xa, 0x1f, 0x22, 0x3, 0x9, 0x38, 0x3e, 0x3, 0x9, 0x11, 0x0, 0x3, 0x8, 0x2f, 0x17,
    0x3, 0x6, 0x27, 0x22, 0x3, 0xb, 0x1a, 0x2b, 0x3, 0xa, 0x22, 0x19, 0x3, 0xa, 0x2f, 0x31,
    0x3, 0x9, 0x37, 0x34, 0x3, 0x9, 0xf, 0x22, 0x3, 0x8, 0x2c, 0x22, 0x3, 0x8, 0x3f, 0x14,
    0x3, 0x7, 0x24, 0x35, 0x3, 0x7, 0x3c, 0x33, 0x3, 0x7, 0x3d, 0x2a, 0x3, 0x7, 0x13, 0x18,
    0x3, 0x6, 0x38, 0xa, 0x3, 0x6, 0x9, 0x16, 0x3, 0x6, 0x13, 0x0, 0x3, 0x8, 0x6, 0x37,
    0x3, 0x8, 0x1, 0x3, 0x3, 0x8, 0x12, 0x1d, 0x3, 0x7, 0x2b, 0x37, 0x3, 0x6, 0x28, 0x3b,
    0x3, 0x6, 0x1c, 0x3f, 0x3, 0x7, 0xe, 0x17, 0x3, 0xa, 0x6, 0x1d, 0x3, 0xa, 0x19, 0x7,
    0x3, 0x8, 0x14, 0x24, 0x3, 0x7, 0x24, 0x3b, 0x3, 0x8, 0x2c, 0x24, 0x3, 0x8, 0x6, 0xd,
    0x3, 0x7, 0x16, 0xa, 0x3, 0x6, 0x3e, 0x3e, 0x3, 0xa, 0x6, 0x12, 0x3, 0xa, 0x14, 0x29,
    0x3, 0x9, 0xd, 0x1f, 0x3, 0x9, 0x12, 0x17, 0x3, 0x9, 0x19, 0x1, 0x3, 0x8, 0x11, 0x20,
    0x3, 0x8, 0x1d, 0x27, 0x3, 0x6, 0x3c, 0x1a, 0x3, 0xa, 0x2e, 0x0, 0x3, 0x7, 0x27, 0x18,
    0x3, 0xa, 0x22, 0x8, 0x3, 0x8, 0xd, 0xa, 0x3, 0x8, 0x13, 0x29, 0x3, 0x7, 0x2a, 0x29,
    0x3, 0x6, 0x3c, 0x2c, 0x3, 0x7, 0xb, 0x1a, 0x3, 0x9, 0x2e, 0x14, 0x3, 0x9, 0xd, 0x1e,
    0x3, 0x7, 0xe, 0x23, 0x3, 0xb, 0x1d, 0x27, 0x3, 0xa, 0xa, 0x38, 0x3, 0x9, 0x25, 0x32,
    0x3, 0x8, 0x2b, 0x26, 0x3, 0x8, 0x30, 0x12, 0x3, 0xa, 0x29, 0x34, 0x3, 0x8, 0x6, 0x1f,
    0x3, 0xb, 0x1b, 0x1a, 0x3, 0xa, 0x1b, 0xf, 0x3, 0xb, 0x1d, 0x2a, 0x3, 0x9, 0x16, 0x24,
    0x3, 0x9, 0x30, 0x11, 0x3, 0x8, 0x11, 0x8, 0x3, 0xa, 0x2a, 0x28, 0x3, 0xa, 0x4, 0x32,
    0x3, 0x8, 0x39, 0x2c, 0x3, 0x7, 0x34, 0x27, 0x3, 0x7, 0xf, 0x5, 0x3, 0x9, 0xb, 0xa,
    0x3, 0x7, 0x1b, 0x1, 0x3, 0x9, 0x17, 0x3a, 0x3, 0x9, 0x2e, 0xd, 0x3, 0x7, 0x2e, 0x11,
    0x3, 0x9, 0x2b, 0x15, 0x3, 0x8, 0x30, 0x13, 0x3, 0xb, 0x1f, 0x19, 0x3, 0xa, 0x20, 0x11,
    0x3, 0xa, 0x22, 0x30, 0x3, 0x9, 0x7, 0x3b, 0x3, 0x8, 0x16, 0x1c, 0x3, 0x7, 0x2c, 0x13,
    0x3, 0x7, 0xe, 0x2f, 0x3, 0x6, 0x22, 0x31, 0x3, 0xa, 0x2e, 0xa, 0x3, 0xa, 0x37, 0x2,
    0x3, 0xa, 0x3, 0x32, 0x3, 0xa, 0x1d, 0x2e, 0x3, 0x9, 0x31, 0x6, 0x3, 0x9, 0x19, 0x3a,
    0x3, 0x8, 0x2, 0x2f, 0x3, 0x6, 0x30, 0x2b, 0x3, 0x6, 0xf, 0x2d, 0x3, 0x6, 0x1c, 0x1f,
    0x3, 0x6, 0x1d, 0x7, 0x3, 0xa, 0x2c, 0x11, 0x3, 0x9, 0x3d, 0xd, 0x3, 0x9, 0xb, 0x3b,
    0x3, 0x7, 0x1b, 0x2f, 0x3, 0xa, 0x1f, 0x3a, 0x3, 0x9, 0x20, 0x1f, 0x3, 0x9, 0x2e, 0x10,
    0x3, 0x9, 0x34, 0xb, 0x3, 0x9, 0x1a, 0x31, 0x3, 0x8, 0x23, 0x1a, 0x3, 0x8, 0x34, 0x1d,
    0x3, 0x8, 0x1, 0x1f, 0x3, 0x8, 0x11, 0x22, 0x3, 0x7, 0x27, 0x38, 0x3, 0x7, 0x1a, 0x3e,
    0x3, 0x7, 0x35, 0x37, 0x3, 0x6, 0x26, 0x39, 0x3, 0x6, 0x2b, 0x11, 0x3, 0xa, 0x2e, 0xb,
    0x3, 0xa, 0x2c, 0x3e, 0x3, 0xa, 0x34, 0x23, 0x3, 0x8, 0x25, 0x17, 0x3, 0x7, 0x5, 0x22,
    0x3, 0x7, 0xc, 0xb, 0x3, 0xa, 0x1d, 0x2b, 0x3, 0xa, 0x19, 0x16, 0x3, 0x9, 0x2b, 0x1f,
    0x3, 0x9, 0x8, 0xb, 0x3, 0x8, 0x16, 0x18, 0x3, 0x8, 0x2b, 0x12, 0x3, 0xb, 0x1d, 0xc,
    0x3, 0xa, 0x3d, 0x10, 0x3, 0xa, 0x9, 0xd, 0x3, 0xa, 0x10, 0x11, 0x3, 0x9, 0x26, 0x30,
    0x3, 0x8, 0x28, 0x1f, 0x3, 0x8, 0x37, 0x7, 0x3, 0x8, 0x18, 0x35, 0x3, 0x7, 0x27, 0x36,
    0x3, 0x6, 0x2e, 0x5, 0x3, 0x6, 0x3d, 0x4, 0x3, 0x6, 0x3b, 0x3b, 0x3, 0x6, 0x6, 0x2c,
    0x3, 0xb, 0x18, 0x3e, 0x3, 0x8, 0x0, 0x18, 0x3, 0x6, 0x20, 0x3, 0x3, 0x6, 0x3c, 0x0,
    0x3, 0x9, 0x25, 0x18, 0x3, 0xb, 0x1c, 0x3c, 0x3, 0xa, 0x25, 0x21, 0x3, 0xa, 0x9, 0x12,
    0x3, 0xa, 0x16, 0x2, 0x3, 0x9, 0x30, 0x27, 0x3, 0x9, 0xe, 0x3d, 0x3, 0x8, 0x20, 0xe,
    0x3, 0x8, 0x3e, 0x3, 0x3, 0x7, 0x34, 0x3e, 0x3, 0x6, 0x26, 0x3f, 0x3, 0x6, 0x19, 0x9,
    0x3, 0x6, 0x3f, 0x28, 0x3, 0xa, 0x2d, 0xe, 0x3, 0x9, 0x3a, 0x33, 0x3, 0x9, 0x38, 0x3a,
    0x3, 0x9, 0x12, 0xb, 0x3, 0x9, 0x1d, 0x17, 0x3, 0x8, 0x37, 0x5, 0x3, 0x8, 0x32, 0x14,
    0x3, 0x8, 0x6, 0x25, 0x3, 0x8, 0x13, 0x1f, 0x3, 0x6, 0x6, 0xe, 0x3, 0xa, 0x22, 0x3c,
    0x3, 0x9, 0x2f, 0x3c, 0x3, 0x6, 0x3e, 0x2b, 0x3, 0xa, 0x27, 0x3f, 0x3, 0xa, 0x13, 0xc,
    0x3, 0x9, 0x10, 0x3c, 0x3, 0x7, 0x1b, 0x3d, 0x3, 0xa, 0x19, 0x13, 0x3, 0x9, 0x22, 0x1d,
    0x3, 0x9, 0x7, 0xd, 0x3, 0x8, 0x29, 0x1c, 0x3, 0x6, 0x3d, 0x1a, 0x3, 0xa, 0x2f, 0x34,
    0x3, 0xa, 0x37, 0x11, 0x3, 0xa, 0x16, 0x3a, 0x3, 0x9, 0x3f, 0x33, 0x3, 0x9, 0x3a, 0x2f,
    0x3, 0x9, 0x5, 0xa, 0x3, 0x9, 0x14, 0x6, 0x3, 0x8, 0x37, 0x22, 0x3, 0x8, 0x30, 0x7,
    0x3, 0x8, 0x1a, 0x1f, 0x3, 0x7, 0x4, 0x28, 0x3, 0x7, 0x4, 0x9, 0x3, 0x6, 0x20, 0x25,
    0x3, 0x6, 0x3c, 0x8, 0x3, 0xa, 0x2b, 0x14, 0x3, 0x9, 0x1d, 0x16, 0x3, 0xa, 0x37, 0x30,
    0x3, 0x8, 0x20, 0x3e, 0x3, 0x8, 0x35, 0x37, 0x3, 0x7, 0x30, 0xa, 0x3, 0x6, 0x3d, 0x12,
    0x3, 0x6, 0x16, 0x25, 0x3, 0x6, 0x1d, 0x2c, 0x3, 0x9, 0x39, 0x23, 0x3, 0x9, 0x10, 0x3e,
    0x3, 0x7, 0x20, 0x1e, 0x3, 0x8, 0xc, 0x3c, 0x3, 0x8, 0xb, 0x18, 0x3, 0x8, 0x15, 0x2b,
    0x3, 0x8, 0x2c, 0x3a, 0x3, 0x8, 0x25, 0x22, 0x3, 0x7, 0xa, 0x24, 0x3, 0xb, 0x1c, 0x3d,
    0x3, 0x7, 0x2b, 0x8, 0x3, 0xa, 0x2f, 0x5, 0x3, 0xa, 0x20, 0x7, 0x3, 0xa, 0x12, 0x27,
    0x3, 0x9, 0x23, 0x11, 0x3, 0x8, 0x1b, 0x15, 0x3, 0xa, 0x6, 0x1, 0x3, 0x9, 0x1c, 0x1b,
    0x3, 0x9, 0x32, 0x32, 0x3, 0x7, 0x14, 0x3c, 0x3, 0x7, 0x9, 0x4, 0x3, 0x6, 0x31, 0x4,
    0x3, 0x7, 0xe, 0x1, 0x3, 0xa, 0x13, 0x18, 0x3, 0xa, 0x2d, 0xc, 0x3, 0xa, 0x3f, 0xd,
    0x3, 0xa, 0x9, 0xa, 0x3, 0x9, 0x31, 0x26, 0x3, 0xa, 0x2f, 0xb, 0x3, 0x8, 0x24, 0x3c,
    0x3, 0x8, 0x33, 0x1d, 0x3, 0x8, 0xc, 0x24, 0x3, 0x8, 0xd, 0x7, 0x3, 0x8, 0xd, 0x3f,
    0x3, 0x8, 0xe, 0x14, 0x3, 0x6, 0x35, 0xa, 0x3, 0x8, 0x1a, 0x23, 0x3, 0x8, 0x16, 0x23,
    0x3, 0x7, 0x30, 0x32, 0x3, 0x7, 0x3, 0x1a, 0x3, 0x6, 0x28, 0x1d, 0x3, 0x6, 0x2b, 0x1b,
    0x3, 0x6, 0xb, 0x5, 0x3, 0x6, 0xb, 0x17, 0x3, 0x6, 0xc, 0x4, 0x3, 0x6, 0x1e, 0x19,
    0x3, 0x6, 0x2b, 0x30, 0x3, 0x6, 0x32, 0x18, 0x3, 0xb, 0x16, 0x1e, 0x3, 0xa, 0x2b, 0x16,
    0x3, 0xa, 0x2d, 0x3f, 0x3, 0xa, 0x23, 0x3a, 0x3, 0xa, 0x23, 0x10, 0x3, 0xa, 0x25, 0x24,
    0x3, 0xa, 0x3e, 0x2b, 0x3, 0xa, 0x30, 0x31, 0x3, 0xa, 0x31, 0x10, 0x3, 0xa, 0x9, 0x39,
    0x3, 0xa, 0xa, 0x12, 0x3, 0xa, 0x19, 0x1f, 0x3, 0xa, 0x19, 0x12, 0x3, 0x9, 0x2a, 0x29,
    0x3, 0x9, 0x2d, 0x16, 0x3, 0x9, 0x2e, 0x31, 0x3, 0x9, 0x2e, 0x32, 0x3, 0x9, 0x3c, 0xe,
    0x3, 0x9, 0x3e, 0x20, 0x3, 0x9, 0x33, 0x12, 0x3, 0x9, 0xb, 0x1, 0x3, 0x9, 0x1c, 0x32,
    0x3, 0x9, 0x11, 0x1c, 0x3, 0x9, 0x15, 0x25, 0x3, 0x8, 0x2c, 0x26, 0x3, 0x8, 0x21, 0x22,
    0x3, 0x8, 0x39, 0x28, 0x3, 0x8, 0xb, 0x1a, 0x3, 0x8, 0xd, 0x32, 0x3, 0x8, 0xc, 0x4,
    0x3, 0x8, 0xc, 0x6, 0x3, 0x8, 0xc, 0x1f, 0x3, 0x8, 0xc, 0xc, 0x3, 0x8, 0xf, 0x1f,
    0x3, 0x8, 0xf, 0x1d, 0x3, 0x8, 0x0, 0x14, 0x3, 0x8, 0x3, 0x14, 0x3, 0x8, 0x6, 0x16,
    0x3, 0x8, 0x1e, 0x23, 0x3, 0x8, 0x11, 0x11, 0x3, 0x8, 0x10, 0x18, 0x3, 0x8, 0x14, 0x28,
    0x3, 0x7, 0x29, 0x1e, 0x3, 0x7, 0x2e, 0x31, 0x3, 0x7, 0x20, 0x24, 0x3, 0x7, 0x20, 0x27,
    0x3, 0x7, 0x38, 0x8, 0x3, 0x7, 0xd, 0x30, 0x3, 0x7, 0xf, 0x37, 0x3, 0x7, 0x5, 0x23,
    0x3, 0x7, 0x5, 0x1a, 0x3, 0x7, 0x1a, 0x37, 0x3, 0x7, 0x1d, 0x2d, 0x3, 0x7, 0x17, 0x10,
    0x3, 0x6, 0x29, 0x1f, 0x3, 0x6, 0x32, 0xb, 0x3, 0x6, 0x36, 0x16, 0x3, 0x6, 0x9, 0x11,
    0x3, 0x9, 0x28, 0x1e, 0x3, 0x7, 0x21, 0x35, 0x3, 0xb, 0x11, 0x16, 0x3, 0xa, 0x2f, 0x4,
    0x3, 0xa, 0x2c, 0x1a, 0x3, 0xb, 0x17, 0x33, 0x3, 0xa, 0x2c, 0x31, 0x3, 0xa, 0x2f, 0x35,
    0x3, 0xa, 0x22, 0x31, 0x3, 0xa, 0x22, 0xd, 0x3, 0xa, 0x3f, 0x25, 0x3, 0xa, 0x3c, 0x2c,
    0x3, 0xa, 0x3f, 0x23, 0x3, 0xa, 0x3e, 0x19, 0x3, 0xa, 0x8, 0x26, 0x3, 0xa, 0xb, 0xe,
    0x3, 0xa, 0xc, 0x3a, 0x3, 0xa, 0xc, 0x2b, 0x3, 0xa, 0x3, 0x22, 0x3, 0xa, 0x6, 0x29,
    0x3, 0xa, 0x11, 0x10, 0x3, 0xa, 0x11, 0x1a, 0x3, 0xa, 0x17, 0x2d, 0x3, 0xa, 0x14, 0x28,
    0x3, 0x9, 0x29, 0x1e, 0x3, 0x9, 0x2f, 0x9, 0x3, 0x9, 0x2e, 0x0, 0x3, 0x9, 0x2c, 0x7,
    0x3, 0x9, 0x2f, 0x2a, 0x3, 0x9, 0x2d, 0x39, 0x3, 0x9, 0x22, 0x38, 0x3, 0x9, 0x25, 0x9,
    0x3, 0x9, 0x3a, 0x12, 0x3, 0x9, 0x3b, 0x1d, 0x3, 0x9, 0x3f, 0x6, 0x3, 0x9, 0x33, 0x25,
    0x3, 0x9, 0x36, 0x5, 0x3, 0x9, 0x36, 0x8, 0x3, 0x9, 0x37, 0x2, 0x3, 0x9, 0x7, 0x2c,
    0x3, 0x9, 0x4, 0x2c, 0x3, 0x9, 0x1f, 0x16, 0x3, 0x9, 0x11, 0x3, 0x3, 0x9, 0x11, 0x12,
    0x3, 0x9, 0x16, 0x38, 0x3, 0x8, 0x2a, 0x5, 0x3, 0x8, 0x2f, 0x32, 0x3, 0x8, 0x34, 0x3a,
    0x3, 0x8, 0x22, 0x2b, 0x3, 0x8, 0x20, 0x30, 0x3, 0x8, 0x26, 0xa, 0x3, 0x8, 0x3b, 0x10,
    0x3, 0x8, 0x3e, 0x24, 0x3, 0x8, 0x3e, 0x18, 0x3, 0x8, 0x32, 0x39, 0x3, 0x8, 0x32, 0x3a,
    0x3, 0x8, 0x31, 0x2c, 0x3, 0x8, 0x31, 0x3c, 0x3, 0x8, 0x31, 0x1c, 0x3, 0x8, 0x37, 0x23,
    0x3, 0x8, 0x37, 0x2a, 0x3, 0x8, 0x9, 0x27, 0x3, 0x8, 0x0, 0x1d, 0x3, 0x8, 0x5, 0x2d,
    0x3, 0x8, 0x1f, 0x34, 0x3, 0x8, 0x1d, 0x4, 0x3, 0x8, 0x16, 0xf, 0x3, 0x7, 0x2a, 0x37,
    0x3, 0x7, 0x27, 0x21, 0x3, 0x7, 0x25, 0x1b, 0x3, 0x7, 0x37, 0xc, 0x3, 0x7, 0xc, 0x31,
    0x3, 0x7, 0xc, 0x2e, 0x3, 0x7, 0x0, 0x6, 0x3, 0x7, 0x1, 0x2, 0x3, 0x7, 0x1, 0x30,
    0x3, 0x7, 0x6, 0x3d, 0x3, 0x7, 0x1, 0x3, 0x3, 0x7, 0x1, 0x13, 0x3, 0x7, 0x6, 0x6,
    0x3, 0x7, 0x5, 0xa, 0x3, 0x7, 0x1f, 0x9, 0x3, 0x7, 0x17, 0x3a, 0x3, 0x6, 0x2a, 0x31,
    0x3, 0x6, 0x2d, 0x1d, 0x3, 0x6, 0x22, 0x33, 0x3, 0x6, 0x32, 0x3a, 0x3, 0x6, 0x30, 0x24,
    0x3, 0x6, 0x36, 0x1e, 0x3, 0x6, 0x34, 0x12, 0x3, 0x6, 0x34, 0x35, 0x3, 0x6, 0xb, 0x0,
    0x3, 0x6, 0xb, 0x37, 0x3, 0x6, 0x7, 0x1f, 0x3, 0x6, 0x15, 0x12, 0x3, 0xc, 0x5, 0xf,
    0x3, 0xb, 0x2b, 0xb, 0x3, 0xb, 0x2b, 0x2d, 0x3, 0x6, 0x16, 0x1b, 0x3, 0x6, 0x15, 0x17,
    0x3, 0x89, 0xca, 0xea, 0x3, 0x89, 0xca, 0xe8, 0x3, 0xc, 0x38, 0x10, 0x3, 0xc, 0x38, 0x1,
    0x3, 0xc, 0x38, 0xf, 0x3, 0xd, 0x38, 0x25, 0x3, 0xd, 0x38, 0x21, 0x3, 0xc, 0x38, 0x2d,
    0x3, 0xc, 0x38, 0x2f, 0x3, 0xc, 0x38, 0x2b, 0x3, 0xc, 0x38, 0x37, 0x3, 0xc, 0x38, 0x35,
    0x3, 0xc, 0x39, 0x9, 0x3, 0xc, 0x39, 0xd, 0x3, 0xc, 0x39, 0xf, 0x3, 0xc, 0x39, 0xb,
    0x3, 0xcf, 0x75, 0xc, 0x3, 0xcf, 0x75, 0xf, 0x3, 0xcf, 0x75, 0xe, 0x3, 0xcf, 0x75, 0x9,
    0x3, 0xc, 0x39, 0x10, 0x3, 0xd, 0x39, 0xc, 0x3, 0xcf, 0x60, 0x3b, 0x3, 0xcf, 0x60, 0x3e,
    0x3, 0xcf, 0x60, 0x39, 0x3, 0xcf, 0x60, 0x38, 0x3, 0xcf, 0x60, 0x37, 0x3, 0xcf, 0x60, 0x2a,
    0x3, 0xcf, 0x60, 0x2d, 0x3, 0xcf, 0x60, 0x2c, 0x3, 0xd, 0x1b, 0x1a, 0x3, 0xd, 0x1b, 0x26,
    0x3, 0xc, 0x3d, 0x2e, 0x3, 0xc, 0x3d, 0x25, 0x3, 0xc, 0x3e, 0x1e, 0x3, 0xc, 0x3e, 0x14,
    0x3, 0xc, 0x3f, 0x6, 0x3, 0xc, 0x3f, 0xb, 0x3, 0xc, 0x3f, 0xc, 0x3, 0xc, 0x3f, 0xd,
    0x3, 0xc, 0x3f, 0x2, 0x3, 0xc, 0x3e, 0xf, 0x3, 0xc, 0x3e, 0x8, 0x3, 0xc, 0x3e, 0x9,
    0x3, 0xc, 0x3e, 0x2c, 0x3, 0xc, 0x3e, 0xc, 0x3, 0xc, 0x3f, 0x13, 0x3, 0xc, 0x3f, 0x16,
    0x3, 0xc, 0x3f, 0x15, 0x3, 0xc, 0x3f, 0x1c, 0x3, 0xc, 0x3f, 0x1f, 0x3, 0xc, 0x3f, 0x1d,
    0x3, 0xc, 0x3f, 0x1a, 0x3, 0xc, 0x3f, 0x17, 0x3, 0xc, 0x3f, 0x8, 0x3, 0xc, 0x3f, 0x9,
    0x3, 0xc, 0x3f, 0xe, 0x3, 0xc, 0x3f, 0x4, 0x3, 0xc, 0x3f, 0x5, 0x3, 0xc, 0x3c, 0x3f,
    0x3, 0xc, 0x3d, 0x0, 0x3, 0xc, 0x3d, 0x6, 0x3, 0xc, 0x3d, 0x5, 0x3, 0xc, 0x3d, 0xc,
    0x3, 0xc, 0x3d, 0xf, 0x3, 0xc, 0x3d, 0xd, 0x3, 0xc, 0x3d, 0xb, 0x3, 0xc, 0x3d, 0x7,
    0x3, 0xc, 0x3d, 0x19, 0x3, 0xc, 0x3d, 0x15, 0x3, 0xc, 0x3d, 0x11, 0x3, 0xc, 0x3d, 0x31,
    0x3, 0xc, 0x3d, 0x33, 0x3, 0xc, 0x3d, 0x30, 0x3, 0xc, 0x3d, 0x3e, 0x3, 0xc, 0x3d, 0x32,
    0x3, 0xc, 0x3d, 0x36, 0x3, 0xc, 0x3c, 0x7, 0x3, 0xc, 0x3c, 0x5, 0x3, 0xe, 0x3a, 0x21,
    0x3, 0xe, 0x3a, 0x23, 0x3, 0xe, 0x38, 0x9, 0x3, 0xe, 0x3a, 0x26, 0x3, 0xe, 0x38, 0xb,
    0x3, 0xe, 0x3a, 0x24, 0x3, 0xe, 0x3a, 0x2c, 0x3, 0xe, 0x38, 0x1a, 0x3, 0xe, 0x38, 0x1e,
    0x3, 0xe, 0x3a, 0x2a, 0x3, 0xe, 0x3a, 0x37, 0x3, 0xe, 0x3a, 0x35, 0x3, 0xe, 0x3a, 0x3b,
    0x3, 0xe, 0x3a, 0x15, 0x3, 0xe, 0x3a, 0x3c, 0x3, 0xe, 0x3a, 0x34, 0x3, 0xe, 0x3a, 0x27,
    0x3, 0xe, 0x3a, 0x2d, 0x3, 0xe, 0x3a, 0x25, 0x3, 0xe, 0x3a, 0x3f, 0x3, 0xe, 0x3a, 0x3d,
    0x3, 0xe, 0x3a, 0x29, 0x3, 0xe, 0x3a, 0x2f, 0x3, 0xcf, 0x73, 0x27, 0x3, 0xd, 0x3d, 0xf,
    0x3, 0xd, 0x2b, 0x2a, 0x3, 0xd, 0x39, 0x39, 0x3, 0xd, 0x39, 0x3b, 0x3, 0xd, 0x39, 0x3f,
    0x3, 0xd, 0x29, 0xd, 0x3, 0xd, 0x28, 0x25, 0x2, 0x1, 0x18, 0x2, 0x1, 0x28, 0x2, 0x3,
    0x27, 0x2, 0x3, 0x29, 0x2, 0x3, 0x2b, 0x2, 0x3, 0x2f, 0x2, 0x3, 0x19, 0x2, 0x3, 0x1b,
    0x2, 0x3, 0x1f, 0x3, 0xd, 0x22, 0x18, 0x3, 0xd, 0x22, 0x1a, 0x3, 0xd, 0x22, 0x27, 0x3,
    0xd, 0x22, 0x2f, 0x3, 0xd, 0x22, 0x33, 0x3, 0xd, 0x22, 0x24, 0x2, 0x3, 0x20, 0x2, 0x1,
    0x25, 0x2, 0x1, 0x27, 0x2, 0x1, 0x2b, 0x2, 0x1, 0x2d, 0x2, 0x1, 0x2f, 0x2, 0x1, 0x3b,
    0x2, 0x1, 0x3d, 0x2, 0x1, 0x3f, 0x2, 0x1, 0x1e, 0x3, 0xf, 0x24, 0x21, 0x3, 0xf, 0x38,
    0x37, 0x3, 0xf, 0x34, 0xe, 0x3, 0xf, 0x35, 0x1d, 0x3, 0x6, 0x27, 0x3, 0x3, 0xf, 0x8,
    0x18, 0x3, 0xf, 0xd, 0x1b, 0x3, 0xe, 0x32, 0x3d, 0x3, 0xe, 0x3b, 0x8, 0x3, 0xe, 0x3a,
    0xb, 0x3, 0xe, 0x6, 0x24, 0x3, 0xe, 0xd, 0x29, 0x3, 0xe, 0x16, 0x1f, 0x3, 0xe, 0x16,
    0x1b, 0x3, 0xd, 0x24, 0xa, 0x3, 0x5, 0x2c, 0x1d, 0x3, 0xd, 0x2e, 0x20, 0x3, 0xd, 0x2e,
    0x23, 0x3, 0xc, 0x28, 0x2f, 0x3, 0x9, 0x25, 0x2, 0x3, 0xd, 0x39, 0x30, 0x3, 0xd, 0xe,
    0x34, 0x3, 0xd, 0xd, 0xf, 0x3, 0xc, 0x23, 0x0, 0x3, 0xc, 0x2c, 0x1e, 0x3, 0xc, 0x32,
    0xe, 0x3, 0xc, 0x1, 0x17, 0x3, 0xc, 0x9, 0x3a, 0x3, 0xe, 0x17, 0x33, 0x3, 0xc, 0x8,
    0x3, 0x3, 0xc, 0x11, 0x7, 0x3, 0xc, 0x10, 0x18, 0x3, 0xc, 0x1f, 0x1c, 0x3, 0xc, 0x19,
    0xe, 0x3, 0xc, 0x1a, 0x1f, 0x3, 0xf, 0x30, 0x3e, 0x3, 0xb, 0x2d, 0x3e, 0x3, 0xb, 0x2a,
    0x34, 0x3, 0xb, 0x3c, 0x2b, 0x3, 0xb, 0x38, 0x13, 0x3, 0xb, 0x4, 0x33, 0x3, 0xb, 0x14,
    0x3, 0x3, 0xb, 0x16, 0x25, 0x3, 0xd, 0x22, 0x26, 0x3, 0xb, 0x1a, 0x1a, 0x3, 0xb, 0x1a,
    0x4, 0x3, 0xa, 0x25, 0x39, 0x3, 0xa, 0x26, 0x32, 0x3, 0xa, 0x26, 0x30, 0x3, 0xa, 0x21,
    0x1a, 0x3, 0xa, 0x21, 0x37, 0x3, 0xa, 0x35, 0x10, 0x3, 0xa, 0x3d, 0x34, 0x3, 0xa, 0x3f,
    0xe, 0x3, 0xa, 0x3e, 0x10, 0x3, 0xa, 0x0, 0x20, 0x3, 0xa, 0xf, 0x3a, 0x3, 0xa, 0xf,
    0x39, 0x3, 0xa, 0xb, 0xa, 0x3, 0xa, 0x17, 0x25, 0x3, 0xa, 0x1b, 0x2d, 0x3, 0x9, 0x2d,
    0x1a, 0x3, 0x9, 0x2c, 0x34, 0x3, 0x9, 0x2e, 0x2c, 0x3, 0x9, 0x29, 0x9, 0x3, 0x9, 0x36,
    0x21, 0x3, 0x9, 0x31, 0x1f, 0x3, 0x9, 0x33, 0x16, 0x3, 0xc, 0x2b, 0x1f, 0x3, 0x9, 0x38,
    0x20, 0x3, 0x9, 0x38, 0x3d, 0x3, 0xc, 0x28, 0x1a, 0x3, 0xc, 0x28, 0x16, 0x3, 0x9, 0xa,
    0x2b, 0x3, 0x9, 0x16, 0x12, 0x3, 0x9, 0x13, 0xe, 0x3, 0x9, 0x15, 0x33, 0x3, 0x8, 0x29,
    0x21, 0x3, 0x9, 0x1a, 0x1, 0x3, 0x9, 0x18, 0x1, 0x3, 0x8, 0x25, 0x23, 0x3, 0x8, 0x3e,
    0x22, 0x3, 0x8, 0x5, 0x25, 0x3, 0x8, 0x2, 0x2a, 0x3, 0x8, 0x15, 0x3b, 0x3, 0x8, 0x1b,
    0x37, 0x3, 0xf, 0x7, 0x1d, 0x3, 0xf, 0x4, 0x3, 0x3, 0x7, 0x30, 0xc, 0x3, 0x7, 0x3b,
    0xb, 0x3, 0x7, 0x8, 0x17, 0x3, 0x7, 0x12, 0x6, 0x3, 0x6, 0x2f, 0x2d, 0x3, 0x6, 0x37,
    0x31, 0x3, 0x6, 0x35, 0x2b, 0x3, 0x6, 0x3e, 0x37, 0x3, 0x6, 0x4, 0x39, 0x3, 0x5, 0x2b,
    0x1e, 0x3, 0x5, 0x2c, 0x17, 0x3, 0x5, 0x20, 0x1d, 0x3, 0x5, 0x22, 0x5, 0x3, 0x5, 0x30,
    0x1d,
};

const uint16_t burrow__idna_values[8832] = {
    0x18, 0x18, 0x18, 0x18, 0x18, 0x18, 0x18, 0x18, 0x18, 0x18,
    0x18, 0x18, 0x18, 0x18, 0x18, 0x18, 0x18, 0x18, 0x18, 0x18,
    0x18, 0x18, 0x18, 0x18, 0x18, 0x18, 0x18, 0x18, 0x18, 0x18,
    0x18, 0x18, 0x18, 0x18, 0x18, 0x18, 0x18, 0x18, 0x18, 0x18,
    0x18, 0x18, 0x18, 0x18, 0x18, 0x8, 0x8, 0x18, 0x8, 0x8,
    0x8, 0x8, 0x8, 0x8, 0x8, 0x8, 0x8, 0x8, 0x18, 0x18,
    0x18, 0x18, 0x18, 0x18, 0x18, 0xe105, 0xe105, 0xe105, 0xe105, 0xe105,
    0xe105, 0xe105, 0xe105, 0xe105, 0xe105, 0xe105, 0xe105, 0xe105, 0xe105, 0xe105,
    0xe105, 0xe105, 0xe105, 0xe105, 0xe105, 0xe105, 0xe105, 0xe105, 0xe105, 0xe105,
    0xe105, 0x18, 0x18, 0x18, 0x18, 0x18, 0x18, 0x8, 0x8, 0x8,
    0x8, 0x8, 0x8, 0x8, 0x8, 0x8, 0x8, 0x8, 0x8, 0x8,
    0x8, 0x8, 0x8, 0x8, 0x8, 0x8, 0x8, 0x8, 0x8, 0x8,
    0x8, 0x8, 0x8, 0x18, 0x18, 0x18, 0x18, 0x18, 0x0, 0x0,
    0x0, 0x0, 0x0, 0x0, 0x0, 0x0, 0x0, 0x0, 0x0, 0x0,
    0x0, 0x0, 0x0, 0x0, 0x0, 0x0, 0x0, 0x0, 0x0, 0x0,
    0x0, 0x0, 0x0, 0x0, 0x0, 0x0, 0x0, 0x0, 0x0, 0x0,
    0x0, 0x0, 0x0, 0x0, 0x0, 0x0, 0x0, 0x0, 0x0, 0x0,
    0x0, 0x0, 0x0, 0x0, 0x0, 0x0, 0x0, 0x0, 0x0, 0x0,
    0x0, 0x0, 0x0, 0x0, 0x0, 0x0, 0x0, 0x0, 0x0, 0x0,
    0x0, 0x0, 0x40, 0x40, 0x40, 0x40, 0x40, 0x40, 0x40, 0x40,
    0x40, 0x40, 0x40, 0x40, 0x40, 0x40, 0x40, 0x40, 0x40, 0x40,
    0x40, 0x40, 0x40, 0x40, 0x40, 0x40, 0x40, 0x40, 0x40, 0x40,
    0x40, 0x40, 0x40, 0x40, 0x9, 0x18, 0x18, 0x18, 0x18, 0x18,
    0x18, 0x18, 0x11, 0x18, 0x19, 0x18, 0x18, 0x3c0, 0x18, 0x21,
    0x18, 0x18, 0x29, 0x31, 0x39, 0x5, 0x18, 0x8, 0x41, 0x49,
    0x51, 0x18, 0x59, 0x61, 0x69, 0x18, 0xe00d, 0x8, 0xe00d, 0x8,
    0xe00d, 0x8, 0xe00d, 0x8, 0xe00d, 0x8, 0xe00d, 0x8, 0xe00d, 0x8,
    0xe00d, 0x8, 0xe00d, 0x8, 0xe00d, 0x8, 0xe00d, 0x8, 0xe00d, 0x8,
    0xe00d, 0x8, 0xe00d, 0x8, 0xe00d, 0x8, 0xe00d, 0x8, 0xe00d, 0x8,
    0xe00d, 0x8, 0xe00d, 0x8, 0xe00d, 0x8, 0xe00d, 0x8, 0xe00d, 0x8,
    0xe00d, 0x8, 0xe00d, 0x8, 0x71, 0x8, 0x35, 0x4d, 0xe00d, 0x8,
    0xe00d, 0x8, 0x8, 0xe01d, 0x8, 0xe03d, 0x8, 0xe01d, 0x8, 0x79,
    0x79, 0xe01d, 0x8, 0xe03d, 0x8, 0xe01d, 0x8, 0xe07d, 0x8, 0x81,
    0xe00d, 0x8, 0xe00d, 0x8, 0xe00d, 0x8, 0xe00d, 0x8, 0xe00d, 0x8,
    0xe00d, 0x8, 0xe00d, 0x8, 0xe00d, 0x8, 0xe00d, 0x8, 0xe00d, 0x8,
    0xe00d, 0x8, 0xe00d, 0x8, 0xe00d, 0x8, 0xe00d, 0x8, 0xe00d, 0x8,
    0xe00d, 0x8, 0xe00d, 0x8, 0xe00d, 0x8, 0xe00d, 0x8, 0xe00d, 0x8,
    0xe00d, 0x8, 0xe00d, 0x8, 0xe00d, 0x8, 0x65, 0xe01d, 0x8, 0xe03d,
    0x8, 0xe01d, 0x8, 0x89, 0x8, 0x7d, 0xe00d, 0x8, 0xe00d, 0x8,
    0x7d, 0xe07d, 0x8, 0x95, 0xad, 0xe03d, 0x8, 0x8, 0xc5, 0xdd,
    0xf5, 0xe01d, 0x8, 0x10d, 0x125, 0x8, 0x13d, 0x13d, 0xe00d, 0x8,
    0x8, 0x8, 0x10d, 0x155, 0x8, 0x16d, 0xe00d, 0x8, 0xe00d, 0x8,
    0xe00d, 0x8, 0x185, 0xe07d, 0x8, 0x19d, 0x8, 0x8, 0xe00d, 0x8,
    0x185, 0xe0fd, 0x8, 0x1b5, 0x1cd, 0xe03d, 0x8, 0xe01d, 0x8, 0x1e5,
    0xe00d, 0x8, 0x8, 0x8, 0xe00d, 0x8, 0x8, 0x8, 0x8, 0x8,
    0x8, 0x8, 0x91, 0x91, 0x91, 0x1fd, 0x215, 0x22d, 0x245, 0x25d,
    0x275, 0xe01d, 0x8, 0xe0fd, 0x8, 0xe01d, 0x8, 0xe03d, 0x8, 0xe01d,
    0x8, 0xe07d, 0x8, 0xe01d, 0x8, 0xe03d, 0x8, 0x8, 0xe00d, 0x8,
    0xe00d, 0x8, 0xe00d, 0x8, 0xe00d, 0x8, 0xe00d, 0x8, 0xe00d, 0x8,
    0xe00d, 0x8, 0xe00d, 0x8, 0xe00d, 0x8, 0x8, 0x28d, 0x2a5, 0x2bd,
    0xe00d, 0x8, 0x2d5, 0x2ed, 0xe00d, 0x8, 0xe00d, 0x8, 0xe00d, 0x8,
    0xe00d, 0x8, 0xe00d, 0x8, 0xe00d, 0x8, 0xe00d, 0x8, 0xe00d, 0x8,
    0xe00d, 0x8, 0xe00d, 0x8, 0xe00d, 0x8, 0xe00d, 0x8, 0xe00d, 0x8,
    0xe00d, 0x8, 0xe00d, 0x8, 0xe00d, 0x8, 0xe00d, 0x8, 0xe00d, 0x8,
    0xe00d, 0x8, 0xe00d, 0x8, 0x305, 0x8, 0xe00d, 0x8, 0xe00d, 0x8,
    0xe00d, 0x8, 0xe00d, 0x8, 0xe00d, 0x8, 0xe00d, 0x8, 0xe00d, 0x8,
    0xe00d, 0x8, 0xe00d, 0x8, 0x8, 0x8, 0x8, 0x8, 0x8, 0x8,
    0x99, 0xe03d, 0x8, 0x31d, 0xa1, 0x8, 0x8, 0x8, 0x18, 0x18,
    0x18, 0x18, 0x8, 0x8, 0x8, 0x8, 0x8, 0x8, 0x8, 0x8,
    0x8, 0x8, 0x8, 0x8, 0x18, 0x18, 0x18, 0x18, 0x18, 0x18,
    0xd1, 0xd9, 0xe1, 0xe9, 0xf1, 0xf9, 0x18, 0x18, 0x3ad, 0x101,
    0x89, 0x109, 0x3c5, 0x18, 0x18, 0x18, 0x18, 0x18, 0x18, 0x18,
    0x8, 0x18, 0x8, 0x18, 0x18, 0x18, 0x18, 0x18, 0x18, 0x18,
    0x18, 0x18, 0x18, 0x18, 0x18, 0x18, 0x18, 0x18, 0x18, 0x18,
    0x3dd, 0x3dd, 0x3308, 0x3f5, 0x111, 0x40d, 0x3308, 0x3308, 0x3308, 0x3308,
    0x3308, 0x3308, 0x3308, 0x3308, 0x3308, 0x33c0, 0x3308, 0x3308, 0x3308, 0x3308,
    0x3308, 0x3308, 0x3308, 0x3308, 0x3308, 0x3308, 0x3308, 0x3308, 0x3308, 0x3308,
    0x3308, 0x3308, 0x3308, 0x3308, 0x3308, 0x3308, 0x3308, 0x3308, 0x3308, 0x3308,
    0x3308, 0x3308, 0x3308, 0x3308, 0x3308, 0x3308, 0x3308, 0x3308, 0xe00d, 0x8,
    0xe00d, 0x8, 0x425, 0x8, 0xe00d, 0x8, 0x40, 0x40, 0x119, 0x8,
    0x8, 0x8, 0x121, 0x43d, 0x40, 0x40, 0x40, 0x40, 0x39, 0x129,
    0xe155, 0x455, 0xe12d, 0xe13d, 0xe12d, 0x40, 0x3dd, 0x40, 0x46d, 0x485,
    0x8, 0xe105, 0xe105, 0xe105, 0xe105, 0xe105, 0xe105, 0xe105, 0xe105, 0xe105,
    0xe105, 0xe105, 0xe105, 0xe105, 0xe105, 0xe105, 0x49d, 0x49d, 0x40, 0x49d,
    0x49d, 0x49d, 0x49d, 0x49d, 0x49d, 0x49d, 0x49d, 0x49d, 0x8, 0x8,
    0x8, 0x8, 0x8, 0x8, 0x8, 0x8, 0x8, 0x8, 0x8, 0x8,
    0x8, 0x8, 0x8, 0x8, 0x8, 0x8, 0x8, 0x8, 0x8, 0x8,
    0xe00f, 0x8, 0x8, 0x8, 0x8, 0x8, 0x8, 0x8, 0x8, 0x8,
    0x8, 0x8, 0x8, 0xe0c5, 0x4b5, 0x4cd, 0xe0bd, 0xe0f5, 0xe0fd, 0xe09d,
    0xe0b5, 0x8, 0xe00d, 0x8, 0xe00d, 0x8, 0xe00d, 0x8, 0xe00d, 0x8,
    0xe00d, 0x8, 0xe00d, 0x8, 0xe00d, 0x8, 0xe00d, 0x8, 0xe00d, 0x8,
    0xe00d, 0x8, 0xe00d, 0x8, 0xe00d, 0x8, 0x4e5, 0xe185, 0xe18d, 0x8,
    0x4fd, 0x3dd, 0x18, 0xe07d, 0x8, 0xe1d5, 0xe00d, 0x8, 0x8, 0x515,
    0x52d, 0x52d, 0x8, 0x8, 0x8, 0x8, 0x8, 0x8, 0x8, 0x8,
    0x8, 0x8, 0x8, 0x8, 0x8, 0x8, 0x8, 0x8, 0x8, 0x8,
    0x8, 0x8, 0x8, 0x8, 0x8, 0x8, 0x8, 0x8, 0x8, 0x8,
    0x8, 0x8, 0x8, 0x8, 0xe00d, 0x8, 0xe00d, 0x8, 0xe00d, 0x8,
    0xe00d, 0x8, 0xe00d, 0x8, 0xe00d, 0x8, 0xe00d, 0x8, 0xe00d, 0x8,
    0xe00d, 0x8, 0xe00d, 0x8, 0xe00d, 0x8, 0xe00d, 0x8, 0xe00d, 0x8,
    0xe00d, 0x8, 0xe00d, 0x8, 0xe00d, 0x8, 0xe00d, 0x8, 0x18, 0x3308,
    0x3308, 0x3308, 0x3308, 0x3308, 0x3318, 0x3318, 0xe00d, 0x8, 0xe00d, 0x8,
    0xe00d, 0x8, 0xe00d, 0x8, 0xe00d, 0x8, 0xe00d, 0x8, 0xe00d, 0x8,
    0xe00d, 0x8, 0xe00d, 0x8, 0xe00d, 0x8, 0xe00d, 0x8, 0xe00d, 0x8,
    0xe00d, 0x8, 0xe00d, 0x8, 0xe00d, 0x8, 0xe00d, 0x8, 0xe00d, 0x8,
    0xe00d, 0x8, 0xe00d, 0x8, 0xe00d, 0x8, 0xe00d, 0x8, 0xe00d, 0x8,
    0xe00d, 0x8, 0xe00d, 0x8, 0xe00d, 0x8, 0xe00d, 0x8, 0xe00d, 0x8,
    0xe07d, 0xe01d, 0x8, 0xe03d, 0x8, 0xe01d, 0x8, 0xe07d, 0x8, 0xe01d,
    0x8, 0xe03d, 0x8, 0xe01d, 0x8, 0x8, 0xe00d, 0x8, 0xe00d, 0x8,
    0xe00d, 0x8, 0xe00d, 0x8, 0xe00d, 0x8, 0xe00d, 0x8, 0xe00d, 0x8,
    0xe00d, 0x8, 0xe00d, 0x8, 0xe00d, 0x8, 0xe00d, 0x8, 0xe00d, 0x8,
    0xe00d, 0x8, 0xe00d, 0x8, 0xe00d, 0x8, 0xe00d, 0x8, 0xe00d, 0x8,
    0xe00d, 0x8, 0xe00d, 0x8, 0xe00d, 0x8, 0xe00d, 0x8, 0xe00d, 0x8,
    0xe00d, 0x8, 0xe00d, 0x8, 0xe00d, 0x8, 0xe00d, 0x8, 0xe00d, 0x8,
    0xe00d, 0x8, 0xe00d, 0x8, 0xe00d, 0x8, 0xe00d, 0x8, 0xe00d, 0x8,
    0xe00d, 0x8, 0xe00d, 0x8, 0xe00d, 0x8, 0xe00d, 0x8, 0xe00d, 0x8,
    0xe00d, 0x8, 0xe00d, 0x8, 0xe00d, 0x8, 0xe00d, 0x8, 0xe00d, 0x8,
    0xe00d, 0x8, 0xe00d, 0x8, 0xe00d, 0x8, 0xe00d, 0x8, 0xe00d, 0x8,
    0xe00d, 0x8, 0x40, 0x3f5, 0x3f5, 0x3f5, 0x3f5, 0x3f5, 0x3f5, 0x3f5,
    0x3f5, 0x3f5, 0x3f5, 0x3f5, 0x3f5, 0x3f5, 0x3f5, 0x3f5, 0x840, 0x840,
    0x840, 0x840, 0x840, 0x840, 0x18, 0x18, 0x818, 0x18, 0x18, 0x818,
    0x18, 0x818, 0x18, 0x18, 0x3308, 0x3308, 0x3308, 0x3308, 0x3308, 0x3308,
    0x3308, 0x3308, 0x3308, 0x3308, 0x3308, 0x818, 0xb40, 0x818, 0x818, 0x818,
    0xa08, 0x808, 0xc08, 0xc08, 0xc08, 0xc08, 0xa08, 0xc08, 0xa08, 0xc08,
    0xa08, 0xa08, 0xa08, 0xa08, 0xa08, 0xc08, 0xc08, 0xc08, 0xc08, 0xa08,
    0xa08, 0xa08, 0xa08, 0xa08, 0xa08, 0xa08, 0xa08, 0xa08, 0xa08, 0xa08,
    0xa08, 0xa08, 0x818, 0xa08, 0xa08, 0xa08, 0xa08, 0xa08, 0xa08, 0xa08,
    0xc08, 0xa08, 0xa08, 0x3308, 0x3308, 0x3308, 0x3308, 0x3308, 0x3308, 0x3308,
    0x3308, 0x3308, 0x3308, 0x3308, 0x3308, 0x3308, 0x3308, 0x3308, 0x3308, 0x3308,
    0x3308, 0x3308, 0x3308, 0x3308, 0x808, 0x808, 0x808, 0x808, 0x808, 0x808,
    0x808, 0x808, 0x808, 0x808, 0x18, 0x818, 0x818, 0x818, 0xa08, 0xa08,
    0x3308, 0xc08, 0xc08, 0xc08, 0x808, 0x139, 0x141, 0x149, 0x151, 0xa08,
    0xa08, 0xa08, 0xa08, 0xa08, 0xa08, 0xa08, 0xc08, 0xa08, 0xa08, 0xc08,
    0xc08, 0xc08, 0xc08, 0xc08, 0xc08, 0xc08, 0xc08, 0xc08, 0xa08, 0xc08,
    0xa08, 0xc08, 0xa08, 0xa08, 0xc08, 0xc08, 0x818, 0xc08, 0x3308, 0x3308,
    0x3308, 0x3308, 0x3308, 0x3308, 0x3308, 0x840, 0x18, 0x3308, 0x3308, 0x3308,
    0x3308, 0x3308, 0x3308, 0x808, 0x808, 0x3308, 0x3308, 0x18, 0x3308, 0x3308,
    0x3308, 0x3308, 0xc08, 0xc08, 0x8, 0x8, 0x8, 0x8, 0x8, 0x8,
    0x8, 0x8, 0x8, 0x8, 0xa08, 0xa08, 0xa08, 0x808, 0x808, 0xa08,
    0x818, 0x818, 0x818, 0x818, 0x818, 0x818, 0x818, 0x818, 0x818, 0x818,
    0x818, 0x818, 0x818, 0x818, 0x40, 0xb40, 0xc08, 0x3308, 0xa08, 0xa08,
    0xa08, 0xc08, 0xc08, 0xc08, 0xc08, 0xc08, 0xa08, 0xa08, 0xa08, 0xa08,
    0xc08, 0xa08, 0xa08, 0xa08, 0xa08, 0xa08, 0xa08, 0xa08, 0xa08, 0xa08,
    0xc08, 0xa08, 0xc08, 0xa08, 0xc08, 0xa08, 0xa08, 0xc08, 0x3308, 0x3308,
    0x3308, 0x3308, 0x3308, 0x3308, 0x3308, 0x3308, 0x3308, 0x3308, 0x3308, 0x3308,
    0x3308, 0x3308, 0x3308, 0x3308, 0xc08, 0xa08, 0xa08, 0xa08, 0xa08, 0xa08,
    0xc08, 0xc08, 0xa08, 0xc08, 0xa08, 0xa08, 0xa08, 0xa08, 0xa08, 0xa08,
    0xa08, 0xa08, 0xa08, 0xa08, 0xc08, 0xa08, 0xc08, 0xc08, 0xc08, 0x3308,
    0x3308, 0x3308, 0x40, 0x40, 0x818, 0x40, 0xa08, 0x808, 0xa08, 0xa08,
    0xa08, 0xa08, 0x808, 0xc08, 0xa08, 0xc08, 0xc08, 0x40, 0x40, 0x40,
    0x40, 0x40, 0xc08, 0xc08, 0xc08, 0xc08, 0xc08, 0xc08, 0xc08, 0xc08,
    0xc08, 0xc08, 0xc08, 0xc08, 0xc08, 0xc08, 0xc08, 0xc08, 0xc08, 0xc08,
    0xc08, 0x808, 0x808, 0x808, 0xa08, 0x808, 0x818, 0xa08, 0xa08, 0xa08,
    0xa08, 0xa08, 0xc08, 0xa08, 0x840, 0x840, 0x40, 0x40, 0x40, 0x40,
    0x40, 0x3308, 0x3308, 0x3308, 0x3308, 0x3308, 0x3308, 0x3308, 0x3308, 0x3308,
    0xa08, 0xa08, 0xa08, 0xa08, 0xa08, 0xa08, 0xa08, 0xa08, 0xa08, 0xa08,
    0xc08, 0xc08, 0xc08, 0x808, 0xc08, 0xa08, 0xa08, 0xc08, 0xc08, 0xa08,
    0xa08, 0xa08, 0xa08, 0xa08, 0xa08, 0xc08, 0xa08, 0xa08, 0xa08, 0xa08,
    0xa08, 0xa08, 0x3008, 0x3308, 0x3308, 0x3308, 0x3308, 0x3308, 0x3308, 0x3308,
    0x3308, 0x3008, 0x3008, 0x3008, 0x3008, 0x3b08, 0x3008, 0x3008, 0x8, 0x3308,
    0x3308, 0x3308, 0x3308, 0x3308, 0x3308, 0x3308, 0x159, 0x161, 0x169, 0x171,
    0x179, 0x181, 0x189, 0x191, 0x8, 0x8, 0x3308, 0x3308, 0x18, 0x18,
    0x8, 0x8, 0x8, 0x8, 0x8, 0x8, 0x8, 0x8, 0x8, 0x8,
    0x18, 0x8, 0x8, 0x8, 0x8, 0x8, 0x8, 0x8, 0x8, 0x8,
    0x8, 0x8, 0x8, 0x8, 0x8, 0x8, 0x8, 0x3308, 0x3008, 0x3008,
    0x40, 0x8, 0x8, 0x8, 0x8, 0x8, 0x8, 0x8, 0x8, 0x40,
    0x40, 0x8, 0x8, 0x40, 0x40, 0x8, 0x8, 0x8, 0x8, 0x8,
    0x8, 0x8, 0x8, 0x8, 0x8, 0x8, 0x8, 0x8, 0x8, 0x8,
    0x8, 0x8, 0x8, 0x8, 0x8, 0x8, 0x8, 0x40, 0x8, 0x8,
    0x8, 0x8, 0x8, 0x8, 0x8, 0x40, 0x8, 0x40, 0x40, 0x40,
    0x8, 0x8, 0x8, 0x8, 0x40, 0x40, 0x3308, 0x8, 0x3008, 0x3008,
    0x3008, 0x3308, 0x3308, 0x3308, 0x3308, 0x40, 0x40, 0x3008, 0x3008, 0x40,
    0x40, 0x3008, 0x3008, 0x3b08, 0x8, 0x40, 0x40, 0x40, 0x40, 0x40,
    0x40, 0x40, 0x40, 0x3008, 0x40, 0x40, 0x40, 0x40, 0x199, 0x1a1,
    0x40, 0x1a9, 0x8, 0x8, 0x3308, 0x3308, 0x40, 0x40, 0x8, 0x8,
    0x8, 0x8, 0x8, 0x8, 0x8, 0x8, 0x8, 0x8, 0x8, 0x8,
    0x18, 0x18, 0x18, 0x18, 0x18, 0x18, 0x18, 0x18, 0x18, 0x18,
    0x8, 0x18, 0x3308, 0x40, 0x40, 0x3308, 0x3308, 0x3008, 0x40, 0x8,
    0x8, 0x8, 0x8, 0x8, 0x8, 0x40, 0x40, 0x40, 0x40, 0x8,
    0x8, 0x40, 0x40, 0x8, 0x8, 0x8, 0x8, 0x8, 0x8, 0x8,
    0x8, 0x8, 0x8, 0x8, 0x8, 0x8, 0x8, 0x8, 0x8, 0x8,
    0x8, 0x8, 0x8, 0x8, 0x8, 0x40, 0x8, 0x8, 0x8, 0x8,
    0x8, 0x8, 0x8, 0x40, 0x8, 0x1b1, 0x40, 0x8, 0x1b9, 0x40,
    0x8, 0x8, 0x40, 0x40, 0x3308, 0x40, 0x3008, 0x3008, 0x3008, 0x3308,
    0x3308, 0x40, 0x40, 0x40, 0x40, 0x3308, 0x3308, 0x40, 0x40, 0x3308,
    0x3308, 0x3b08, 0x40, 0x40, 0x40, 0x3308, 0x40, 0x40, 0x40, 0x40,
    0x40, 0x40, 0x40, 0x1c1, 0x1c9, 0x1d1, 0x8, 0x40, 0x1d9, 0x40,
    0x40, 0x40, 0x40, 0x40, 0x40, 0x40, 0x8, 0x8, 0x8, 0x8,
    0x8, 0x8, 0x8, 0x8, 0x8, 0x8, 0x3308, 0x3308, 0x8, 0x8,
    0x8, 0x3308, 0x18, 0x40, 0x40, 0x40, 0x40, 0x40, 0x40, 0x40,
    0x40, 0x40, 0x40, 0x3308, 0x3308, 0x3008, 0x40, 0x8, 0x8, 0x8,
    0x8, 0x8, 0x8, 0x8, 0x8, 0x8, 0x40, 0x8, 0x8, 0x8,
    0x40, 0x8, 0x8, 0x8, 0x8, 0x8, 0x8, 0x8, 0x8, 0x8,
    0x8, 0x8, 0x8, 0x8, 0x8, 0x8, 0x8, 0x8, 0x8, 0x8,
    0x8, 0x8, 0x8, 0x40, 0x8, 0x8, 0x8, 0x8, 0x8, 0x8,
    0x8, 0x40, 0x8, 0x8, 0x40, 0x8, 0x8, 0x8, 0x8, 0x8,
    0x40, 0x40, 0x3308, 0x8, 0x3008, 0x3008, 0x3008, 0x3308, 0x3308, 0x3308,
    0x3308, 0x3308, 0x40, 0x3308, 0x3308, 0x3008, 0x40, 0x3008, 0x3008, 0x3b08,
    0x40, 0x40, 0x8, 0x40, 0x40, 0x40, 0x40, 0x40, 0x40, 0x40,
    0x40, 0x40, 0x40, 0x40, 0x40, 0x40, 0x40, 0x40, 0x8, 0x8,
    0x3308, 0x3308, 0x40, 0x40, 0x8, 0x8, 0x8, 0x8, 0x8, 0x8,
    0x8, 0x8, 0x8, 0x8, 0x18, 0x18, 0x40, 0x40, 0x40, 0x40,
    0x40, 0x40, 0x40, 0x8, 0x3308, 0x3308, 0x3308, 0x3308, 0x3308, 0x3308,
    0x40, 0x3308, 0x3008, 0x3008, 0x40, 0x8, 0x8, 0x8, 0x8, 0x8,
    0x8, 0x8, 0x8, 0x40, 0x40, 0x8, 0x8, 0x40, 0x40, 0x8,
    0x8, 0x8, 0x8, 0x8, 0x8, 0x8, 0x8, 0x8, 0x8, 0x8,
    0x8, 0x8, 0x8, 0x8, 0x8, 0x8, 0x8, 0x8, 0x8, 0x8,
    0x8, 0x40, 0x8, 0x8, 0x8, 0x8, 0x8, 0x8, 0x8, 0x40,
    0x8, 0x8, 0x40, 0x8, 0x8, 0x8, 0x8, 0x8, 0x40, 0x40,
    0x3308, 0x8, 0x3008, 0x3308, 0x3008, 0x3308, 0x3308, 0x3308, 0x3308, 0x40,
    0x40, 0x3008, 0x3008, 0x40, 0x40, 0x3008, 0x3008, 0x3b08, 0x40, 0x40,
    0x40, 0x40, 0x40, 0x40, 0x40, 0x3308, 0x3308, 0x3008, 0x40, 0x40,
    0x40, 0x40, 0x1e1, 0x1e9, 0x40, 0x8, 0x8, 0x8, 0x3308, 0x3308,
    0x40, 0x40, 0x8, 0x8, 0x8, 0x8, 0x8, 0x8, 0x8, 0x8,
    0x8, 0x8, 0x18, 0x8, 0x18, 0x18, 0x18, 0x18, 0x18, 0x18,
    0x40, 0x40, 0x40, 0x40, 0x40, 0x40, 0x40, 0x40, 0x40, 0x40,
    0x3308, 0x8, 0x40, 0x8, 0x8, 0x8, 0x8, 0x8, 0x8, 0x40,
    0x40, 0x40, 0x8, 0x8, 0x8, 0x40, 0x8, 0x8, 0x8, 0x8,
    0x40, 0x40, 0x40, 0x8, 0x8, 0x40, 0x8, 0x40, 0x8, 0x8,
    0x40, 0x40, 0x40, 0x8, 0x8, 0x40, 0x40, 0x40, 0x8, 0x8,
    0x8, 0x40, 0x40, 0x40, 0x8, 0x8, 0x8, 0x8, 0x8, 0x8,
    0x8, 0x8, 0x8, 0x8, 0x8, 0x8, 0x40, 0x40, 0x40, 0x40,
    0x3008, 0x3008, 0x3308, 0x3008, 0x3008, 0x3008, 0x3008, 0x40, 0x3308, 0x3308,
    0x3308, 0x40, 0x3308, 0x3308, 0x3308, 0x3b08, 0x40, 0x40, 0x40, 0x40,
    0x40, 0x40, 0x40, 0x3308, 0x3308, 0x40, 0x8, 0x8, 0x8, 0x40,
    0x8, 0x8, 0x40, 0x40, 0x8, 0x8, 0x3308, 0x3308, 0x40, 0x40,
    0x8, 0x8, 0x8, 0x8, 0x8, 0x8, 0x8, 0x8, 0x8, 0x8,
    0x40, 0x40, 0x40, 0x40, 0x40, 0x40, 0x40, 0x18, 0x18, 0x18,
    0x18, 0x18, 0x18, 0x18, 0x18, 0x18, 0x8, 0x3308, 0x3008, 0x3008,
    0x18, 0x8, 0x8, 0x8, 0x8, 0x8, 0x8, 0x8, 0x8, 0x40,
    0x8, 0x8, 0x8, 0x40, 0x8, 0x8, 0x8, 0x8, 0x8, 0x8,
    0x8, 0x8, 0x8, 0x8, 0x8, 0x8, 0x8, 0x8, 0x8, 0x8,
    0x8, 0x8, 0x8, 0x8, 0x8, 0x8, 0x8, 0x40, 0x8, 0x8,
    0x8, 0x8, 0x8, 0x8, 0x8, 0x8, 0x8, 0x8, 0x40, 0x8,
    0x8, 0x8, 0x8, 0x8, 0x40, 0x40, 0x3308, 0x8, 0x3008, 0x3308,
    0x3008, 0x3008, 0x3008, 0x3008, 0x3008, 0x40, 0x3308, 0x3008, 0x3008, 0x40,
    0x3008, 0x3008, 0x3308, 0x3b08, 0x40, 0x40, 0x40, 0x40, 0x40, 0x40,
    0x40, 0x3008, 0x3008, 0x40, 0x40, 0x40, 0x40, 0x40, 0x8, 0x8,
    0x8, 0x40, 0x8, 0x8, 0x3308, 0x3308, 0x40, 0x40, 0x8, 0x8,
    0x8, 0x8, 0x8, 0x8, 0x8, 0x8, 0x8, 0x8, 0x40, 0x8,
    0x8, 0x3008, 0x40, 0x40, 0x40, 0x40, 0x40, 0x40, 0x40, 0x40,
    0x40, 0x40, 0x40, 0x40, 0x3008, 0x3308, 0x3308, 0x3308, 0x3308, 0x40,
    0x3008, 0x3008, 0x3008, 0x40, 0x3008, 0x3008, 0x3008, 0x3b08, 0x8, 0x18,
    0x40, 0x40, 0x40, 0x40, 0x8, 0x8, 0x8, 0x3008, 0x18, 0x18,
    0x18, 0x18, 0x18, 0x18, 0x18, 0x8, 0x8, 0x8, 0x3308, 0x3308,
    0x40, 0x40, 0x8, 0x8, 0x8, 0x8, 0x8, 0x8, 0x8, 0x8,
    0x8, 0x8, 0x18, 0x18, 0x18, 0x18, 0x18, 0x18, 0x18, 0x18,
    0x18, 0x18, 0x8, 0x8, 0x8, 0x8, 0x8, 0x8, 0x40, 0x8,
    0x8, 0x40, 0x8, 0x40, 0x8, 0x8, 0x8, 0x8, 0x8, 0x40,
    0x8, 0x8, 0x8, 0x8, 0x8, 0x8, 0x8, 0x8, 0x8, 0x8,
    0x8, 0x8, 0x8, 0x8, 0x8, 0x8, 0x8, 0x8, 0x8, 0x8,
    0x8, 0x8, 0x8, 0x8, 0x40, 0x8, 0x40, 0x8, 0x8, 0x8,
    0x8, 0x8, 0x8, 0x8, 0x8, 0x8, 0x8, 0x3308, 0x8, 0x1f9,
    0x3308, 0x3308, 0x3308, 0x3308, 0x3308, 0x3308, 0x3b08, 0x3308, 0x3308, 0x8,
    0x40, 0x40, 0x8, 0x8, 0x8, 0x211, 0x8, 0x8, 0x8, 0x8,
    0x40, 0x8, 0x8, 0x8, 0x8, 0x219, 0x8, 0x8, 0x8, 0x8,
    0x221, 0x8, 0x8, 0x8, 0x8, 0x229, 0x8, 0x8, 0x8, 0x8,
    0x231, 0x8, 0x8, 0x8, 0x8, 0x8, 0x8, 0x8, 0x8, 0x8,
    0x8, 0x8, 0x8, 0x239, 0x8, 0x8, 0x8, 0x40, 0x40, 0x40,
    0x40, 0x3308, 0x3308, 0x241, 0x3308, 0x249, 0x251, 0x259, 0x261, 0x269,
    0x3308, 0x3308, 0x3308, 0x3308, 0x3308, 0x3008, 0x3308, 0x271, 0x3308, 0x3308,
    0x3b08, 0x18, 0x3308, 0x3308, 0x8, 0x8, 0x8, 0x8, 0x8, 0x3308,
    0x3308, 0x3308, 0x3308, 0x3308, 0x3308, 0x279, 0x3308, 0x3308, 0x3308, 0x3308,
    0x40, 0x3308, 0x3308, 0x3308, 0x3308, 0x281, 0x3308, 0x3308, 0x3308, 0x3308,
    0x289, 0x3308, 0x3308, 0x3308, 0x3308, 0x291, 0x3308, 0x3308, 0x3308, 0x3308,
    0x299, 0x3308, 0x3308, 0x3308, 0x3308, 0x3308, 0x3308, 0x3308, 0x3308, 0x3308,
    0x3308, 0x3308, 0x3308, 0x2a1, 0x3308, 0x3308, 0x3308, 0x40, 0x18, 0x18,
    0x8, 0x8, 0x8, 0x8, 0x8, 0x8, 0x8, 0x8, 0x8, 0x8,
    0x8, 0x8, 0x8, 0x8, 0x8, 0x8, 0x8, 0x8, 0x8, 0x8,
    0x8, 0x8, 0x8, 0x8, 0x8, 0x8, 0x8, 0x8, 0x8, 0x8,
    0x8, 0x8, 0x8, 0x8, 0x8, 0x8, 0x8, 0x8, 0x8, 0x8,
    0x8, 0x8, 0x8, 0x8, 0x19, 0x2e1, 0x2e9, 0x8, 0x2f1, 0x2f9,
    0x301, 0x309, 0xa9, 0x311, 0xb1, 0x319, 0x101, 0x321, 0x329, 0x8,
    0x51, 0x331, 0x339, 0xb9, 0x341, 0x349, 0xc1, 0x19, 0x351, 0x359,
    0x5d5, 0x2e9, 0x2f1, 0x2f9, 0x361, 0x369, 0x371, 0x309, 0x8, 0x319,
    0x321, 0x379, 0x51, 0x381, 0x5ed, 0x5ed, 0x339, 0x341, 0x349, 0x5d5,
    0x389, 0x391, 0x605, 0x399, 0x3a1, 0x3a9, 0x3b1, 0x3b9, 0x311, 0xb9,
    0x349, 0x391, 0x399, 0x3a1, 0x3c1, 0x3b1, 0x3b9, 0x8, 0x8, 0x8,
    0x8, 0x8, 0x8, 0x8, 0x8, 0x8, 0x8, 0x8, 0x8, 0x8,
    0x3c9, 0x8, 0x8, 0x8, 0x8, 0x8, 0x8, 0x8, 0x8, 0x8,
    0x8, 0x8, 0x8, 0x8, 0x8, 0x8, 0x8, 0x8, 0x8, 0x8,
    0x8, 0x8, 0x8, 0x8, 0x8, 0x8, 0x8, 0x8, 0x8, 0x8,
    0x8, 0x8, 0x8, 0x8, 0x8, 0x3d1, 0x3d9, 0x3e1, 0x3e9, 0x371,
    0x3f1, 0x3f9, 0x401, 0x409, 0x411, 0x419, 0x421, 0x61d, 0x429, 0x431,
    0xe17d, 0x439, 0x441, 0x449, 0x451, 0x459, 0x461, 0x469, 0x471, 0x479,
    0x481, 0x489, 0x491, 0x499, 0x635, 0x4a1, 0x4a9, 0x4b1, 0x4b9, 0x4c1,
    0x4c9, 0x4d1, 0xe00d, 0x8, 0xe00d, 0x8, 0xe00d, 0x8, 0xe00d, 0x8,
    0xe00d, 0x8, 0xe00d, 0x8, 0xe00d, 0x8, 0xe00d, 0x8, 0xe00d, 0x8,
    0xe00d, 0x8, 0xe00d, 0x8, 0xe00d, 0x8, 0xe00d, 0x8, 0xe00d, 0x8,
    0xe00d, 0x8, 0xe00d, 0x8, 0xe00d, 0x8, 0xe00d, 0x8, 0xe00d, 0x8,
    0xe00d, 0x8, 0xe00d, 0x8, 0xe00d, 0x8, 0xe00d, 0x8, 0xe00d, 0x8,
    0xe00d, 0x8, 0xe00d, 0x8, 0xe00d, 0x8, 0xe00d, 0x8, 0xe00d, 0x8,
    0xe00d, 0x8, 0xe00d, 0x8, 0xe00d, 0x8, 0xe00d, 0x8, 0xe00d, 0x8,
    0xe00d, 0x8, 0xe00d, 0x8, 0xe00d, 0x8, 0xe00d, 0x8, 0xe00d, 0x8,
    0xe00d, 0x8, 0xe00d, 0x8, 0xe00d, 0x8, 0xe00d, 0x8, 0x8, 0x8,
    0x8, 0x8, 0x64d, 0x66d, 0x8, 0x8, 0x4d9, 0x8, 0xe00d, 0x8,
    0xe00d, 0x8, 0xe00d, 0x8, 0xe00d, 0x8, 0xe00d, 0x8, 0xe00d, 0x8,
    0xe00d, 0x8, 0xe00d, 0x8, 0xe00d, 0x8, 0xe00d, 0x8, 0xe00d, 0x8,
    0xe00d, 0x8, 0xe00d, 0x8, 0xe00d, 0x8, 0xe00d, 0x8, 0xe00d, 0x8,
    0x8, 0x8, 0x8, 0x8, 0x8, 0x8, 0x40, 0x40, 0xe045, 0xe045,
    0xe045, 0xe045, 0xe045, 0xe045, 0x40, 0x40, 0x8, 0x8, 0x8, 0x8,
    0x8, 0x8, 0x8, 0x8, 0x40, 0xe045, 0x40, 0xe045, 0x40, 0xe045,
    0x40, 0xe045, 0x8, 0x8, 0x8, 0x8, 0x8, 0x8, 0x8, 0x8,
    0xe045, 0xe045, 0xe045, 0xe045, 0xe045, 0xe045, 0xe045, 0xe045, 0x8, 0x4e1,
    0x8, 0x4e9, 0x8, 0x4f1, 0x8, 0x4f9, 0x8, 0x501, 0x8, 0x509,
    0x8, 0x511, 0x40, 0x40, 0x519, 0x521, 0x529, 0x531, 0x539, 0x541,
    0x549, 0x551, 0x519, 0x521, 0x529, 0x531, 0x539, 0x541, 0x549, 0x551,
    0x559, 0x561, 0x569, 0x571, 0x579, 0x581, 0x589, 0x591, 0x559, 0x561,
    0x569, 0x571, 0x579, 0x581, 0x589, 0x591, 0x599, 0x5a1, 0x5a9, 0x5b1,
    0x5b9, 0x5c1, 0x5c9, 0x5d1, 0x599, 0x5a1, 0x5a9, 0x5b1, 0x5b9, 0x5c1,
    0x5c9, 0x5d1, 0x8, 0x8, 0x5d9, 0x5e1, 0x5e9, 0x40, 0x8, 0x5f1,
    0xe045, 0xe045, 0x685, 0x4e1, 0x5e1, 0x69d, 0x5f9, 0x6bd, 0x6dd, 0x601,
    0x609, 0x611, 0x619, 0x40, 0x8, 0x621, 0x6fd, 0x4e9, 0x715, 0x4f1,
    0x611, 0x629, 0x631, 0x639, 0x8, 0x8, 0x8, 0x641, 0x40, 0x40,
    0x8, 0x8, 0xe045, 0xe045, 0x72d, 0x4f9, 0x40, 0x649, 0x651, 0x659,
    0x8, 0x8, 0x8, 0x661, 0x8, 0x8, 0x8, 0x8, 0xe045, 0xe045,
    0x745, 0x509, 0xe04d, 0x669, 0x129, 0x671, 0x40, 0x40, 0x679, 0x681,
    0x689, 0x40, 0x8, 0x691, 0x75d, 0x501, 0x515, 0x511, 0x681, 0x775,
    0x795, 0x40, 0x9, 0x9, 0x9, 0x9, 0x9, 0x9, 0x9, 0x9,
    0x9, 0x9, 0x9, 0x3c0, 0x3, 0x3, 0x340, 0xb40, 0x18, 0xe00d,
    0x18, 0x18, 0x18, 0x18, 0x18, 0x7b5, 0x18, 0x18, 0x18, 0x18,
    0x18, 0x18, 0x18, 0x18, 0x18, 0x18, 0x18, 0x18, 0x40, 0x40,
    0x40, 0x18, 0x40, 0x40, 0x340, 0x340, 0x340, 0x340, 0x340, 0x9,
    0x18, 0x18, 0x18, 0x699, 0x6a1, 0x18, 0x6a9, 0x6b1, 0x18, 0x18,
    0x18, 0x18, 0x6b9, 0x18, 0x7d5, 0x18, 0x18, 0x18, 0x18, 0x18,
    0x18, 0x18, 0x18, 0x6c1, 0x6c9, 0x6d1, 0x18, 0x18, 0x18, 0x18,
    0x18, 0x18, 0x18, 0x18, 0x18, 0x18, 0x18, 0x18, 0x18, 0x6d9,
    0x18, 0x18, 0x18, 0x18, 0x18, 0x18, 0x18, 0x9, 0x3c0, 0x3c0,
    0x3c0, 0x3c0, 0x3c0, 0x40, 0x40, 0x40, 0x40, 0x40, 0x3c0, 0x3c0,
    0x3c0, 0x3c0, 0x3c0, 0x3c0, 0x6e1, 0x311, 0x40, 0x40, 0x6e9, 0x6f1,
    0x6f9, 0x701, 0x709, 0x711, 0x719, 0x7f5, 0x721, 0x729, 0x731, 0x329,
    0x6e1, 0x49, 0x29, 0x31, 0x6e9, 0x6f1, 0x6f9, 0x701, 0x709, 0x711,
    0x719, 0x80d, 0x721, 0x729, 0x731, 0x40, 0x19, 0x2f9, 0x51, 0x109,
    0x361, 0xa9, 0x319, 0x101, 0x321, 0x329, 0x339, 0x89, 0x341, 0x40,
    0x40, 0x40, 0x18, 0x18, 0x18, 0x18, 0x18, 0x18, 0x18, 0x18,
    0x739, 0x18, 0x18, 0x18, 0x18, 0x18, 0x18, 0x18, 0x18, 0x18,
    0x18, 0x18, 0x18, 0x18, 0x18, 0x18, 0x18, 0x18, 0x18, 0x18,
    0x18, 0x18, 0x18, 0x18, 0x825, 0x845, 0x3d9, 0x865, 0x18, 0x885,
    0x8a5, 0x369, 0x18, 0x8c5, 0x309, 0xa9, 0xa9, 0xa9, 0xa9, 0x741,
    0x311, 0x311, 0x101, 0x101, 0x18, 0x329, 0x749, 0x18, 0x18, 0x339,
    0x751, 0xb9, 0xb9, 0xb9, 0x18, 0x18, 0x759, 0x8e5, 0x761, 0x18,
    0x4b1, 0x18, 0x769, 0x18, 0x4b1, 0x18, 0x319, 0x771, 0x2e9, 0x3d9,
    0x18, 0x2f9, 0x2f9, 0x3f1, 0x905, 0x321, 0x51, 0x779, 0x781, 0x789,
    0x791, 0x311, 0x18, 0x91d, 0x799, 0x3a1, 0x3a1, 0x799, 0x93d, 0x18,
    0x18, 0x18, 0x18, 0x2f1, 0x2f1, 0x2f9, 0x311, 0xb1, 0x18, 0x18,
    0x18, 0x18, 0x8, 0x18, 0x7a1, 0x7a9, 0x7b1, 0x7b9, 0x7c1, 0x7c9,
    0x7d1, 0x7d9, 0x7e1, 0x7e9, 0x7f1, 0x7f9, 0x801, 0x809, 0x811, 0x819,
    0x311, 0x821, 0x955, 0x829, 0x391, 0x831, 0x975, 0x839, 0x841, 0x109,
    0x849, 0x995, 0x101, 0x3d9, 0x2f1, 0x321, 0x311, 0x821, 0x9b5, 0x829,
    0x391, 0x831, 0x9d5, 0x839, 0x841, 0x109, 0x849, 0x9f5, 0x101, 0x3d9,
    0x2f1, 0x321, 0x18, 0x18, 0x18, 0x18, 0x18, 0x18, 0x18, 0x18,
    0x18, 0x18, 0x18, 0x40, 0x40, 0x40, 0x40, 0x40, 0x40, 0x40,
    0x40, 0x40, 0x40, 0x40, 0x40, 0x40, 0x40, 0x40, 0x40, 0x40,
    0x40, 0x40, 0x40, 0x40, 0x49, 0x29, 0x31, 0x6e9, 0x6f1, 0x6f9,
    0x701, 0x709, 0x711, 0x879, 0x881, 0x889, 0x891, 0x899, 0x8a1, 0x8a9,
    0x8b1, 0x8b9, 0x8c1, 0x8c9, 0xa55, 0xa75, 0xa95, 0xab5, 0xad5, 0xaf5,
    0xb15, 0xb35, 0xb55, 0x8d1, 0x8d9, 0x8e1, 0x8e9, 0x8f1, 0x8f9, 0x901,
    0x909, 0x911, 0x919, 0x921, 0x40, 0x40, 0x40, 0x40, 0x40, 0x40,
    0x40, 0x40, 0x40, 0x40, 0x40, 0x40, 0x40, 0x40, 0x40, 0x40,
    0x40, 0x40, 0x40, 0x40, 0xb75, 0xb95, 0xbb5, 0xbd5, 0xbf5, 0xc15,
    0xc35, 0xc55, 0xc75, 0xc95, 0xcb5, 0xcd5, 0xcf5, 0xd15, 0xd35, 0xd55,
    0xd75, 0xd95, 0xdb5, 0xdd5, 0xdf5, 0xe15, 0xe35, 0xe55, 0xe75, 0xe95,
    0x19, 0x2e9, 0x3d9, 0x2f1, 0x2f9, 0x3f1, 0x309, 0xa9, 0x311, 0xb1,
    0x319, 0x101, 0x321, 0x329, 0x51, 0x339, 0x751, 0xb9, 0x89, 0x341,
    0x349, 0x391, 0xc1, 0x109, 0xc9, 0x4b1, 0x19, 0x2e9, 0x3d9, 0x2f1,
    0x2f9, 0x3f1, 0x309, 0xa9, 0x311, 0xb1, 0x319, 0x101, 0x321, 0x329,
    0x51, 0x339, 0x751, 0xb9, 0x89, 0x341, 0x349, 0x391, 0xc1, 0x109,
    0xc9, 0x4b1, 0x6e1, 0x18, 0x18, 0x18, 0x18, 0x18, 0x18, 0x18,
    0x18, 0x18, 0x18, 0x18, 0x18, 0x18, 0x18, 0x18, 0x18, 0x18,
    0x18, 0x18, 0x18, 0x18, 0x8, 0x8, 0x8, 0x8, 0x8, 0x8,
    0x8, 0x8, 0x8, 0x8, 0x8, 0x8, 0x8, 0x8, 0x8, 0x8,
    0x8, 0x8, 0x8, 0x8, 0x8, 0x8, 0x8, 0x8, 0x8, 0x8,
    0x8, 0x8, 0x8, 0x8, 0x8, 0x8, 0xe00d, 0x8, 0x941, 0xf0d,
    0x949, 0x8, 0x8, 0xe07d, 0x8, 0xe01d, 0x8, 0xe03d, 0x8, 0x359,
    0x441, 0x351, 0x3d1, 0x8, 0xe00d, 0x8, 0x8, 0xe01d, 0x8, 0x8,
    0x8, 0x8, 0x8, 0x8, 0xb1, 0x391, 0x951, 0x959, 0xe00d, 0x8,
    0xe00d, 0x8, 0xe00d, 0x8, 0xe00d, 0x8, 0xe00d, 0x8, 0xe00d, 0x8,
    0xe00d, 0x8, 0xe00d, 0x8, 0xe00d, 0x8, 0xe00d, 0x8, 0xe00d, 0x8,
    0xe00d, 0x8, 0xe00d, 0x8, 0xe00d, 0x8, 0xe00d, 0x8, 0xe00d, 0x8,
    0xe00d, 0x8, 0xe00d, 0x8, 0x8, 0x18, 0x18, 0x18, 0x18, 0x18,
    0x18, 0xe03d, 0x8, 0xe01d, 0x8, 0x3308, 0x3308, 0x3308, 0xe00d, 0x8,
    0x40, 0x40, 0x40, 0x40, 0x40, 0x18, 0x18, 0x18, 0x18, 0x18,
    0x18, 0x18, 0x274d, 0x276d, 0x278d, 0x27ad, 0x27cd, 0x27ed, 0x280d, 0x282d,
    0x284d, 0x286d, 0x288d, 0x28ad, 0x28cd, 0x28ed, 0x290d, 0x292d, 0x294d, 0x296d,
    0x298d, 0x29ad, 0x29cd, 0x29ed, 0x40, 0x40, 0x40, 0x40, 0x40, 0x40,
    0x40, 0x40, 0x40, 0x40, 0x40, 0x40, 0x40, 0x40, 0x40, 0x40,
    0x40, 0x40, 0x40, 0x40, 0x40, 0x40, 0x40, 0x40, 0x40, 0x40,
    0x40, 0x40, 0x40, 0x40, 0x40, 0x40, 0x40, 0x40, 0x40, 0x40,
    0x40, 0x40, 0x40, 0x40, 0x40, 0x40, 0x9, 0x18, 0x961, 0x18,
    0x18, 0x8, 0x8, 0x8, 0x18, 0x18, 0x18, 0x18, 0x18, 0x18,
    0x18, 0x18, 0x18, 0x18, 0x18, 0x18, 0x18, 0x18, 0x18, 0x18,
    0x18, 0x18, 0x18, 0x18, 0x18, 0x18, 0x18, 0x18, 0x18, 0x18,
    0x18, 0x18, 0x18, 0x18, 0x18, 0x18, 0x18, 0x18, 0x3308, 0x3308,
    0x3308, 0x3308, 0x3018, 0x3018, 0x18, 0x18, 0x18, 0x18, 0x18, 0x18,
    0xe125, 0x18, 0x2a0d, 0x2a2d, 0x2a4d, 0x18, 0x8, 0x18, 0x18, 0x18,
    0x2b8d, 0x2bad, 0x2bcd, 0x2bed, 0x2c0d, 0x2c2d, 0x2c2d, 0x2c2d, 0x2c4d, 0x2c4d,
    0x2c4d, 0x2c4d, 0x2c6d, 0x2c6d, 0x2c6d, 0x2c8d, 0x2cad, 0x2cad, 0x2acd, 0x2acd,
    0x2cad, 0x2cad, 0x2ccd, 0x2ccd, 0x2cad, 0x2cad, 0x2acd, 0x2acd, 0x2cad, 0x2cad,
    0x2c8d, 0x2c8d, 0x2ced, 0x2ced, 0x2d0d, 0x2d0d, 0xc0, 0x2d2d, 0x2d4d, 0x2d6d,
    0x2d6d, 0x2d8d, 0x2dad, 0x2dcd, 0x2ded, 0x2e0d, 0x2e2d, 0x2e4d, 0x2e6d, 0x2e8d,
    0x2e8d, 0x2ead, 0x2ecd, 0x2ecd, 0x2eed, 0x2f0d, 0x2ead, 0x2f2d, 0x2f4d, 0x2f2d,
    0x2ead, 0x2f6d, 0x2f8d, 0x2fad, 0x2fcd, 0x2fed, 0x2d4d, 0x2d2d, 0x300d, 0x302d,
    0x304d, 0x306d, 0x308d, 0x30ad, 0x30cd, 0x30ed, 0x310d, 0x312d, 0x314d, 0x40,
    0x18, 0x18, 0x316d, 0x318d, 0x31ad, 0x31cd, 0x31ed, 0x320d, 0x322d, 0x324d,
    0x326d, 0x328d, 0x31ad, 0x32ad, 0x32cd, 0x32ed, 0x8, 0x8, 0x8, 0x8,
    0x8, 0x8, 0x8, 0x8, 0x8, 0x8, 0x8, 0x8, 0x8, 0x8,
    0x8, 0x8, 0x8, 0x8, 0x8, 0x8, 0x8, 0x8, 0x8, 0x8,
    0x8, 0x8, 0x8, 0x8, 0x8, 0x8, 0x8, 0x8, 0xb81, 0xb89,
    0xb91, 0xb99, 0x330d, 0x332d, 0x334d, 0x336d, 0x18, 0x18, 0x18, 0x18,
    0x18, 0x18, 0x18, 0x18, 0x338d, 0xba1, 0xba9, 0xbb1, 0xbb9, 0xbc1,
    0xbc9, 0xbd1, 0xbd9, 0xbe1, 0xbe9, 0xbf1, 0xbf9, 0xc01, 0xc09, 0xc11,
    0x33ad, 0x33cd, 0x33ed, 0x340d, 0x342d, 0x342d, 0x344d, 0x346d, 0x348d, 0x34ad,
    0x34cd, 0x34ed, 0x350d, 0x352d, 0x354d, 0x356d, 0x358d, 0x35ad, 0x35cd, 0x35ed,
    0x360d, 0x362d, 0x364d, 0x366d, 0x368d, 0x36ad, 0x36cd, 0x36ed, 0xc19, 0xc21,
    0x370d, 0x18, 0x372d, 0x374d, 0x376d, 0x378d, 0x37ad, 0x37cd, 0x37ed, 0x380d,
    0x382d, 0x384d, 0x386d, 0x388d, 0x38ad, 0x38cd, 0x38ed, 0x390d, 0x392d, 0x394d,
    0x396d, 0x398d, 0x39ad, 0x39cd, 0x39ed, 0x3a0d, 0x3a2d, 0x3a4d, 0x3a6d, 0x3a8d,
    0x3aad, 0x3acd, 0x3aed, 0x3b0d, 0x3b2d, 0x3b4d, 0x3b6d, 0x3b8d, 0x3bad, 0x3bcd,
    0x12cd, 0x3bed, 0x3c0d, 0x3c2d, 0x3c4d, 0x3c6d, 0x3c8d, 0x3cad, 0x23ed, 0x3ccd,
    0x3ced, 0xc29, 0xc31, 0xc39, 0xc41, 0xc49, 0xc51, 0xc59, 0xc61, 0xc69,
    0xc71, 0xc79, 0xc81, 0xc89, 0xc91, 0xc99, 0xca1, 0xca9, 0xcb1, 0xcb9,
    0xcc1, 0xcc9, 0xcd1, 0xcd9, 0xce1, 0xce9, 0xcf1, 0xcf9, 0xd01, 0x3d0d,
    0xd09, 0x3d2d, 0x3d4d, 0x3d65, 0x3d7d, 0x3d95, 0x3dad, 0x3dad, 0x3d95, 0x3dc5,
    0x7f5, 0x3ddd, 0x3df5, 0x3e0d, 0x3e25, 0x3e3d, 0x3e55, 0x3e6d, 0x3e85, 0x3e9d,
    0x3eb5, 0x3ecd, 0x3ee5, 0x3ee5, 0x3efd, 0x3efd, 0x3f15, 0x3f15, 0x3f2d, 0x3f45,
    0x3f5d, 0x3f75, 0x3f8d, 0x3f8d, 0x3fa5, 0x3fa5, 0x3fa5, 0x3fbd, 0x3fd5, 0x3fed,
    0x4005, 0x3fed, 0x401d, 0x4035, 0x3fbd, 0x404d, 0x4065, 0x4065, 0x4065, 0xd11,
    0x10f9, 0x1101, 0x40dd, 0x1109, 0x1111, 0x1119, 0x1121, 0x1129, 0x40fd, 0x1131,
    0x1139, 0x1141, 0x411d, 0x411d, 0x1149, 0x1151, 0x1159, 0x413d, 0x415d, 0x417d,
    0x419d, 0x41bd, 0x1161, 0x1169, 0x1171, 0x1179, 0x1181, 0x41dd, 0x1189, 0x1191,
    0x1199, 0x41fd, 0x421d, 0x11a1, 0x423d, 0x425d, 0x427d, 0x11a9, 0x429d, 0x11b1,
    0x11b9, 0x10f9, 0x42bd, 0x42dd, 0x42fd, 0x431d, 0x11c1, 0x11c9, 0x11d1, 0x11d9,
    0x433d, 0x11e1, 0x11e9, 0x11f1, 0x435d, 0x11f9, 0x1201, 0x11f9, 0x1209, 0x1211,
    0x437d, 0x1219, 0x1221, 0x1219, 0x439d, 0x43bd, 0x40, 0x1229, 0x1231, 0x1239,
    0x1241, 0x40, 0x1249, 0x1251, 0x1259, 0x1261, 0x1269, 0x1271, 0x1199, 0x1279,
    0x1281, 0x1289, 0x43dd, 0x1291, 0x1121, 0x43fd, 0x441d, 0x1299, 0x40, 0x443d,
    0x12a1, 0x12a9, 0x12b1, 0x12b9, 0x12c1, 0x12c9, 0x12d1, 0x12d9, 0x12e1, 0x12e9,
    0x12f1, 0x12f9, 0x1301, 0x1309, 0x1311, 0x1319, 0x1321, 0x1329, 0x1331, 0x1339,
    0x1341, 0x1349, 0x1351, 0x1359, 0x1361, 0x1369, 0x1371, 0x1379, 0x1381, 0x1389,
    0x1391, 0x1399, 0x13a1, 0x13a9, 0x13b1, 0x13b9, 0x13c1, 0x445d, 0xe00d, 0x8,
    0xe00d, 0x8, 0xe00d, 0x8, 0xe00d, 0x8, 0xe00d, 0x8, 0xe00d, 0x8,
    0xe00d, 0x8, 0xe00d, 0x8, 0xe00d, 0x8, 0xe00d, 0x8, 0xe00d, 0x8,
    0xe00d, 0x8, 0xe00d, 0x8, 0xe00d, 0x8, 0xe00d, 0x8, 0xe00d, 0x8,
    0xe00d, 0x8, 0xe00d, 0x8, 0xe00d, 0x8, 0xe00d, 0x8, 0xe00d, 0x8,
    0xe00d, 0x8, 0xe00d, 0x8, 0x8, 0x3308, 0x3318, 0x3318, 0x3318, 0x18,
    0x3308, 0x3308, 0x3308, 0x3308, 0x3308, 0x3308, 0x3308, 0x3308, 0x3308, 0x3308,
    0x18, 0x8, 0xe00d, 0x8, 0xe00d, 0x8, 0xe00d, 0x8, 0xe00d, 0x8,
    0xe00d, 0x8, 0xe00d, 0x8, 0xe00d, 0x8, 0xe00d, 0x8, 0xe00d, 0x8,
    0xe00d, 0x8, 0xe00d, 0x8, 0xe00d, 0x8, 0xe00d, 0x8, 0xe00d, 0x8,
    0x2d1, 0x13c9, 0x3308, 0x3308, 0x8, 0x8, 0x8, 0x8, 0x8, 0x8,
    0x8, 0x8, 0x8, 0x8, 0x8, 0x8, 0x8, 0x8, 0x8, 0x8,
    0x8, 0x8, 0x8, 0x8, 0x8, 0x8, 0x8, 0x8, 0x8, 0x8,
    0x8, 0x8, 0x8, 0x8, 0x8, 0x8, 0x18, 0x18, 0x18, 0x18,
    0x18, 0x18, 0x18, 0x18, 0x18, 0x18, 0x18, 0x18, 0x18, 0x18,
    0x18, 0x18, 0x18, 0x18, 0x18, 0x18, 0x18, 0x18, 0x18, 0x8,
    0x8, 0x8, 0x8, 0x8, 0x8, 0x8, 0x8, 0x8, 0x18, 0x18,
    0xe00d, 0x8, 0xe00d, 0x8, 0xe00d, 0x8, 0xe00d, 0x8, 0xe00d, 0x8,
    0xe00d, 0x8, 0xe00d, 0x8, 0x8, 0x8, 0xe00d, 0x8, 0xe00d, 0x8,
    0xe00d, 0x8, 0xe00d, 0x8, 0xe00d, 0x8, 0xe00d, 0x8, 0xe00d, 0x8,
    0xe00d, 0x8, 0xe00d, 0x8, 0xe00d, 0x8, 0xe00d, 0x8, 0xe00d, 0x8,
    0xe00d, 0x8, 0xe00d, 0x8, 0xe00d, 0x8, 0xe00d, 0x8, 0xe00d, 0x8,
    0xe00d, 0x8, 0xe00d, 0x8, 0xe00d, 0x8, 0xe00d, 0x8, 0xe00d, 0x8,
    0xe00d, 0x8, 0xe00d, 0x8, 0xe00d, 0x8, 0xe00d, 0x8, 0xe00d, 0x8,
    0xe00d, 0x8, 0xe00d, 0x8, 0xe00d, 0x8, 0xe00d, 0x8, 0xe0fd, 0x8,
    0x8, 0x8, 0x8, 0x8, 0x8, 0x8, 0x8, 0xe01d, 0x8, 0xe03d,
    0x8, 0x447d, 0xe00d, 0x8, 0xe00d, 0x8, 0xe00d, 0x8, 0xe00d, 0x8,
    0xe00d, 0x8, 0x8, 0x18, 0x18, 0xe03d, 0x8, 0x409, 0x8, 0x8,
    0xe00d, 0x8, 0xe00d, 0x8, 0x8, 0x8, 0xe00d, 0x8, 0xe00d, 0x8,
    0xe00d, 0x8, 0xe00d, 0x8, 0xe00d, 0x8, 0xe00d, 0x8, 0xe00d, 0x8,
    0xe00d, 0x8, 0xe00d, 0x8, 0xe00d, 0x8, 0x13d1, 0x371, 0x401, 0x13d9,
    0x421, 0x8, 0x13e1, 0x13e9, 0x429, 0x449d, 0xe00d, 0x8, 0xe00d, 0x8,
    0xe00d, 0x8, 0xe00d, 0x8, 0xe00d, 0x8, 0xe00d, 0x8, 0xe00d, 0x8,
    0xe00d, 0x8, 0x3f5, 0x479, 0x44b5, 0xe07d, 0x8, 0xe01d, 0x8, 0x13f1,
    0xe00d, 0x8, 0xe00d, 0x8, 0xe00d, 0x8, 0xe00d, 0x8, 0xe00d, 0x8,
    0xe00d, 0x8, 0xe00d, 0x8, 0xe00d, 0x8, 0x13f9, 0x40, 0x40, 0x40,
    0x40, 0x40, 0x40, 0x40, 0x40, 0x40, 0x40, 0x40, 0x40, 0x40,
    0x40, 0x40, 0x40, 0x40, 0x40, 0x40, 0x40, 0x89, 0x3d9, 0x3f1,
    0x751, 0xe01d, 0x8, 0x8, 0x741, 0x1401, 0x8, 0x8, 0x8, 0x8,
    0x8, 0x8, 0x6545, 0x6565, 0x6585, 0x65a5, 0x65c5, 0x65e5, 0x6605, 0x6625,
    0x6645, 0x6665, 0x6685, 0x66a5, 0x66c5, 0x66e5, 0x8, 0x8, 0x6705, 0x8,
    0x6725, 0x8, 0x8, 0x6745, 0x6765, 0x6785, 0x67a5, 0x67c5, 0x67e5, 0x6805,
    0x6825, 0x6845, 0x6865, 0x8, 0x6885, 0x8, 0x68a5, 0x8, 0x8, 0x68c5,
    0x68e5, 0x8, 0x8, 0x8, 0x6905, 0x6925, 0x6945, 0x6965, 0x6985, 0x69a5,
    0x69c5, 0x69e5, 0x6a05, 0x6a25, 0x6a45, 0x6a65, 0x6a85, 0x6aa5, 0x6ac5, 0x6ae5,
    0x6b05, 0x6b25, 0x6b45, 0x6b65, 0x6b85, 0x6ba5, 0x7b05, 0x7b25, 0x7b45, 0x7b65,
    0x7b85, 0x7ba5, 0x7bc5, 0x7be5, 0x7c05, 0x7c25, 0x7c45, 0x7c65, 0x7c85, 0x7ca5,
    0x7cc5, 0x1419, 0x1421, 0x1429, 0x7ce5, 0x7d05, 0x7d25, 0x1431, 0x1439, 0x1441,
    0x7d45, 0x7d65, 0x40, 0x40, 0x40, 0x40, 0x40, 0x40, 0x40, 0x40,
    0x40, 0x40, 0x40, 0x40, 0x40, 0x40, 0x40, 0x40, 0x40, 0x40,
    0x40, 0x40, 0x40, 0x40, 0x40, 0x40, 0x40, 0x40, 0x40, 0x40,
    0x40, 0x40, 0x40, 0x40, 0x40, 0x40, 0x40, 0x40, 0x40, 0x40,
    0x1449, 0x1451, 0x1459, 0x7d85, 0x7da5, 0x1461, 0x1461, 0x40, 0x40, 0x40,
    0x40, 0x40, 0x40, 0x40, 0x40, 0x40, 0x40, 0x40, 0x40, 0x1469,
    0x1471, 0x1479, 0x1481, 0x1489, 0x40, 0x40, 0x40, 0x40, 0x40, 0x1491,
    0x3308, 0x1499, 0x14a1, 0x779, 0x791, 0x14a9, 0x14b1, 0x14b9, 0x14c1, 0x14c9,
    0x14d1, 0x719, 0x14d9, 0x14e1, 0x14e9, 0x14f1, 0x14f9, 0x1501, 0x1509, 0x1511,
    0x1519, 0x1521, 0x1529, 0x1531, 0x1539, 0x40, 0x1541, 0x1549, 0x1551, 0x1559,
    0x1561, 0x40, 0x1569, 0x40, 0x1571, 0x1579, 0x40, 0x1581, 0x1589, 0x40,
    0x1591, 0x1599, 0x15a1, 0x15a9, 0x15b1, 0x15b9, 0x15c1, 0x15c9, 0x15d1, 0x15d9,
    0x15e1, 0x15e1, 0x15e9, 0x15e9, 0x15e9, 0x15e9, 0x15f1, 0x15f1, 0x15f1, 0x15f1,
    0x15f9, 0x15f9, 0x15f9, 0x15f9, 0x1601, 0x1601, 0x1601, 0x1601, 0x1609, 0x1609,
    0x1609, 0x1609, 0x1611, 0x1611, 0x1611, 0x1611, 0x1619, 0x1619, 0x1619, 0x1619,
    0x1621, 0x1621, 0x1621, 0x1621, 0x1629, 0x1629, 0x1629, 0x1629, 0x1631, 0x1631,
    0x1631, 0x1631, 0x1639, 0x1639, 0x1639, 0x1639, 0x1641, 0x1641, 0x1641, 0x1641,
    0x1649, 0x1649, 0x1651, 0x1651, 0x1659, 0x1659, 0x1661, 0x1661, 0x1669, 0x1669,
    0x1671, 0x1671, 0x1679, 0x1679, 0x1679, 0x1679, 0x1681, 0x1681, 0x1681, 0x1681,
    0x1689, 0x1689, 0x1689, 0x1689, 0x1691, 0x1691, 0x1691, 0x1691, 0x1699, 0x1699,
    0x16a1, 0x16a1, 0x16a1, 0x16a1, 0x16a9, 0x16a9, 0x16b1, 0x16b1, 0x16b1, 0x16b1,
    0x16b9, 0x16b9, 0x16b9, 0x16b9, 0x16c1, 0x16c1, 0x16c9, 0x16c9, 0x818, 0x818,
    0x818, 0x818, 0x818, 0x818, 0x818, 0x818, 0x818, 0x818, 0x818, 0x818,
    0x818, 0x818, 0x818, 0x818, 0x818, 0x18, 0x18, 0x18, 0x18, 0x18,
    0x18, 0x18, 0x18, 0x18, 0x18, 0x18, 0x18, 0x18, 0x18, 0x18,
    0x18, 0x16d1, 0x16d1, 0x16d1, 0x16d1, 0x16d9, 0x16d9, 0x16e1, 0x16e1, 0x16e9,
    0x16e9, 0x149, 0x16f1, 0x16f1, 0x16f9, 0x16f9, 0x1701, 0x1701, 0x1709, 0x1709,
    0x1709, 0x1709, 0x1711, 0x1711, 0x1719, 0x1719, 0x1721, 0x1721, 0x1729, 0x1729,
    0x1731, 0x1731, 0x1739, 0x1739, 0x1741, 0x1741, 0x1749, 0x1749, 0x1749, 0x1751,
    0x1751, 0x1751, 0x1759, 0x1759, 0x1759, 0x1759, 0x1959, 0x1961, 0x1969, 0x1971,
    0x1979, 0x1981, 0x1989, 0x1991, 0x1999, 0x19a1, 0x19a9, 0x19b1, 0x19b9, 0x19c1,
    0x19c9, 0x19d1, 0x19d9, 0x19e1, 0x19e9, 0x19f1, 0x19f9, 0x1a01, 0x1a09, 0x1a11,
    0x1a19, 0x1a21, 0x1a29, 0x1a31, 0x1a39, 0x1a41, 0x1a49, 0x1a51, 0x1a59, 0x1a61,
    0x1a69, 0x1a71, 0x1a79, 0x1a81, 0x1771, 0x1a89, 0x1751, 0x1779, 0x1a91, 0x1a99,
    0x1799, 0x1aa1, 0x17a1, 0x17a9, 0x1aa9, 0x1ab1, 0x17c9, 0x1ab9, 0x17d1, 0x17d9,
    0x1ac1, 0x1ac9, 0x17e9, 0x1ad1, 0x17f1, 0x17f9, 0x18e1, 0x18e9, 0x1901, 0x1909,
    0x1911, 0x1931, 0x1939, 0x1941, 0x1949, 0x1969, 0x1971, 0x1979, 0x1ad9, 0x1999,
    0x1ae1, 0x1ae9, 0x19c9, 0x1af1, 0x19d1, 0x19d9, 0x1a41, 0x1af9, 0x1b01, 0x1a19,
    0x1b09, 0x1a21, 0x1a29, 0x1761, 0x1769, 0x1b11, 0x1771, 0x1b19, 0x1781, 0x1789,
    0x1791, 0x1799, 0x1b21, 0x17b1, 0x17b9, 0x17c1, 0x17c9, 0x1b29, 0x17e9, 0x1801,
    0x1809, 0x1811, 0x1819, 0x1821, 0x1831, 0x1839, 0x1841, 0x1849, 0x1851, 0x1859,
    0x1b31, 0x1861, 0x1869, 0x1871, 0x1879, 0x1881, 0x1889, 0x1899, 0x18a1, 0x18a9,
    0x18b1, 0x18b9, 0x18c1, 0x18c9, 0x18d1, 0x18d9, 0x18f1, 0x18f9, 0x1919, 0x1921,
    0x1929, 0x1931, 0x1939, 0x1951, 0x1959, 0x1961, 0x1969, 0x1b39, 0x1981, 0x1989,
    0x1991, 0x1999, 0x19b1, 0x19b9, 0x19c1, 0x19c9, 0x1b41, 0x19e1, 0x19e9, 0x1b49,
    0x1a01, 0x1a09, 0x1a11, 0x1a19, 0x1b51, 0x1771, 0x1b19, 0x1799, 0x1b21, 0x17c9,
    0x1b29, 0x17e9, 0x1b59, 0x1851, 0x1b61, 0x1b69, 0x1b71, 0x1931, 0x1939, 0x1969,
    0x19c9, 0x1b41, 0x1a19, 0x1b51, 0x1b79, 0x1b81, 0x1b89, 0x1b91, 0x1b99, 0x1ba1,
    0x1ba9, 0x1bb1, 0x1bb9, 0x1bc1, 0x1bc9, 0x1bd1, 0x1bd9, 0x1be1, 0x1be9, 0x1bf1,
    0x1bf9, 0x1c01, 0x1c09, 0x1c11, 0x1c19, 0x1c21, 0x1c29, 0x1c31, 0x1c39, 0x1c41,
    0x1b69, 0x1c49, 0x1c51, 0x1c59, 0x1c61, 0x1b91, 0x1b99, 0x1ba1, 0x1ba9, 0x1bb1,
    0x1bb9, 0x1bc1, 0x1bc9, 0x1bd1, 0x1bd9, 0x1be1, 0x1be9, 0x1bf1, 0x1bf9, 0x1c01,
    0x1c09, 0x1c11, 0x1c19, 0x1c21, 0x1c29, 0x1c31, 0x1c39, 0x1c41, 0x1b69, 0x1c49,
    0x1c51, 0x1c59, 0x1c61, 0x1c31, 0x1c39, 0x1c41, 0x1b69, 0x1b61, 0x1b71, 0x1891,
    0x1839, 0x1841, 0x1849, 0x1c31, 0x1c39, 0x1c41, 0x1891, 0x1899, 0x1c69, 0x1c69,
    0x18, 0x18, 0x18, 0x18, 0x18, 0x18, 0x18, 0x18, 0x18, 0x18,
    0x18, 0x18, 0x18, 0x18, 0x18, 0x18, 0x18, 0x18, 0x1c71, 0x1c79,
    0x1c79, 0x1c81, 0x1c89, 0x1c91, 0x1c99, 0x1ca1, 0x1ca9, 0x1ca9, 0x1cb1, 0x1cb9,
    0x1cc1, 0x1cc9, 0x1cd1, 0x1cd9, 0x1cd9, 0x1ce1, 0x1ce9, 0x1ce9, 0x1cf1, 0x1cf1,
    0x1cf9, 0x1d01, 0x1d01, 0x1d09, 0x1d11, 0x1d11, 0x1d19, 0x1d19, 0x1d21, 0x1d29,
    0x1d29, 0x1d31, 0x1d31, 0x1d39, 0x1d41, 0x1d49, 0x1d51, 0x1d51, 0x1d59, 0x1d61,
    0x1d69, 0x1d71, 0x1d79, 0x1d79, 0x1d81, 0x1d89, 0x1f39, 0x1f41, 0x1f49, 0x1f21,
    0x1d49, 0x1cf9, 0x1f51, 0x1f59, 0x18, 0x18, 0x18, 0x18, 0x18, 0x18,
    0x18, 0x18, 0x40, 0x40, 0x40, 0x40, 0x40, 0x40, 0x40, 0x40,
    0x40, 0x40, 0x40, 0x40, 0x40, 0x40, 0x40, 0x40, 0x40, 0x40,
    0x40, 0x40, 0x40, 0x40, 0x40, 0x40, 0x40, 0x40, 0x40, 0x40,
    0x40, 0x40, 0x40, 0x40, 0x1f61, 0x1f69, 0x1f71, 0x1f79, 0x1f81, 0x1f89,
    0x1f91, 0x1f99, 0x1fa1, 0x1fa9, 0x1fb1, 0x1fb9, 0x1fc1, 0x18, 0x18, 0x18,
    0x33c0, 0x33c0, 0x33c0, 0x33c0, 0x33c0, 0x33c0, 0x33c0, 0x33c0, 0x33c0, 0x33c0,
    0x33c0, 0x33c0, 0x33c0, 0x33c0, 0x33c0, 0x33c0, 0x1fc9, 0x7dc5, 0x40, 0x1fd1,
    0x121, 0x1fd9, 0x1fe1, 0x7de5, 0x7e05, 0x40, 0x40, 0x40, 0x40, 0x40,
    0x40, 0x40, 0x3308, 0x3308, 0x3308, 0x3308, 0x3308, 0x3308, 0x3308, 0x3308,
    0x3308, 0x3308, 0x3308, 0x3308, 0x3308, 0x3308, 0x3308, 0x3308, 0x40, 0x7e25,
    0x7e45, 0x1fe9, 0x1fe9, 0x729, 0x731, 0x1ff1, 0x1ff9, 0x7e65, 0x7e85, 0x7ea5,
    0x7e65, 0x7ec5, 0x7ee5, 0x7ec5, 0x7f05, 0x7f25, 0x7f45, 0x7f25, 0x7f65, 0x18,
    0x18, 0x2001, 0x2009, 0x7f85, 0x7fa5, 0x7fc5, 0x7fe5, 0x1fe9, 0x1fe9, 0x1fe9,
    0x1fc9, 0x8005, 0x40, 0x40, 0x121, 0x1fd1, 0x1fe1, 0x1fd9, 0x8025, 0x729,
    0x731, 0x1ff1, 0x1ff9, 0x7f05, 0x7f65, 0x2011, 0x2019, 0x2021, 0x719, 0x2029,
    0x2031, 0x2039, 0x721, 0x40, 0x2041, 0x2049, 0x2051, 0x2059, 0x40, 0x40,
    0x40, 0x40, 0x8045, 0x2061, 0x8065, 0x808, 0x8085, 0x40, 0x80a5, 0x2069,
    0x80c5, 0x2071, 0x80e5, 0x2079, 0x8105, 0x2081, 0x8125, 0x2089, 0x2091, 0x2099,
    0x2099, 0x20a1, 0x20a1, 0x20a9, 0x20a9, 0x20b1, 0x20b1, 0x20b9, 0x20b9, 0x20b9,
    0x20b9, 0x20c1, 0x20c1, 0x20c9, 0x20c9, 0x20c9, 0x20c9, 0x20d1, 0x20d1, 0x20d9,
    0x20d9, 0x20d9, 0x20d9, 0x20e1, 0x20e1, 0x20e1, 0x20e1, 0x20e9, 0x20e9, 0x20e9,
    0x20e9, 0x20f1, 0x20f1, 0x20f1, 0x20f1, 0x20f9, 0x20f9, 0x20f9, 0x20f9, 0x2101,
    0x2101, 0x2109, 0x2109, 0x2111, 0x2111, 0x2119, 0x2119, 0x2121, 0x2121, 0x2121,
    0x2121, 0x2129, 0x2129, 0x2129, 0x2129, 0x2131, 0x2131, 0x2131, 0x2131, 0x2139,
    0x2139, 0x2139, 0x2139, 0x2141, 0x2141, 0x2141, 0x2141, 0x2149, 0x2149, 0x2149,
    0x2149, 0x2151, 0x2151, 0x2151, 0x2151, 0x2159, 0x2159, 0x2159, 0x2159, 0x2161,
    0x2161, 0x2161, 0x2161, 0x2169, 0x2169, 0x2169, 0x2169, 0x2171, 0x2171, 0x2171,
    0x2171, 0x2179, 0x2179, 0x2179, 0x2179, 0x2181, 0x2181, 0x2181, 0x2181, 0x2189,
    0x2189, 0x2189, 0x2189, 0x2191, 0x2191, 0x2191, 0x2191, 0x2199, 0x2199, 0x1711,
    0x1711, 0x21a1, 0x21a1, 0x21a1, 0x21a1, 0x21a9, 0x21a9, 0x21b1, 0x21b1, 0x21b9,
    0x21b9, 0x21c1, 0x21c1, 0x40, 0x40, 0x3c0, 0x40, 0x1fd9, 0x21c9, 0x2011,
    0x2049, 0x2051, 0x2019, 0x21d1, 0x729, 0x731, 0x2021, 0x719, 0x1fc9, 0x2029,
    0x961, 0x21d9, 0x6e1, 0x49, 0x29, 0x31, 0x6e9, 0x6f1, 0x6f9, 0x701,
    0x709, 0x711, 0x1fd1, 0x121, 0x2031, 0x721, 0x2039, 0x1fe1, 0x2059, 0x19,
    0x2e9, 0x3d9, 0x2f1, 0x2f9, 0x3f1, 0x309, 0xa9, 0x311, 0xb1, 0x319,
    0x101, 0x321, 0x329, 0x51, 0x339, 0x751, 0xb9, 0x89, 0x341, 0x349,
    0x391, 0xc1, 0x109, 0xc9, 0x4b1, 0x2001, 0x2041, 0x2009, 0x21e1, 0x1fe9,
    0x671, 0x19, 0x2e9, 0x3d9, 0x2f1, 0x2f9, 0x3f1, 0x309, 0xa9, 0x311,
    0xb1, 0x319, 0x101, 0x321, 0x329, 0x51, 0x339, 0x751, 0xb9, 0x89,
    0x341, 0x349, 0x391, 0xc1, 0x109, 0xc9, 0x4b1, 0x1ff1, 0x21e9, 0x1ff9,
    0x21f1, 0x8145, 0x8165, 0x961, 0x8185, 0x8185, 0x81a5, 0x81c5, 0x81e5, 0x8205,
    0x8225, 0x8245, 0x8265, 0x8285, 0x82a5, 0x82c5, 0x82e5, 0x8305, 0x8325, 0x8345,
    0x8365, 0x8385, 0x83a5, 0x83c5, 0x83e5, 0x8405, 0x8425, 0x8445, 0x8465, 0x8485,
    0x8225, 0x84a5, 0x84c5, 0x8285, 0x84e5, 0x8505, 0x8525, 0x8545, 0x8565, 0x8585,
    0x85a5, 0x85c5, 0x8545, 0x85e5, 0x8545, 0x8605, 0x8605, 0x8625, 0x8625, 0x8645,
    0x8585, 0x8665, 0x8685, 0x8665, 0x86a5, 0x8685, 0x86c5, 0x86c5, 0x86e5, 0x86e5,
    0x8705, 0x8705, 0x8685, 0x8185, 0x8725, 0x8745, 0xc0, 0x8765, 0x8785, 0x87a5,
    0x87c5, 0x87a5, 0x87e5, 0x8805, 0x8825, 0x8825, 0x8845, 0x8845, 0x8865, 0x8865,
    0x8845, 0x8845, 0x8885, 0x88a5, 0x88c5, 0x88e5, 0x8905, 0x8925, 0x8925, 0x8925,
    0x8945, 0x8945, 0x8945, 0x8945, 0x8825, 0x8825, 0x8825, 0x40, 0x40, 0x40,
    0x8785, 0x8765, 0x8965, 0x8765, 0x8785, 0x8765, 0x40, 0x40, 0x8985, 0x8785,
    0x89a5, 0x8965, 0x89a5, 0x8785, 0x40, 0x40, 0x89c5, 0x89e5, 0x88e5, 0x89a5,
    0x8965, 0x89a5, 0x40, 0x40, 0x8a05, 0x8a25, 0x8a05, 0x40, 0x40, 0x40,
    0x21f9, 0x2201, 0x2209, 0x8a45, 0x2211, 0x2219, 0x8a65, 0x40, 0x8a85, 0x8aa5,
    0x8ac5, 0x8aa5, 0x8ae5, 0x8b05, 0x8b25, 0x40, 0x40, 0x40, 0x40, 0x40,
    0x40, 0x40, 0x40, 0x40, 0x40, 0x340, 0x340, 0x340, 0x40, 0x40,
    0x40, 0x40, 0x8, 0x8, 0x8, 0x8, 0x8, 0x8, 0x8, 0x8,
    0x8, 0x8, 0x8, 0x8, 0x8, 0x8, 0x8, 0x8, 0x8, 0x8,
    0x8, 0x8, 0x8, 0x8, 0x8, 0x8, 0x8, 0x8, 0x8, 0x8,
    0x8, 0x8, 0x8, 0x8, 0x8, 0x8, 0x8, 0x8, 0x40, 0x40,
    0x40, 0x40, 0x40, 0x40, 0x40, 0x40, 0x40, 0x40, 0x40, 0x18,
    0x8b75, 0x8b8d, 0x8ba5, 0x8b8d, 0x8bbd, 0x8b8d, 0x8ba5, 0x8b8d, 0x8b75, 0x8bd5,
    0x8bed, 0x40, 0x8c05, 0x8bd5, 0x8bed, 0x8bd5, 0xe13d, 0xe14d, 0xe15d, 0xe14d,
    0xe17d, 0xe14d, 0xe15d, 0xe14d, 0xe13d, 0xe1cd, 0xe1dd, 0x40, 0xe1fd, 0xe1cd,
    0xe1dd, 0xe1cd, 0xe13d, 0xe14d, 0xe15d, 0x40, 0xe17d, 0xe14d, 0x40, 0x8,
    0x8, 0x8, 0x8, 0x8, 0x8, 0x8, 0x8, 0x8, 0x8, 0x8,
    0x40, 0x8, 0x8, 0x8, 0x8, 0x8, 0x8, 0x8, 0x8, 0x8,
    0x8, 0x8, 0x8, 0x8, 0x8, 0x8, 0x40, 0x8, 0x8, 0x8,
    0x8, 0x8, 0x8, 0x8, 0x40, 0x8, 0x8, 0x40, 0x40, 0x40,
    0x8, 0x2221, 0x2229, 0x2e1, 0x2231, 0x2239, 0x40, 0x2241, 0x2249, 0x2251,
    0x2259, 0x2261, 0x2269, 0x2271, 0x2279, 0x2281, 0x2289, 0x13f1, 0x2291, 0x2299,
    0x22a1, 0x741, 0x22a9, 0x22b1, 0x22b9, 0x22c1, 0x22c9, 0x13d9, 0x8c1d, 0x22d1,
    0x22d9, 0x8c3d, 0x22e1, 0x8c5d, 0x22e9, 0x22f1, 0x22f9, 0x751, 0x2301, 0x8c7d,
    0x949, 0x2309, 0x2311, 0x2319, 0x2321, 0x2329, 0x2331, 0x2339, 0x2341, 0x40,
    0x2349, 0x2351, 0x2359, 0x2361, 0x2369, 0x2371, 0x2379, 0x8c9d, 0x8cbd, 0x40,
    0x40, 0x40, 0x40, 0x40, 0xa08, 0xa08, 0xa08, 0xa08, 0xa08, 0xc08,
    0x808, 0xc08, 0x818, 0xc08, 0xc08, 0x808, 0x808, 0x908, 0xc08, 0xc08,
    0xc08, 0xc08, 0xc08, 0xa08, 0xa08, 0xa08, 0xa08, 0x908, 0xa08, 0xa08,
    0xa08, 0xa08, 0xa08, 0xc08, 0xa08, 0xa08, 0xa08, 0xc08, 0x808, 0x808,
    0xc08, 0x3308, 0x3308, 0x40, 0x40, 0x40, 0x40, 0xa18, 0xa18, 0xa18,
    0xa18, 0xc18, 0x818, 0x818, 0x818, 0x818, 0x818, 0x818, 0x818, 0x40,
    0x40, 0x40, 0x40, 0x40, 0x40, 0x40, 0x40, 0x40, 0xa08, 0xc08,
    0xa08, 0xc08, 0xc08, 0xc08, 0xa08, 0xa08, 0xa08, 0xc08, 0xa08, 0xa08,
    0xc08, 0xa08, 0xc08, 0xc08, 0xa08, 0xc08, 0x40, 0x40, 0x40, 0x40,
    0x40, 0x40, 0x40, 0x818, 0x818, 0x818, 0x818, 0x40, 0x40, 0x40,
    0x40, 0x40, 0x40, 0x40, 0x40, 0x40, 0x40, 0x40, 0x40, 0xc18,
    0xc18, 0xc18, 0xc18, 0xa18, 0xa18, 0x818, 0x40, 0x40, 0x40, 0x40,
    0x40, 0x40, 0x40, 0x40, 0x40, 0x40, 0x40, 0x40, 0x40, 0x40,
    0x40, 0x40, 0x3308, 0x3308, 0x3008, 0x3008, 0x40, 0x8, 0x8, 0x8,
    0x8, 0x8, 0x8, 0x8, 0x8, 0x40, 0x40, 0x8, 0x8, 0x40,
    0x40, 0x8, 0x8, 0x8, 0x8, 0x8, 0x8, 0x8, 0x8, 0x8,
    0x8, 0x8, 0x8, 0x8, 0x8, 0x8, 0x8, 0x8, 0x8, 0x8,
    0x8, 0x8, 0x8, 0x40, 0x8, 0x8, 0x8, 0x8, 0x8, 0x8,
    0x8, 0x40, 0x8, 0x8, 0x40, 0x8, 0x8, 0x8, 0x8, 0x8,
    0x40, 0x3308, 0x3308, 0x8, 0x3008, 0x3008, 0x3308, 0x3008, 0x3008, 0x3008,
    0x3008, 0x40, 0x40, 0x3008, 0x3008, 0x40, 0x40, 0x3008, 0x3008, 0x3808,
    0x40, 0x40, 0x8, 0x40, 0x40, 0x40, 0x40, 0x40, 0x40, 0x3008,
    0x40, 0x40, 0x40, 0x40, 0x40, 0x8, 0x8, 0x8, 0x8, 0x8,
    0x3008, 0x3008, 0x40, 0x40, 0x3308, 0x3308, 0x3308, 0x3308, 0x3308, 0x3308,
    0x3308, 0x40, 0x40, 0x40, 0x3308, 0x3308, 0x3308, 0x3308, 0x3308, 0x40,
    0x40, 0x40, 0x40, 0x40, 0x40, 0x40, 0x40, 0x40, 0x40, 0x40,
    0x3308, 0x40, 0x3008, 0x40, 0x40, 0x3008, 0x40, 0x3008, 0x3008, 0x3008,
    0x3008, 0x40, 0x3008, 0x3008, 0x3b08, 0x3808, 0x3b08, 0x8, 0x3308, 0x8,
    0x18, 0x18, 0x40, 0x18, 0x18, 0x40, 0x40, 0x40, 0x40, 0x40,
    0x40, 0x40, 0x40, 0x3308, 0x3308, 0x40, 0x40, 0x40, 0x40, 0x40,
    0x40, 0x40, 0x40, 0x40, 0x40, 0x40, 0x40, 0x40, 0x40, 0x40,
    0x40, 0x40, 0x40, 0x40, 0x40, 0x40, 0x40, 0x40, 0x40, 0x40,
    0x40, 0x40, 0x40, 0x40, 0x8, 0x8, 0x8, 0x8, 0x8, 0x8,
    0x8, 0x40, 0x40, 0x8, 0x40, 0x40, 0x8, 0x8, 0x8, 0x8,
    0x8, 0x8, 0x8, 0x8, 0x40, 0x8, 0x8, 0x40, 0x8, 0x8,
    0x8, 0x8, 0x8, 0x8, 0x8, 0x8, 0x8, 0x8, 0x8, 0x8,
    0x8, 0x8, 0x8, 0x8, 0x8, 0x8, 0x8, 0x8, 0x8, 0x8,
    0x8, 0x8, 0x3008, 0x3008, 0x3008, 0x3008, 0x3008, 0x3008, 0x40, 0x3008,
    0x3008, 0x40, 0x40, 0x3308, 0x3308, 0x3808, 0x3b08, 0x8, 0x18, 0x18,
    0x18, 0x18, 0x18, 0x18, 0x18, 0x18, 0x18, 0x18, 0x18, 0x18,
    0x18, 0x18, 0x18, 0x18, 0x18, 0x18, 0x18, 0x18, 0x18, 0x18,
    0x18, 0x18, 0x18, 0x18, 0x18, 0x40, 0x40, 0x40, 0x40, 0x40,
    0xe0dd, 0xe0ed, 0xe0fd, 0xe0ed, 0xe0dd, 0x8cf5, 0x8d0d, 0x8cf5, 0x8d25, 0x8d3d,
    0x8d55, 0x8d3d, 0x8d25, 0x8cf5, 0x8d0d, 0x8cf5, 0x8d6d, 0x8d85, 0x8d9d, 0x8d85,
    0x8d6d, 0x8cf5, 0x8d0d, 0x8cf5, 0x8d25, 0x40, 0x40, 0x8, 0x8, 0x8,
    0x8, 0x8, 0x18, 0x18, 0x18, 0x18, 0x18, 0x18, 0x18, 0x18,
    0x18, 0x18, 0x18, 0x18, 0x18, 0x18, 0x18, 0x18, 0x18, 0x18,
    0x18, 0x18, 0x18, 0x18, 0x19, 0x2e9, 0x3d9, 0x2f1, 0x2f9, 0x3f1,
    0x309, 0xa9, 0x311, 0xb1, 0x319, 0x101, 0x321, 0x329, 0x51, 0x339,
    0x751, 0xb9, 0x89, 0x341, 0x349, 0x391, 0xc1, 0x109, 0xc9, 0x4b1,
    0x6e1, 0x49, 0x29, 0x31, 0x6e9, 0x6f1, 0x6f9, 0x701, 0x709, 0x711,
    0x18, 0x18, 0x18, 0x40, 0x40, 0x40, 0x19, 0x2e9, 0x3d9, 0x2f1,
    0x2f9, 0x3f1, 0x309, 0xa9, 0x311, 0xb1, 0x319, 0x101, 0x321, 0x329,
    0x51, 0x339, 0x751, 0xb9, 0x89, 0x341, 0x349, 0x391, 0xc1, 0x109,
    0xc9, 0x4b1, 0x19, 0x2e9, 0x3d9, 0x2f1, 0x2f9, 0x3f1, 0x309, 0xa9,
    0x311, 0xb1, 0x319, 0x101, 0x321, 0x329, 0x51, 0x339, 0x751, 0xb9,
    0x89, 0x341, 0x349, 0x391, 0xc1, 0x109, 0xc9, 0x4b1, 0x19, 0x2e9,
    0x3d9, 0x2f1, 0x2f9, 0x3f1, 0x309, 0xa9, 0x311, 0xb1, 0x319, 0x101,
    0x321, 0x329, 0x51, 0x339, 0x751, 0xb9, 0x89, 0x341, 0x349, 0x391,
    0xc1, 0x109, 0xc9, 0x4b1, 0x19, 0x2e9, 0x3d9, 0x2f1, 0x2f9, 0x3f1,
    0x309, 0x40, 0x311, 0xb1, 0x319, 0x101, 0x321, 0x329, 0x51, 0x339,
    0x751, 0xb9, 0x89, 0x341, 0x349, 0x391, 0xc1, 0x109, 0xc9, 0x4b1,
    0x19, 0x2e9, 0x3d9, 0x2f1, 0x2f9, 0x3f1, 0x309, 0xa9, 0x311, 0xb1,
    0x319, 0x101, 0x321, 0x329, 0x51, 0x339, 0x751, 0xb9, 0x89, 0x341,
    0x349, 0x391, 0xc1, 0x109, 0xc9, 0x4b1, 0x19, 0x2e9, 0x3d9, 0x2f1,
    0x2f9, 0x3f1, 0x309, 0xa9, 0x311, 0xb1, 0x319, 0x101, 0x321, 0x329,
    0x51, 0x339, 0x751, 0xb9, 0x89, 0x341, 0x349, 0x391, 0xc1, 0x109,
    0xc9, 0x4b1, 0x19, 0x40, 0x3d9, 0x2f1, 0x40, 0x40, 0x309, 0x40,
    0x40, 0xb1, 0x319, 0x40, 0x40, 0x329, 0x51, 0x339, 0x751, 0x40,
    0x89, 0x341, 0x349, 0x391, 0xc1, 0x109, 0xc9, 0x4b1, 0x19, 0x2e9,
    0x3d9, 0x2f1, 0x40, 0x3f1, 0x40, 0xa9, 0x311, 0xb1, 0x319, 0x101,
    0x321, 0x329, 0x40, 0x339, 0x751, 0xb9, 0x89, 0x341, 0x349, 0x391,
    0xc1, 0x109, 0xc9, 0x4b1, 0x19, 0x2e9, 0x3d9, 0x2f1, 0x2f9, 0x3f1,
    0x309, 0xa9, 0x311, 0xb1, 0x319, 0x101, 0x321, 0x329, 0x51, 0x339,
    0x751, 0xb9, 0x89, 0x341, 0x349, 0x391, 0xc1, 0x109, 0xc9, 0x4b1,
    0x19, 0x2e9, 0x3d9, 0x2f1, 0x2f9, 0x3f1, 0x309, 0xa9, 0x311, 0xb1,
    0x319, 0x101, 0x321, 0x329, 0x51, 0x339, 0x751, 0xb9, 0x89, 0x341,
    0x349, 0x391, 0xc1, 0x109, 0xc9, 0x4b1, 0x19, 0x2e9, 0x40, 0x2f1,
    0x2f9, 0x3f1, 0x309, 0x40, 0x40, 0xb1, 0x319, 0x101, 0x321, 0x329,
    0x51, 0x339, 0x751, 0x40, 0x89, 0x341, 0x349, 0x391, 0xc1, 0x109,
    0xc9, 0x40, 0x19, 0x2e9, 0x3d9, 0x2f1, 0x2f9, 0x3f1, 0x309, 0xa9,
    0x311, 0xb1, 0x319, 0x101, 0x321, 0x329, 0x51, 0x339, 0x751, 0xb9,
    0x89, 0x341, 0x349, 0x391, 0xc1, 0x109, 0xc9, 0x4b1, 0x19, 0x2e9,
    0x40, 0x2f1, 0x2f9, 0x3f1, 0x309, 0x40, 0x311, 0xb1, 0x319, 0x101,
    0x321, 0x40, 0x51, 0x40, 0x40, 0x40, 0x89, 0x341, 0x349, 0x391,
    0xc1, 0x109, 0xc9, 0x40, 0x19, 0x2e9, 0x3d9, 0x2f1, 0x2f9, 0x3f1,
    0x309, 0xa9, 0x311, 0xb1, 0x319, 0x101, 0x321, 0x329, 0x51, 0x339,
    0x751, 0xb9, 0x89, 0x341, 0x349, 0x391, 0xc1, 0x109, 0xc9, 0x4b1,
    0x19, 0x2e9, 0x3d9, 0x2f1, 0x2f9, 0x3f1, 0x309, 0xa9, 0x311, 0xb1,
    0x319, 0x101, 0x321, 0x329, 0x51, 0x339, 0x751, 0xb9, 0x89, 0x341,
    0x349, 0x391, 0xc1, 0x109, 0xc9, 0x4b1, 0x19, 0x2e9, 0x3d9, 0x2f1,
    0x2f9, 0x3f1, 0x309, 0xa9, 0x311, 0xb1, 0x319, 0x101, 0x321, 0x329,
    0x51, 0x339, 0x751, 0xb9, 0x89, 0x341, 0x349, 0x391, 0xc1, 0x109,
    0xc9, 0x4b1, 0x19, 0x2e9, 0x3d9, 0x2f1, 0x2f9, 0x3f1, 0x309, 0xa9,
    0x311, 0xb1, 0x319, 0x101, 0x321, 0x329, 0x51, 0x339, 0x751, 0xb9,
    0x89, 0x341, 0x349, 0x391, 0xc1, 0x109, 0xc9, 0x4b1, 0x19, 0x2e9,
    0x3d9, 0x2f1, 0x2f9, 0x3f1, 0x309, 0xa9, 0x311, 0xb1, 0x319, 0x101,
    0x321, 0x329, 0x51, 0x339, 0x751, 0xb9, 0x89, 0x341, 0x349, 0x391,
    0xc1, 0x109, 0xc9, 0x4b1, 0x19, 0x2e9, 0x3d9, 0x2f1, 0x2f9, 0x3f1,
    0x309, 0xa9, 0x311, 0xb1, 0x319, 0x101, 0x321, 0x329, 0x51, 0x339,
    0x751, 0xb9, 0x89, 0x341, 0x349, 0x391, 0xc1, 0x109, 0xc9, 0x4b1,
    0x19, 0x2e9, 0x3d9, 0x2f1, 0x2f9, 0x3f1, 0x309, 0xa9, 0x311, 0xb1,
    0x319, 0x101, 0x321, 0x329, 0x51, 0x339, 0x751, 0xb9, 0x89, 0x341,
    0x349, 0x391, 0xc1, 0x109, 0xc9, 0x4b1, 0x19, 0x2e9, 0x3d9, 0x2f1,
    0x2f9, 0x3f1, 0x309, 0xa9, 0x311, 0xb1, 0x319, 0x101, 0x321, 0x329,
    0x51, 0x339, 0x751, 0xb9, 0x89, 0x341, 0x349, 0x391, 0xc1, 0x109,
    0xc9, 0x4b1, 0x19, 0x2e9, 0x3d9, 0x2f1, 0x2f9, 0x3f1, 0x309, 0xa9,
    0x311, 0xb1, 0x319, 0x101, 0x321, 0x329, 0x51, 0x339, 0x751, 0xb9,
    0x89, 0x341, 0x349, 0x391, 0xc1, 0x109, 0xc9, 0x4b1, 0x19, 0x2e9,
    0x3d9, 0x2f1, 0x2f9, 0x3f1, 0x309, 0xa9, 0x311, 0xb1, 0x319, 0x101,
    0x321, 0x329, 0x51, 0x339, 0x751, 0xb9, 0x89, 0x341, 0x349, 0x391,
    0xc1, 0x109, 0xc9, 0x4b1, 0x19, 0x2e9, 0x3d9, 0x2f1, 0x2f9, 0x3f1,
    0x309, 0xa9, 0x311, 0xb1, 0x319, 0x101, 0x321, 0x329, 0x51, 0x339,
    0x751, 0xb9, 0x89, 0x341, 0x349, 0x391, 0xc1, 0x109, 0xc9, 0x4b1,
    0x19, 0x2e9, 0x3d9, 0x2f1, 0x2f9, 0x3f1, 0x309, 0xa9, 0x311, 0xb1,
    0x319, 0x101, 0x321, 0x329, 0x51, 0x339, 0x751, 0xb9, 0x89, 0x341,
    0x349, 0x391, 0xc1, 0x109, 0xc9, 0x4b1, 0x19, 0x2e9, 0x3d9, 0x2f1,
    0x2f9, 0x3f1, 0x309, 0xa9, 0x311, 0xb1, 0x319, 0x101, 0x321, 0x329,
    0x51, 0x339, 0x751, 0xb9, 0x89, 0x341, 0x349, 0x391, 0xc1, 0x109,
    0xc9, 0x4b1, 0x23e9, 0x23f1, 0x40, 0x40, 0x23f9, 0x399, 0x3a1, 0x3a9,
    0x2401, 0x2409, 0x2411, 0x4d1, 0x5f9, 0x2419, 0x2421, 0x2429, 0x2431, 0x2439,
    0x2441, 0x799, 0x3c1, 0x4d1, 0x2449, 0x2451, 0x2459, 0x3b1, 0x3b9, 0x2461,
    0x769, 0x2469, 0x23f9, 0x399, 0x3a1, 0x3a9, 0x2401, 0x2409, 0x2411, 0x4d1,
    0x5f9, 0x2419, 0x2421, 0x2429, 0x2431, 0x2439, 0x2441, 0x799, 0x3c1, 0x2449,
    0x2449, 0x2451, 0x2459, 0x3b1, 0x3b9, 0x2461, 0x769, 0x2471, 0x2401, 0x4d1,
    0x2419, 0x3b1, 0x3c1, 0x799, 0x23f9, 0x399, 0x3a1, 0x3a9, 0x2401, 0x2409,
    0x2411, 0x4d1, 0x5f9, 0x2419, 0x2421, 0x2429, 0x2431, 0x2439, 0x2441, 0x799,
    0x3c1, 0x4d1, 0x2449, 0x2451, 0x2459, 0x3b1, 0x3b9, 0x2461, 0x769, 0x2469,
    0x23f9, 0x399, 0x3a1, 0x3a9, 0x2401, 0x2409, 0x2411, 0x4d1, 0x5f9, 0x2419,
    0x2421, 0x2429, 0x2431, 0x2439, 0x2441, 0x799, 0x3c1, 0x2449, 0x2449, 0x2451,
    0x2459, 0x3b1, 0x3b9, 0x2461, 0x769, 0x2471, 0x2401, 0x4d1, 0x2419, 0x3b1,
    0x3c1, 0x799, 0x23f9, 0x399, 0x3a1, 0x3a9, 0x2401, 0x2409, 0x2411, 0x4d1,
    0x5f9, 0x2419, 0x2421, 0x2429, 0x2431, 0x2439, 0x2441, 0x799, 0x3c1, 0x4d1,
    0x2449, 0x2451, 0x2459, 0x3b1, 0x3b9, 0x2461, 0x769, 0x2469, 0x23f9, 0x399,
    0x3a1, 0x3a9, 0x2401, 0x2409, 0x2411, 0x4d1, 0x5f9, 0x2419, 0x2421, 0x2429,
    0x2431, 0x2439, 0x2441, 0x799, 0x3c1, 0x2449, 0x2449, 0x2451, 0x2459, 0x3b1,
    0x3b9, 0x2461, 0x769, 0x2471, 0x2401, 0x4d1, 0x2419, 0x3b1, 0x3c1, 0x799,
    0x23f9, 0x399, 0x3a1, 0x3a9, 0x2401, 0x2409, 0x2411, 0x4d1, 0x5f9, 0x2419,
    0x2421, 0x2429, 0x2431, 0x2439, 0x2441, 0x799, 0x3c1, 0x4d1, 0x2449, 0x2451,
    0x2459, 0x3b1, 0x3b9, 0x2461, 0x769, 0x2469, 0x23f9, 0x399, 0x3a1, 0x3a9,
    0x2401, 0x2409, 0x2411, 0x4d1, 0x5f9, 0x2419, 0x2421, 0x2429, 0x2431, 0x2439,
    0x2441, 0x799, 0x3c1, 0x2449, 0x2449, 0x2451, 0x2459, 0x3b1, 0x3b9, 0x2461,
    0x769, 0x2471, 0x2401, 0x4d1, 0x2419, 0x3b1, 0x3c1, 0x799, 0x23f9, 0x399,
    0x3a1, 0x3a9, 0x2401, 0x2409, 0x2411, 0x4d1, 0x5f9, 0x2419, 0x2421, 0x2429,
    0x2431, 0x2439, 0x2441, 0x799, 0x3c1, 0x4d1, 0x2449, 0x2451, 0x2459, 0x3b1,
    0x3b9, 0x2461, 0x769, 0x2469, 0x23f9, 0x399, 0x3a1, 0x3a9, 0x2401, 0x2409,
    0x2411, 0x4d1, 0x5f9, 0x2419, 0x2421, 0x2429, 0x2431, 0x2439, 0x2441, 0x799,
    0x3c1, 0x2449, 0x2449, 0x2451, 0x2459, 0x3b1, 0x3b9, 0x2461, 0x769, 0x2471,
    0x2401, 0x4d1, 0x2419, 0x3b1, 0x3c1, 0x799, 0x2479, 0x2479, 0x40, 0x40,
    0x6e1, 0x49, 0x29, 0x31, 0x6e9, 0x6f1, 0x6f9, 0x701, 0x709, 0x711,
    0x6e1, 0x49, 0x29, 0x31, 0x6e9, 0x6f1, 0x6f9, 0x701, 0x709, 0x711,
    0x6e1, 0x49, 0x29, 0x31, 0x6e9, 0x6f1, 0x6f9, 0x701, 0x709, 0x711,
    0x6e1, 0x49, 0x29, 0x31, 0x6e9, 0x6f1, 0x6f9, 0x701, 0x709, 0x711,
    0x6e1, 0x49, 0x29, 0x31, 0x6e9, 0x6f1, 0x6f9, 0x701, 0x709, 0x711,
    0x3308, 0x3308, 0x3308, 0x3308, 0x3308, 0x3308, 0x3308, 0x40, 0x3308, 0x3308,
    0x3308, 0x3308, 0x3308, 0x3308, 0x3308, 0x3308, 0x3308, 0x3308, 0x3308, 0x3308,
    0x3308, 0x3308, 0x3308, 0x3308, 0x3308, 0x40, 0x40, 0x3308, 0x3308, 0x3308,
    0x3308, 0x3308, 0x3308, 0x3308, 0x40, 0x3308, 0x3308, 0x40, 0x3308, 0x3308,
    0x3308, 0x3308, 0x3308, 0x40, 0x40, 0x40, 0x40, 0x40, 0x2481, 0x2489,
    0x2a9, 0x2491, 0x2b1, 0x2499, 0x24a1, 0x24a9, 0x24b1, 0x24b9, 0x24c1, 0x24c9,
    0x2b9, 0x24d1, 0x24d9, 0x2c1, 0x2c9, 0x24e1, 0x24e9, 0x24f1, 0x24f9, 0x2501,
    0x2509, 0x2511, 0x2519, 0x2521, 0x2529, 0x2531, 0x2539, 0x2541, 0x2549, 0x2551,
    0x2559, 0x2481, 0x2489, 0x2a9, 0x2491, 0x2b1, 0x2499, 0x24a1, 0x24a9, 0x24b1,
    0x24b9, 0x24c1, 0x2b9, 0x24d1, 0x2c1, 0x24e1, 0x24e9, 0x24f1, 0x24f9, 0x2501,
    0x2509, 0x2d1, 0x2511, 0x2561, 0x2539, 0x2569, 0x2571, 0x2579, 0x2581, 0x2589,
    0x40, 0x40, 0x40, 0x40, 0x40, 0x40, 0x40, 0x40, 0x40, 0x40,
    0x40, 0x40, 0x40, 0x40, 0x40, 0x40, 0x40, 0x40, 0xe115, 0xe115,
    0xe135, 0xe135, 0xe115, 0xe115, 0xe175, 0xe175, 0xe115, 0xe115, 0xe135, 0xe135,
    0xe115, 0xe115, 0xe1f5, 0xe1f5, 0xe115, 0xe115, 0xe135, 0xe135, 0xe115, 0xe115,
    0xe175, 0xe175, 0xe115, 0xe115, 0xe135, 0xe135, 0xe115, 0xe115, 0x8db5, 0x8db5,
    0x4b5, 0x4b5, 0xa08, 0xa08, 0xa08, 0xa08, 0xa08, 0xa08, 0xa08, 0xa08,
    0xa08, 0xa08, 0xa08, 0xa08, 0xa08, 0xa08, 0xa08, 0xa08, 0xa08, 0xa08,
    0xa08, 0xa08, 0xa08, 0xa08, 0xa08, 0xa08, 0xa08, 0xa08, 0xa08, 0xa08,
    0xa08, 0xa08, 0x20c1, 0x20c9, 0x20e9, 0x2101, 0x40, 0x2199, 0x2119, 0x20f1,
    0x2141, 0x21a1, 0x2171, 0x2179, 0x2181, 0x2189, 0x2121, 0x2151, 0x2161, 0x2131,
    0x2169, 0x2111, 0x2129, 0x20d9, 0x20e1, 0x20f9, 0x2109, 0x2139, 0x2149, 0x2159,
    0x2591, 0x1699, 0x2599, 0x25a1, 0x40, 0x20c9, 0x20e9, 0x40, 0x2191, 0x40,
    0x40, 0x20f1, 0x40, 0x21a1, 0x2171, 0x2179, 0x2181, 0x2189, 0x2121, 0x2151,
    0x2161, 0x2131, 0x2169, 0x40, 0x2129, 0x20d9, 0x20e1, 0x20f9, 0x40, 0x2139,
    0x40, 0x2159, 0x40, 0x40, 0x40, 0x40, 0x40, 0x40, 0x20e9, 0x40,
    0x40, 0x40, 0x40, 0x20f1, 0x40, 0x21a1, 0x40, 0x2179, 0x40, 0x2189,
    0x2121, 0x2151, 0x40, 0x2131, 0x2169, 0x40, 0x2129, 0x40, 0x40, 0x20f9,
    0x40, 0x2139, 0x40, 0x2159, 0x40, 0x1699, 0x40, 0x25a1, 0x40, 0x20c9,
    0x20e9, 0x40, 0x2191, 0x40, 0x40, 0x20f1, 0x2141, 0x21a1, 0x2171, 0x40,
    0x2181, 0x2189, 0x2121, 0x2151, 0x2161, 0x2131, 0x2169, 0x40, 0x2129, 0x20d9,
    0x20e1, 0x20f9, 0x40, 0x2139, 0x2149, 0x2159, 0x2591, 0x40, 0x2599, 0x40,
    0x20c1, 0x20c9, 0x20e9, 0x2101, 0x2191, 0x2199, 0x2119, 0x20f1, 0x2141, 0x21a1,
    0x40, 0x2179, 0x2181, 0x2189, 0x2121, 0x2151, 0x2161, 0x2131, 0x2169, 0x2111,
    0x2129, 0x20d9, 0x20e1, 0x20f9, 0x2109, 0x2139, 0x2149, 0x2159, 0x40, 0x40,
    0x40, 0x40, 0x40, 0x20c9, 0x20e9, 0x2101, 0x40, 0x2199, 0x2119, 0x20f1,
    0x2141, 0x21a1, 0x40, 0x2179, 0x2181, 0x2189, 0x2121, 0x2151, 0x2161, 0x2131,
    0x2169, 0x2111, 0x2129, 0x20d9, 0x20e1, 0x20f9, 0x2109, 0x2139, 0x2149, 0x2159,
    0x40, 0x40, 0x40, 0x40, 0x40, 0x25a9, 0x25b1, 0x25b9, 0x25c1, 0x25c9,
    0x25d1, 0x25d9, 0x25e1, 0x25e9, 0x25f1, 0x18, 0x18, 0x18, 0x18, 0x18,
    0x25f9, 0x2601, 0x2609, 0x2611, 0x2619, 0x2621, 0x2629, 0x2631, 0x2639, 0x2641,
    0x2649, 0x2651, 0x2659, 0x2661, 0x2669, 0x2671, 0x2679, 0x2681, 0x2689, 0x2691,
    0x2699, 0x26a1, 0x26a9, 0x26b1, 0x26b9, 0x26c1, 0x26c9, 0x3d9, 0xb9, 0x1239,
    0x26d1, 0x18, 0x19, 0x2e9, 0x3d9, 0x2f1, 0x2f9, 0x3f1, 0x309, 0xa9,
    0x311, 0xb1, 0x319, 0x101, 0x321, 0x329, 0x51, 0x339, 0x751, 0xb9,
    0x89, 0x341, 0x349, 0x391, 0xc1, 0x109, 0xc9, 0x4b1, 0x26d9, 0x11f9,
    0x26e1, 0x26e9, 0x26f1, 0x26f9, 0x18, 0x18, 0x18, 0x18, 0x18, 0x18,
    0x18, 0x18, 0x18, 0x18, 0x18, 0x18, 0x18, 0x18, 0x18, 0x18,
    0x18, 0x18, 0x18, 0x18, 0x18, 0x18, 0x18, 0x18, 0x18, 0x18,
    0x2701, 0x2709, 0x2711, 0x18, 0x18, 0x18, 0x18, 0x18, 0x18, 0x18,
    0x18, 0x18, 0x18, 0x18, 0x18, 0x18, 0x18, 0x18, 0x18, 0x18,
    0x18, 0x18, 0x2721, 0x2729, 0x2731, 0x40, 0x40, 0x40, 0x40, 0x40,
    0x40, 0x40, 0x40, 0x40, 0x40, 0x40, 0x40, 0x40, 0x2739, 0x2741,
    0x2749, 0x2751, 0x2759, 0x2761, 0x2769, 0x2771, 0x2779, 0x2781, 0x2789, 0x2791,
    0x2799, 0x27a1, 0x27a9, 0x27b1, 0x27b9, 0x27c1, 0x27c9, 0x27d1, 0x27d9, 0x27e1,
    0x27e9, 0x27f1, 0x27f9, 0x2801, 0x2809, 0x2811, 0x2819, 0x2821, 0x2829, 0x2831,
    0x2839, 0x2841, 0x2849, 0x2851, 0x2859, 0x2861, 0x2869, 0x2871, 0x2879, 0x2881,
    0x2889, 0x2891, 0x40, 0x40, 0x40, 0x40, 0x28f1, 0x28f9, 0x2901, 0x8dcd,
    0x2909, 0x2911, 0x2919, 0x2921, 0x2929, 0x2931, 0x2939, 0x2941, 0x2949, 0x8ded,
    0x2951, 0x2959, 0x2961, 0x2969, 0x8e0d, 0x2971, 0x2979, 0x27a9, 0x8e2d, 0x2981,
    0x2989, 0x2991, 0x2999, 0x29a1, 0x8e4d, 0x29a9, 0x29b1, 0x29b9, 0x29c1, 0x29c9,
    0x2881, 0x29d1, 0x29d9, 0x29e1, 0x29e9, 0x29f1, 0x29f9, 0x2a01, 0x2a09, 0x2a11,
    0x2a19, 0x2a21, 0x2a29, 0x2a31, 0x2a39, 0x2a41, 0x2a41, 0x2a41, 0x8e6d, 0x2a49,
    0x2a51, 0x2a59, 0x8e8d, 0x2a61, 0x2a69, 0x2a71, 0x2a79, 0x2a81, 0x2a89, 0x2a91,
    0x2a99, 0x2aa1, 0x2aa9, 0x2ab1, 0x2ab9, 0x2ac1, 0x2ac1, 0x2ac9, 0x2ad1, 0x2ad9,
    0x2ae1, 0x2ae9, 0x2af1, 0x2af9, 0x2b01, 0x2b09, 0x2b11, 0x2b19, 0x2b21, 0x2b29,
    0x2b31, 0x2b39, 0x2b41, 0x2b49, 0x2b51, 0x8ead, 0x2b59, 0x2b61, 0x2b69, 0x2761,
    0x2b71, 0x2b79, 0x8ecd, 0x8eed, 0x2b81, 0x2b89, 0x2b91, 0x2b99, 0x2ba1, 0x2ba9,
    0x2bb1, 0x2bb9, 0x2bc1, 0x2bc1, 0x8f0d, 0x2bc9, 0x2bd1, 0x2bd9, 0x2be1, 0x8f2d,
    0x2be9, 0x2bf1, 0x2bf9, 0x2c01, 0x2c09, 0x2c11, 0x2c19, 0x2c21, 0x2c29, 0x8f4d,
    0x2c31, 0x8f6d, 0x2c39, 0x2c41, 0x2c49, 0x2c51, 0x2c59, 0x2c61, 0x2c69, 0x2c71,
    0x2c79, 0x2c81, 0x2c89, 0x8f8d, 0x2c91, 0x2c99, 0x2ca1, 0x2ca9, 0x2cb1, 0x8fad,
    0x2cb9, 0x8fcd, 0x8fed, 0x2cc1, 0x2cc9, 0x2cc9, 0x2cd1, 0x900d, 0x902d, 0x2cd9,
    0x2ce1, 0x2ce9, 0x2cf1, 0x2cf9, 0x2d01, 0x2d09, 0x2d11, 0x2d19, 0x2d21, 0x2d29,
    0x904d, 0x2d31, 0x2d39, 0x2d41, 0x2d49, 0x2d41, 0x2d51, 0x2d59, 0x2d61, 0x2d69,
    0x2d71, 0x2d79, 0x2d81, 0x2d89, 0x2d91, 0x2d99, 0x2da1, 0x2da9, 0x2db1, 0x2db9,
    0x906d, 0x2dc1, 0x2dc9, 0x2dd1, 0x2dd9, 0x2de1, 0x908d, 0x2de9, 0x2df1, 0x2df9,
    0x2e01, 0x2e09, 0x2e11, 0x2e19, 0x2e21, 0x2e29, 0x2e31, 0x2e39, 0x90ad, 0x2e41,
    0x2e49, 0x2e51, 0x2e59, 0x2e61, 0x2e69, 0x2e71, 0x2e79, 0x2e81, 0x2e89, 0x2e91,
    0x2e99, 0x2ea1, 0x2ea9, 0x2eb1, 0x2eb9, 0x2ec1, 0x2ec9, 0x90cd, 0x2ed1, 0x2ed9,
    0x2ee1, 0x2ee9, 0x2ef1, 0x90ed, 0x2ef9, 0x2f01, 0x2f09, 0x2f11, 0x2f19, 0x2f21,
    0x2f29, 0x2f31, 0x7f45, 0x2f39, 0x2f41, 0x2f49, 0x910d, 0x2f51, 0x2f59, 0x2f61,
    0x2f69, 0x2f71, 0x2f79, 0x912d, 0x914d, 0x916d, 0x2f81, 0x918d, 0x2f89, 0x2f91,
    0x2f99, 0x2fa1, 0x2fa9, 0x2fb1, 0x2fb9, 0x2fc1, 0x2fc9, 0x2fd1, 0x91ad, 0x2fd9,
    0x2fe1, 0x2fe9, 0x2ff1, 0x2ff9, 0x3001, 0x91cd, 0x3009, 0x3011, 0x91ed, 0x920d,
    0x3019, 0x3021, 0x3029, 0x3031, 0x3039, 0x3041, 0x3049, 0x3051, 0x3059, 0x922d,
    0x3061, 0x924d, 0x3069, 0x926d, 0x3071, 0x3079, 0x3081, 0x928d, 0x3089, 0x3091,
    0x92ad, 0x92cd, 0x3099, 0x30a1, 0x30a9, 0x30b1, 0x30b9, 0x30b9, 0x30c1, 0x30c9,
    0x30d1, 0x30d9, 0x30e1, 0x30e9, 0x30f1, 0x92ed, 0x30f9, 0x930d, 0x3101, 0x932d,
    0x3109, 0x934d, 0x936d, 0x938d, 0x3111, 0x3119, 0x3121, 0x93ad, 0x93cd, 0x93ed,
    0x940d, 0x3129, 0x3131, 0x3131, 0x3139, 0x3141, 0x3149, 0x3151, 0x3159, 0x942d,
    0x3161, 0x3169, 0x3171, 0x3179, 0x944d, 0x3181, 0x946d, 0x948d, 0x3189, 0x3191,
    0x3199, 0x31a1, 0x31a9, 0x31b1, 0x94ad, 0x94cd, 0x94ed, 0x31b9, 0x31c1, 0x950d,
    0x31c9, 0x31d1, 0x31d9, 0x952d, 0x31e1, 0x31e9, 0x31f1, 0x31f9, 0x3201, 0x954d,
    0x3209, 0x3211, 0x3219, 0x3221, 0x3229, 0x3231, 0x956d, 0x958d, 0x3239, 0x95ad,
    0x3241, 0x95cd, 0x3249, 0x3251, 0x3259, 0x95ed, 0x960d, 0x3261, 0x962d, 0x3269,
    0x964d, 0x3271, 0x3279, 0x3281, 0x3289, 0x3291, 0x3299, 0x966d, 0x968d, 0x96ad,
    0x96cd, 0x2cc1, 0x32a1, 0x32a9, 0x32b1, 0x32b9, 0x32c1, 0x32c9, 0x32d1, 0x32d9,
    0x32e1, 0x32e9, 0x32f1, 0x96ed, 0x32f9, 0x3301, 0x3309, 0x3311, 0x3319, 0x3321,
    0x3329, 0x3331, 0x3339, 0x3341, 0x3349, 0x3351, 0x970d, 0x972d, 0x974d, 0x3359,
    0x3361, 0x3369, 0x3371, 0x976d, 0x3379, 0x978d, 0x3381, 0x3389, 0x97ad, 0x97cd,
    0x3391, 0x3399, 0x33a1, 0x33a9, 0x33b1, 0x33b9, 0x33c1, 0x33c9, 0x33d1, 0x33d9,
    0x33e1, 0x33e9, 0x33f1, 0x33f9, 0x3401, 0x3409, 0x3411, 0x3419, 0x3421, 0x97ed,
    0x3429, 0x3431, 0x3439, 0x3441, 0x3449, 0x980d, 0x982d, 0x3451, 0x3459, 0x3461,
    0x3469, 0x3471, 0x3479, 0x984d, 0x3481, 0x3489, 0x3491, 0x3499, 0x986d, 0x988d,
    0x34a1, 0x34a9, 0x34b1, 0x98ad, 0x34b9, 0x34c1, 0x6885, 0x98cd, 0x34c9, 0x34d1,
    0x34d9, 0x98ed, 0x34e1, 0x34e9, 0x34f1, 0x34f9, 0x3501, 0x3509, 0x3511, 0x990d,
    0x3519, 0x3521, 0x3529, 0x992d, 0x3531, 0x3539, 0x3541, 0x3549, 0x7ba5, 0x994d,
    0x3551, 0x3559, 0x3561, 0x996d, 0x3569, 0x998d, 0x3571, 0x3571, 0x3579, 0x99ad,
    0x3581, 0x3589, 0x3591, 0x3599, 0x35a1, 0x35a9, 0x35b1, 0x99cd, 0x35b9, 0x35c1,
    0x35c9, 0x35d1, 0x35d9, 0x35e1, 0x99ed, 0x35e9, 0x9a0d, 0x9a2d, 0x9a4d, 0x35f1,
    0x35f9, 0x3601, 0x3609, 0x3611, 0x3619, 0x3621, 0x3629, 0x9a6d, 0x40, 0x40,
    0x40, 0x40, 0x40, 0x40, 0x40, 0x40, 0x40, 0x40, 0x40, 0x40,
    0x40, 0x40, 0x40, 0x40, 0x40, 0x40, 0x40, 0x40, 0x40, 0x40,
    0x40, 0x40, 0x40, 0x40, 0x40, 0x40, 0x40, 0x40, 0x40, 0x40,
    0x40, 0x40,
};

const uint16_t burrow__idna_index[2496] = {
    0x0, 0x0, 0x0, 0x0, 0x0, 0x0, 0x0, 0x0, 0x0, 0x0,
    0x0, 0x0, 0x0, 0x0, 0x0, 0x0, 0x0, 0x0, 0x0, 0x0,
    0x0, 0x0, 0x0, 0x0, 0x0, 0x0, 0x0, 0x0, 0x0, 0x0,
    0x0, 0x0, 0x0, 0x0, 0x0, 0x0, 0x0, 0x0, 0x0, 0x0,
    0x0, 0x0, 0x0, 0x0, 0x0, 0x0, 0x0, 0x0, 0x0, 0x0,
    0x0, 0x0, 0x0, 0x0, 0x0, 0x0, 0x0, 0x0, 0x0, 0x0,
    0x0, 0x0, 0x0, 0x0, 0x0, 0x0, 0x0, 0x0, 0x0, 0x0,
    0x0, 0x0, 0x0, 0x0, 0x0, 0x0, 0x0, 0x0, 0x0, 0x0,
    0x0, 0x0, 0x0, 0x0, 0x0, 0x0, 0x0, 0x0, 0x0, 0x0,
    0x0, 0x0, 0x0, 0x0, 0x0, 0x0, 0x0, 0x0, 0x0, 0x0,
    0x0, 0x0, 0x0, 0x0, 0x0, 0x0, 0x0, 0x0, 0x0, 0x0,
    0x0, 0x0, 0x0, 0x0, 0x0, 0x0, 0x0, 0x0, 0x0, 0x0,
    0x0, 0x0, 0x0, 0x0, 0x0, 0x0, 0x0, 0x0, 0x0, 0x0,
    0x0, 0x0, 0x0, 0x0, 0x0, 0x0, 0x0, 0x0, 0x0, 0x0,
    0x0, 0x0, 0x0, 0x0, 0x0, 0x0, 0x0, 0x0, 0x0, 0x0,
    0x0, 0x0, 0x0, 0x0, 0x0, 0x0, 0x0, 0x0, 0x0, 0x0,
    0x0, 0x0, 0x0, 0x0, 0x0, 0x0, 0x0, 0x0, 0x0, 0x0,
    0x0, 0x0, 0x0, 0x0, 0x0, 0x0, 0x0, 0x0, 0x0, 0x0,
    0x0, 0x0, 0x0, 0x0, 0x0, 0x0, 0x0, 0x0, 0x0, 0x0,
    0x0, 0x0, 0x0, 0x0, 0x1, 0x88, 0x2, 0x3, 0x4, 0x5,
    0x6, 0x89, 0x8a, 0x7, 0x8b, 0x8, 0x9, 0xa, 0x8c, 0xb,
    0xc, 0xd, 0xe, 0x8d, 0x8e, 0x8f, 0xf, 0x10, 0x90, 0x11,
    0x12, 0x91, 0x92, 0x93, 0x2, 0x3, 0x4, 0x5, 0x6, 0x7,
    0x7, 0x7, 0x7, 0x7, 0x8, 0x7, 0x7, 0x9, 0xa, 0xb,
    0x20, 0x21, 0x21, 0x23, 0x24, 0x0, 0x0, 0x0, 0x0, 0x0,
    0x0, 0x0, 0x0, 0x0, 0x0, 0x0, 0x0, 0x0, 0x0, 0x0,
    0x0, 0x0, 0x0, 0x0, 0x0, 0x0, 0x0, 0x0, 0x0, 0x0,
    0x0, 0x0, 0x0, 0x0, 0x0, 0x0, 0x0, 0x0, 0x0, 0x0,
    0x0, 0x0, 0x0, 0x0, 0x0, 0x0, 0x0, 0x0, 0x94, 0x13,
    0x14, 0x95, 0x96, 0x15, 0x16, 0x17, 0x18, 0x19, 0x1a, 0x1b,
    0x1c, 0x1d, 0x1e, 0x97, 0x98, 0x1f, 0x20, 0x21, 0x99, 0x22,
    0x9a, 0x9b, 0x9c, 0x9d, 0x23, 0x9e, 0x9f, 0x24, 0x25, 0xa0,
    0xa1, 0xa2, 0xa3, 0xa4, 0xa5, 0xa6, 0xa7, 0xa8, 0xa9, 0xaa,
    0xab, 0xac, 0xad, 0xae, 0xaf, 0xb0, 0xb1, 0xa9, 0xa9, 0xa9,
    0xa9, 0xa9, 0xa9, 0xa9, 0xa9, 0xb2, 0xb3, 0xb4, 0xb5, 0xb6,
    0xb7, 0xb8, 0xb9, 0xba, 0xbb, 0xbc, 0xbd, 0xbe, 0xbf, 0xc0,
    0xc1, 0xc2, 0xc3, 0xc4, 0xc5, 0xc6, 0xc7, 0xc8, 0xc9, 0xca,
    0xcb, 0xcc, 0x26, 0x27, 0x28, 0x8b, 0x29, 0x29, 0x2a, 0x29,
    0xcd, 0x2b, 0x2c, 0x2d, 0x2e, 0x2f, 0x30, 0xce, 0x31, 0x32,
    0xcf, 0xa5, 0xd0, 0xa5, 0xa5, 0xa5, 0xd1, 0xa5, 0xa5, 0xa5,
    0xd2, 0x33, 0x34, 0x35, 0xa5, 0xa5, 0xa5, 0xa5, 0xa5, 0xa5,
    0xa5, 0xa5, 0xa5, 0xa5, 0xa5, 0xa5, 0xa5, 0xa5, 0xa5, 0xa5,
    0xa5, 0xa5, 0xa5, 0xa5, 0xd3, 0xd4, 0xa5, 0xd5, 0xa5, 0xd6,
    0xa5, 0xa5, 0xd7, 0x36, 0x29, 0x37, 0xd8, 0xd9, 0xda, 0xdb,
    0xdc, 0xdd, 0xde, 0xdf, 0xe0, 0xe1, 0xe2, 0x38, 0x39, 0xe3,
    0xe4, 0xe5, 0xe6, 0x3a, 0x3b, 0xe7, 0xe8, 0x3c, 0x3d, 0x3e,
    0xe9, 0xea, 0x3f, 0x40, 0xa9, 0xa9, 0xa9, 0xa9, 0xa9, 0xa9,
    0xa9, 0xa9, 0xa9, 0xa9, 0xa9, 0xa9, 0xa9, 0xa9, 0xa9, 0xa9,
    0xa9, 0xa9, 0xa9, 0xa9, 0xa9, 0xa9, 0xa9, 0xa9, 0xa9, 0xa9,
    0xa9, 0xa9, 0xa9, 0xa9, 0xa9, 0xa9, 0xa9, 0xa9, 0xa9, 0xa9,
    0xa9, 0xa9, 0xa9, 0xa9, 0xa9, 0xa9, 0xa9, 0xa9, 0xa9, 0xa9,
    0xa9, 0xa9, 0xa9, 0xa9, 0xa9, 0xa9, 0xa9, 0xa9, 0xa9, 0xa9,
    0xa9, 0xa9, 0xa9, 0xa9, 0xa9, 0xa9, 0xa9, 0xa9, 0xa9, 0xa9,
    0xa9, 0xa9, 0xa9, 0xa9, 0xa9, 0xa9, 0xa9, 0xa9, 0xa9, 0xa9,
    0xa9, 0xa9, 0xa9, 0xa9, 0xa9, 0xa9, 0xa9, 0xa9, 0xa9, 0xa9,
    0xa9, 0xa9, 0xa9, 0xa9, 0xa9, 0xa9, 0xa9, 0xa9, 0xa9, 0xa9,
    0xa9, 0xa9, 0xa9, 0xa9, 0xa9, 0xa9, 0xa9, 0xa5, 0xa9, 0xa9,
    0xa9, 0xa9, 0xa9, 0xa9, 0xa9, 0xa9, 0xa9, 0xa9, 0xa9, 0xa9,
    0xa9, 0xa9, 0xa9, 0xa9, 0xa9, 0xa9, 0xa9, 0xa9, 0xa9, 0xa9,
    0xa9, 0xa9, 0xa9, 0xa9, 0xa9, 0xa9, 0xa9, 0xa9, 0xa9, 0xa9,
    0xa9, 0xa9, 0xa9, 0xa9, 0xa9, 0xa9, 0xa9, 0xa9, 0xa9, 0xa9,
    0xa9, 0xa9, 0xa9, 0xa9, 0xa9, 0xa9, 0xa9, 0xa9, 0xa9, 0xa9,
    0xa9, 0xa9, 0xa9, 0xa9, 0xa9, 0xa9, 0xa9, 0xa9, 0xa9, 0xa9,
    0xa9, 0xa9, 0xa9, 0xa9, 0xa9, 0xa9, 0xa9, 0xa9, 0xa9, 0xa9,
    0xa9, 0xa9, 0xa9, 0xa9, 0xa9, 0xa9, 0xa9, 0xa9, 0xa9, 0xa9,
    0xa9, 0xa9, 0xa9, 0xa9, 0xa9, 0xa9, 0xa9, 0xa9, 0xeb, 0xec,
    0xa9, 0xa9, 0xa9, 0xa9, 0xed, 0x41, 0x42, 0xee, 0x43, 0x44,
    0x45, 0x46, 0xef, 0xf0, 0xf1, 0xf2, 0xf3, 0xf4, 0xf5, 0xf6,
    0xf7, 0xf8, 0xf9, 0xfa, 0xfb, 0xfc, 0xfd, 0xfe, 0xa9, 0xa9,
    0xa9, 0xa9, 0xa9, 0xa9, 0xa9, 0xa9, 0xa9, 0xa9, 0xa9, 0xa9,
    0xa9, 0xa9, 0xa9, 0xa9, 0xa9, 0xa9, 0xa9, 0xa9, 0xa9, 0xa9,
    0xa9, 0xa9, 0xa9, 0xa9, 0xa9, 0xa9, 0xa9, 0xa9, 0xa9, 0xa9,
    0xa9, 0xa9, 0xa9, 0xa9, 0xa9, 0xa9, 0xa9, 0xa9, 0xa9, 0xa9,
    0xa9, 0xa9, 0xa9, 0xa9, 0xff, 0x100, 0x0, 0x0, 0x0, 0x0,
    0x0, 0x0, 0x0, 0x0, 0x0, 0x0, 0x0, 0x0, 0x0, 0x0,
    0x0, 0x0, 0x0, 0x0, 0x0, 0x0, 0x0, 0x0, 0x0, 0x0,
    0x0, 0x0, 0x0, 0x0, 0x0, 0x0, 0x0, 0x0, 0x101, 0x101,
    0x101, 0x101, 0x101, 0x101, 0x101, 0x101, 0x101, 0x101, 0x101, 0x101,
    0x101, 0x101, 0x101, 0x101, 0x101, 0x101, 0x101, 0x101, 0x101, 0x101,
    0x101, 0x101, 0x101, 0x101, 0x101, 0x101, 0x101, 0x101, 0x101, 0x101,
    0x101, 0x101, 0x101, 0x101, 0x101, 0x101, 0x101, 0x101, 0x101, 0x101,
    0x101, 0x101, 0x101, 0x101, 0x101, 0x101, 0x101, 0x101, 0x101, 0x101,
    0x101, 0x101, 0x101, 0x101, 0x101, 0x101, 0x101, 0x101, 0x101, 0x101,
    0x101, 0x101, 0x101, 0x101, 0x101, 0x101, 0x101, 0x101, 0x101, 0x101,
    0x101, 0x101, 0x101, 0x101, 0x101, 0x101, 0x101, 0x101, 0x101, 0x101,
    0x101, 0x101, 0x101, 0x101, 0x101, 0x101, 0x101, 0x101, 0x101, 0x101,
    0x101, 0x101, 0x101, 0x101, 0x101, 0x101, 0x101, 0x101, 0x102, 0x103,
    0x104, 0x105, 0x47, 0x106, 0x107, 0x48, 0x49, 0x4a, 0x4b, 0x4c,
    0x108, 0x4d, 0x4e, 0x4f, 0x50, 0x51, 0x109, 0x52, 0x53, 0x54,
    0x55, 0x56, 0x57, 0x58, 0x59, 0x5a, 0x10a, 0x10b, 0xa9, 0x10c,
    0x10d, 0xa5, 0x10e, 0x10f, 0x101, 0x101, 0x110, 0x111, 0x112, 0x113,
    0x114, 0x115, 0x116, 0xa9, 0x117, 0x118, 0x119, 0x5b, 0x5c, 0x11a,
    0xa9, 0xa9, 0xa9, 0xa9, 0x11b, 0x11c, 0x5d, 0x101, 0x11d, 0x11e,
    0x11f, 0x120, 0x121, 0x122, 0x123, 0x124, 0x125, 0x126, 0x127, 0x5e,
    0x128, 0x129, 0x5f, 0x101, 0x12a, 0x12b, 0x12c, 0x12d, 0x12e, 0x12f,
    0x130, 0x101, 0x101, 0x131, 0x132, 0x133, 0x134, 0x135, 0x136, 0x137,
    0x138, 0x139, 0x13a, 0x13b, 0x13c, 0x13d, 0x13e, 0x13f, 0x140, 0x141,
    0x142, 0x143, 0x60, 0x61, 0x144, 0x62, 0x145, 0x146, 0x147, 0x148,
    0x101, 0x101, 0x149, 0x14a, 0x14b, 0x14c, 0x14d, 0x14e, 0x14f, 0x150,
    0x101, 0x101, 0x151, 0x101, 0x152, 0x153, 0x63, 0x154, 0x155, 0x156,
    0x157, 0x158, 0x159, 0x15a, 0x15b, 0x15c, 0x101, 0x15d, 0x15e, 0x15f,
    0x160, 0x101, 0x161, 0x162, 0x163, 0x164, 0x101, 0x101, 0x101, 0x165,
    0x166, 0x167, 0x168, 0x169, 0xa9, 0xa9, 0xa9, 0xa9, 0xa9, 0xa9,
    0xa9, 0xa9, 0xa9, 0xa9, 0xa9, 0xa9, 0xa9, 0xa9, 0x16a, 0x101,
    0xa5, 0x16b, 0xa9, 0xa9, 0xa9, 0x16c, 0x101, 0x101, 0x101, 0x101,
    0x101, 0x101, 0x101, 0x101, 0x101, 0x101, 0x101, 0x101, 0x101, 0x101,
    0x101, 0x101, 0x101, 0x101, 0x101, 0x101, 0x101, 0x101, 0x101, 0x101,
    0x101, 0x101, 0x101, 0x101, 0x101, 0x101, 0x101, 0x101, 0x101, 0x101,
    0x101, 0x101, 0x101, 0x101, 0x101, 0x101, 0x16d, 0x16e, 0xa9, 0xa9,
    0xa9, 0xa9, 0xa9, 0xa9, 0xa9, 0xa9, 0xa9, 0xa9, 0xa9, 0xa9,
    0xa9, 0xa9, 0xa9, 0xa9, 0x16f, 0x170, 0xa9, 0xa9, 0xa9, 0xa9,
    0xa9, 0xa9, 0xa9, 0xa9, 0xa9, 0xa9, 0xa9, 0xa9, 0xa9, 0xa9,
    0xa9, 0xa9, 0xa9, 0xa9, 0xa9, 0xa9, 0xa9, 0xa9, 0xa9, 0xa9,
    0xa9, 0xa9, 0xa9, 0xa9, 0xa9, 0xa9, 0xa9, 0xa9, 0xa9, 0xa9,
    0xa9, 0xa9, 0xa9, 0xa9, 0xa9, 0xa9, 0xa9, 0xa9, 0xa9, 0xa9,
    0xa9, 0xa9, 0xa9, 0xa9, 0xa9, 0xa9, 0xa9, 0xa9, 0xa9, 0xa9,
    0xa9, 0xa9, 0xa9, 0xa9, 0xa9, 0xa9, 0xa9, 0x10c, 0xa9, 0xa9,
    0xa9, 0xa9, 0xa9, 0xa9, 0xa9, 0xa9, 0xa9, 0x150, 0x101, 0x101,
    0x101, 0x101, 0x101, 0x101, 0x101, 0x101, 0x101, 0x101, 0x101, 0x101,
    0x101, 0x101, 0x101, 0x101, 0x101, 0x101, 0x101, 0x101, 0x101, 0x101,
    0x101, 0x101, 0x101, 0x101, 0x101, 0x101, 0x101, 0x101, 0x101, 0x101,
    0x101, 0x101, 0x101, 0x101, 0x101, 0x101, 0x101, 0x101, 0x101, 0x101,
    0x171, 0x101, 0x101, 0x101, 0x101, 0x101, 0x101, 0x101, 0x101, 0x101,
    0x101, 0x101, 0x101, 0x101, 0x101, 0x101, 0x101, 0x101, 0x101, 0x101,
    0x101, 0x101, 0x101, 0x101, 0x101, 0x101, 0x101, 0x101, 0xa9, 0xa9,
    0xa9, 0xa9, 0xa9, 0xa9, 0xa9, 0xa9, 0x15a, 0x172, 0x173, 0x174,
    0x175, 0x176, 0x177, 0x101, 0x101, 0x101, 0x101, 0x101, 0x101, 0x178,
    0x101, 0x101, 0x101, 0x179, 0x64, 0x17a, 0xa9, 0x17b, 0x17c, 0x17d,
    0xa9, 0xa9, 0xa9, 0xa9, 0xa9, 0xa9, 0xa9, 0xa9, 0xa9, 0xa9,
    0xa9, 0xa9, 0xa9, 0xa9, 0xa9, 0xa9, 0xa9, 0xa9, 0xa9, 0xa9,
    0xa9, 0xa9, 0xa9, 0xa9, 0xa9, 0xa9, 0xa9, 0xa9, 0xa9, 0xa9,
    0xa9, 0xa9, 0xa9, 0xa9, 0xa9, 0xa9, 0xa9, 0xa9, 0xa9, 0xa9,
    0xa9, 0xa9, 0xa9, 0xa9, 0xa9, 0xa9, 0xa9, 0xa9, 0xa9, 0xa9,
    0xa9, 0x17e, 0x17f, 0x101, 0xa9, 0x180, 0x101, 0x101, 0x101, 0x101,
    0x101, 0x101, 0x101, 0x101, 0x101, 0x101, 0x101, 0x101, 0x101, 0x101,
    0x101, 0x101, 0x101, 0x101, 0x101, 0x101, 0x101, 0x101, 0x101, 0x101,
    0x101, 0x101, 0x101, 0x101, 0x101, 0x101, 0x101, 0x101, 0x101, 0x101,
    0x101, 0x101, 0x101, 0x101, 0x101, 0x101, 0x101, 0x101, 0x101, 0x101,
    0x101, 0x101, 0x101, 0x101, 0x101, 0x101, 0x101, 0x101, 0x101, 0x101,
    0x101, 0x101, 0x101, 0x101, 0x101, 0x101, 0x101, 0x101, 0x101, 0x101,
    0x101, 0x101, 0x101, 0x101, 0x101, 0x101, 0x101, 0x181, 0xa9, 0xa9,
    0xa9, 0xa9, 0x182, 0x183, 0xa9, 0xa9, 0xa9, 0xa9, 0xa9, 0x184,
    0x101, 0x101, 0x101, 0x101, 0x101, 0x101, 0x101, 0x101, 0x101, 0x101,
    0x101, 0x101, 0x101, 0x101, 0x101, 0x101, 0x101, 0x101, 0x101, 0x101,
    0x101, 0x101, 0x101, 0x101, 0x101, 0x101, 0x101, 0x101, 0x101, 0x101,
    0x101, 0x101, 0x101, 0x101, 0x101, 0x101, 0xa9, 0x185, 0x186, 0x101,
    0x101, 0x101, 0x101, 0x101, 0x101, 0x101, 0x101, 0x101, 0x101, 0x101,
    0x101, 0x101, 0x101, 0x101, 0x101, 0x101, 0x101, 0x101, 0x101, 0x101,
    0x101, 0x101, 0x101, 0x101, 0x101, 0x101, 0x101, 0x101, 0x101, 0x101,
    0x101, 0x101, 0x101, 0x101, 0x101, 0x101, 0x101, 0x101, 0x101, 0x101,
    0x101, 0x101, 0x101, 0x101, 0x101, 0x101, 0x101, 0x101, 0x101, 0x101,
    0x101, 0x101, 0x101, 0x101, 0x101, 0x101, 0x101, 0x101, 0x101, 0x101,
    0xa5, 0xa5, 0xa5, 0x65, 0xa5, 0xa5, 0xa5, 0xa5, 0xa5, 0xa5,
    0x187, 0x188, 0x189, 0x18a, 0xa5, 0x18b, 0xa5, 0xa5, 0xa5, 0x18c,
    0x18d, 0x18e, 0x18f, 0x190, 0xa5, 0x191, 0x101, 0x192, 0xa5, 0x193,
    0x101, 0x101, 0x66, 0x67, 0x68, 0x69, 0x6a, 0x6b, 0x6c, 0x6d,
    0x6e, 0x6f, 0x70, 0x71, 0x72, 0x73, 0x74, 0x75, 0xa5, 0xa5,
    0xa5, 0xa5, 0xa5, 0xa5, 0xa5, 0xa5, 0x194, 0x195, 0x196, 0x101,
    0x101, 0x101, 0x101, 0x101, 0x101, 0x101, 0x101, 0x101, 0x101, 0x101,
    0x101, 0x101, 0x101, 0x101, 0x101, 0x101, 0x197, 0x101, 0x101, 0x101,
    0x76, 0x77, 0x198, 0x101, 0x199, 0x19a, 0x101, 0x101, 0x101, 0x101,
    0x19b, 0x19c, 0x101, 0x101, 0x101, 0x101, 0x101, 0x101, 0x101, 0x19d,
    0x101, 0x101, 0x101, 0x19e, 0x101, 0x101, 0x101, 0x19f, 0x101, 0x101,
    0x101, 0x1a0, 0x12a, 0x12a, 0x12a, 0x1a1, 0x78, 0x1a2, 0x101, 0x101,
    0x101, 0x101, 0x101, 0x101, 0x101, 0x101, 0x101, 0x101, 0x101, 0x1a3,
    0x1a4, 0x101, 0x1a5, 0x101, 0x101, 0x101, 0x79, 0x7a, 0x7b, 0x1a6,
    0x101, 0x101, 0x101, 0x101, 0x1a7, 0xa5, 0x1a8, 0x1a9, 0x7c, 0x7d,
    0x1aa, 0x1ab, 0x7e, 0x1ac, 0x101, 0x101, 0xa5, 0xa5, 0xa5, 0xa5,
    0xa5, 0xa5, 0xa5, 0xa5, 0xa5, 0xa5, 0xa5, 0xa5, 0xa5, 0xa5,
    0xa5, 0x1ad, 0xa5, 0xa5, 0xa5, 0x1ae, 0x1af, 0x1b0, 0x1b1, 0x1b2,
    0xa5, 0xa5, 0xa5, 0xa5, 0xa5, 0x1b3, 0x1b4, 0x1b5, 0xa5, 0xa5,
    0x1b6, 0x1b7, 0x101, 0x101, 0x101, 0x101, 0x101, 0x101, 0x101, 0x101,
    0x101, 0x101, 0x101, 0x101, 0x101, 0x101, 0x101, 0x101, 0xa9, 0xa9,
    0xa9, 0xa9, 0xa9, 0xa9, 0xa9, 0xa9, 0xa9, 0xa9, 0xa9, 0xa9,
    0xa9, 0xa9, 0xa9, 0xa9, 0xa9, 0xa9, 0xa9, 0xa9, 0xa9, 0xa9,
    0xa9, 0xa9, 0xa9, 0xa9, 0xa9, 0x1b8, 0xa9, 0xa9, 0xa9, 0xa9,
    0xa9, 0xa9, 0xa9, 0xa9, 0xa9, 0xa9, 0xa9, 0xa9, 0xa9, 0xa9,
    0xa9, 0xa9, 0xa9, 0xa9, 0xa9, 0xa9, 0xa9, 0xa9, 0xa9, 0xa9,
    0xa9, 0xa9, 0xa9, 0xa9, 0xa9, 0xa9, 0xa9, 0xa9, 0xa9, 0xa9,
    0xa9, 0xa9, 0xa9, 0xa9, 0xa9, 0xa9, 0xa9, 0xa9, 0xa9, 0xa9,
    0xa9, 0xa9, 0xa9, 0xa9, 0xa9, 0xa9, 0xa9, 0xa9, 0xa9, 0xa9,
    0xa9, 0xa9, 0xa9, 0xa9, 0xa9, 0xa9, 0xa9, 0xa9, 0xa9, 0xa9,
    0xa9, 0xa9, 0xa9, 0xa9, 0x1b9, 0xa9, 0xa9, 0xa9, 0xa9, 0xa9,
    0xa9, 0xa9, 0xa9, 0xa9, 0xa9, 0xa9, 0xa9, 0xa9, 0xa9, 0xa9,
    0xa9, 0xa9, 0xa9, 0xa9, 0xa9, 0xa9, 0xa9, 0xa9, 0xa9, 0xa9,
    0xa9, 0xa9, 0xa9, 0xa9, 0xa9, 0xa9, 0xa9, 0xa9, 0xa9, 0xa9,
    0xa9, 0xa9, 0xa9, 0xa9, 0xa9, 0xa9, 0xa9, 0xa9, 0xa9, 0xa9,
    0xa9, 0xa9, 0xa9, 0xa9, 0xa9, 0xa9, 0xa9, 0xa9, 0xa9, 0xa9,
    0xa9, 0xa9, 0xa9, 0xa9, 0xa9, 0xa9, 0xa9, 0xa9, 0xa9, 0xa9,
    0xa9, 0xa9, 0xa9, 0xa9, 0xa9, 0xa9, 0xa9, 0xa9, 0xa9, 0xa9,
    0xa9, 0xa9, 0xa9, 0xa9, 0xa9, 0xa9, 0xa9, 0xa9, 0xa9, 0xa9,
    0xa9, 0xa9, 0xa9, 0xa9, 0x1ba, 0xa9, 0xa9, 0xa9, 0xa9, 0xa9,
    0xa9, 0xa9, 0xa9, 0xa9, 0xa9, 0xa9, 0xa9, 0xa9, 0xa9, 0xa9,
    0xa9, 0xa9, 0xa9, 0xa9, 0xa9, 0xa9, 0xa9, 0xa9, 0xa9, 0xa9,
    0xa9, 0xa9, 0xa9, 0xa9, 0xa9, 0xa9, 0xa9, 0xa9, 0xa9, 0xa9,
    0xa9, 0xa9, 0xa9, 0xa9, 0xa9, 0xa9, 0xa9, 0xa9, 0xa9, 0xa9,
    0xa9, 0xa9, 0xa9, 0xa9, 0xa9, 0xa9, 0xa9, 0x1bb, 0xa9, 0xa9,
    0xa9, 0xa9, 0xa9, 0xa9, 0xa9, 0xa9, 0xa9, 0x1bc, 0x101, 0x101,
    0x101, 0x101, 0x101, 0x101, 0x101, 0x101, 0x101, 0x101, 0x101, 0x101,
    0x101, 0x101, 0x101, 0x101, 0x101, 0x101, 0x101, 0x101, 0x101, 0x101,
    0x101, 0x101, 0x101, 0x101, 0x101, 0x101, 0x101, 0x101, 0x101, 0x101,
    0x101, 0x101, 0x101, 0x101, 0x101, 0x101, 0x7f, 0x80, 0x81, 0x82,
    0x83, 0x84, 0x85, 0x86, 0x87, 0x101, 0x101, 0x101, 0x101, 0x101,
    0x101, 0x101, 0x101, 0x101, 0x101, 0x101, 0x101, 0x101, 0x101, 0x101,
    0x101, 0x101, 0x101, 0x101, 0x101, 0x101, 0x101, 0x101, 0xa9, 0xa9,
    0xa9, 0xa9, 0xa9, 0xa9, 0xa9, 0xa9, 0xa9, 0xa9, 0xa9, 0xa9,
    0xa9, 0x1bd, 0xa9, 0xa9, 0xa9, 0xa9, 0xa9, 0xa9, 0xa9, 0xa9,
    0xa9, 0xa9, 0xa9, 0xa9, 0xa9, 0xa9, 0xa9, 0xa9, 0xa9, 0xa9,
    0xa9, 0xa9, 0xa9, 0xa9, 0xa9, 0xa9, 0xa9, 0xa9, 0xa9, 0xa9,
    0xa9, 0xa9, 0xa9, 0xa9, 0xa9, 0xa9, 0xa9, 0xa9, 0xa9, 0xa9,
    0xa9, 0xa9, 0xa9, 0xa9, 0xa9, 0xa9, 0xa9, 0xa9, 0xa9, 0xa9,
    0xa9, 0xa9, 0xa9, 0xa9, 0xa9, 0xa9, 0xa9, 0xa9, 0xa9, 0xa9,
    0xa9, 0xa9, 0xa9, 0xa9, 0xa9, 0xa9, 0xa9, 0xa9, 0xa9, 0x1be,
    0x101, 0x101, 0x101, 0x101, 0x101, 0x101, 0x101, 0x101, 0x101, 0x101,
    0x101, 0x101, 0x101, 0x101, 0x101, 0x101, 0x101, 0x101, 0x101, 0x101,
    0x101, 0x101, 0x101, 0x101, 0x101, 0x101, 0x101, 0x101, 0x101, 0x101,
    0x101, 0x101, 0x101, 0x101, 0x101, 0x101, 0x101, 0x101, 0x101, 0x101,
    0x101, 0x101, 0x101, 0x101, 0x101, 0x101, 0x0, 0x0, 0x0, 0x0,
    0x0, 0x0, 0x0, 0x0, 0x0, 0x0, 0x0, 0x0, 0x0, 0x0,
    0x0, 0x0, 0xc, 0xd, 0xe, 0xf, 0x10, 0xa, 0x11, 0x7,
    0x12, 0xa, 0x13, 0x14, 0x15, 0x16, 0x17, 0x18, 0x7, 0x7,
    0x7, 0x7, 0x7, 0x7, 0x7, 0x7, 0x7, 0x7, 0x19, 0x1a,
    0x1b, 0x7, 0x1c, 0x1d, 0x7, 0x1e, 0x7, 0x1f, 0xa, 0xa,
    0xa, 0xa, 0xa, 0xa, 0xa, 0xa, 0xa, 0xa, 0xa, 0xa,
    0xa, 0xa, 0xa, 0xa, 0xa, 0xa, 0xa, 0xa, 0xa, 0xa,
    0xa, 0xa, 0xa, 0xa, 0xa, 0xa, 0xa, 0xa, 0xa, 0xa,
    0xa, 0xa, 0xa, 0xa, 0xa, 0xa, 0xa, 0xa, 0xa, 0xa,
    0xa, 0xa, 0xa, 0xa, 0xa, 0xa, 0xa, 0xa, 0xa, 0xa,
    0xa, 0xa, 0xa, 0xa, 0xa, 0xa, 0xa, 0xa, 0xa, 0xa,
    0xa, 0xa, 0xa, 0xa, 0xa, 0xa, 0xa, 0xa, 0xa, 0xa,
    0xa, 0xa, 0xa, 0xa, 0x1bf, 0x1c0, 0x101, 0x101, 0x1c1, 0x1c1,
    0x1c1, 0x1c2, 0x101, 0x101, 0x101, 0x101, 0x101, 0x101, 0x101, 0x101,
    0x101, 0x101, 0x101, 0x101, 0x101, 0x101, 0x101, 0x101, 0x101, 0x101,
    0x101, 0x101, 0x101, 0x101, 0x101, 0x101, 0x101, 0x101, 0x101, 0x101,
    0x101, 0x101, 0x101, 0x101, 0x101, 0x101, 0x101, 0x101, 0x101, 0x101,
    0x101, 0x101, 0x101, 0x101, 0x101, 0x101, 0x101, 0x101, 0x101, 0x101,
    0x101, 0x101, 0x101, 0x101, 0x101, 0x101, 0x101, 0x101, 0xa, 0xa,
    0xa, 0xa, 0xa, 0xa, 0xa, 0xa, 0xa, 0xa, 0xa, 0xa,
    0xa, 0xa, 0xa, 0xa, 0xa, 0xa, 0xa, 0xa, 0xa, 0xa,
    0xa, 0xa, 0xa, 0xa, 0xa, 0xa, 0xa, 0xa, 0xa, 0xa,
    0x22, 0xa, 0xa, 0xa, 0xa, 0xa, 0xa, 0xa, 0xa, 0xa,
    0xa, 0xa, 0xa, 0xa, 0xa, 0xa, 0xa, 0xa, 0xa, 0xa,
    0xa, 0xa, 0xa, 0xa, 0xa, 0xa, 0xa, 0xa, 0xa, 0xa,
    0xa, 0xa, 0xa, 0xa, 0xa, 0xa, 0xa, 0xa, 0xa, 0xa,
    0xa, 0xa, 0xa, 0xa, 0xa, 0xa, 0xa, 0xa, 0x0, 0x0,
    0x0, 0x0, 0x0, 0x0, 0x0, 0x0, 0x0, 0x0, 0x0, 0x0,
    0x0, 0x0, 0x0, 0x0, 0x0, 0x0, 0x0, 0x0, 0x0, 0x0,
    0x0, 0x0, 0x0, 0x0, 0x0, 0x0, 0x0, 0x0, 0x0, 0x0,
    0x0, 0x0, 0x0, 0x0, 0x0, 0x0, 0x0, 0x0, 0x0, 0x0,
    0x0, 0x0, 0x0, 0x0, 0x0, 0x0,
};

const uint16_t burrow__idna_sparse_offset[315] = {
    0x0, 0x8, 0x19, 0x25, 0x27, 0x2c, 0x33, 0x3e, 0x4a, 0x4e,
    0x5d, 0x62, 0x6c, 0x78, 0x7e, 0x87, 0x97, 0xa6, 0xb1, 0xbe,
    0xcf, 0xd9, 0xe0, 0xed, 0xfe, 0x105, 0x110, 0x11f, 0x12d, 0x138,
    0x13a, 0x13f, 0x142, 0x145, 0x147, 0x153, 0x15e, 0x166, 0x16c, 0x172,
    0x177, 0x17c, 0x17f, 0x183, 0x189, 0x18e, 0x199, 0x1a3, 0x1a9, 0x1ba,
    0x1c4, 0x1c7, 0x1cf, 0x1d2, 0x1df, 0x1e7, 0x1eb, 0x1f2, 0x1fa, 0x20a,
    0x216, 0x21b, 0x225, 0x231, 0x23d, 0x249, 0x251, 0x256, 0x265, 0x276,
    0x281, 0x286, 0x28f, 0x297, 0x29c, 0x29f, 0x2a3, 0x2a9, 0x2ad, 0x2b1,
    0x2b6, 0x2be, 0x2c5, 0x2d0, 0x2da, 0x2de, 0x2e1, 0x2e7, 0x2eb, 0x2ed,
    0x2f0, 0x2f2, 0x2f5, 0x2ff, 0x302, 0x311, 0x315, 0x319, 0x31b, 0x324,
    0x328, 0x32d, 0x332, 0x338, 0x348, 0x34e, 0x352, 0x361, 0x366, 0x36e,
    0x378, 0x383, 0x38b, 0x39c, 0x3a5, 0x3b5, 0x3c2, 0x3ce, 0x3d3, 0x3e0,
    0x3e4, 0x3e9, 0x3eb, 0x3ed, 0x3f1, 0x3f3, 0x3f7, 0x400, 0x406, 0x40a,
    0x41a, 0x424, 0x429, 0x42c, 0x432, 0x439, 0x43e, 0x442, 0x448, 0x44d,
    0x456, 0x45b, 0x461, 0x468, 0x46f, 0x476, 0x47a, 0x47d, 0x480, 0x485,
    0x491, 0x497, 0x49c, 0x4a3, 0x4ab, 0x4ae, 0x4b3, 0x4b7, 0x4c7, 0x4ce,
    0x4d2, 0x4d6, 0x4dd, 0x4df, 0x4e2, 0x4e5, 0x4e9, 0x4f2, 0x4fa, 0x4ff,
    0x503, 0x50b, 0x515, 0x51d, 0x528, 0x537, 0x543, 0x549, 0x556, 0x562,
    0x56a, 0x573, 0x57e, 0x585, 0x594, 0x5a1, 0x5a5, 0x5b2, 0x5bb, 0x5c7,
    0x5cb, 0x5da, 0x5e2, 0x5ed, 0x5f6, 0x5fc, 0x604, 0x60d, 0x619, 0x61e,
    0x62c, 0x62f, 0x638, 0x63b, 0x640, 0x649, 0x64e, 0x65b, 0x666, 0x66f,
    0x67a, 0x67d, 0x680, 0x689, 0x68f, 0x699, 0x6a2, 0x6ae, 0x6bb, 0x6c8,
    0x6d7, 0x6dc, 0x6e3, 0x6ee, 0x6f6, 0x6fa, 0x6fe, 0x701, 0x706, 0x709,
    0x70c, 0x710, 0x713, 0x719, 0x721, 0x728, 0x72b, 0x733, 0x737, 0x742,
    0x745, 0x74c, 0x74f, 0x752, 0x758, 0x75e, 0x769, 0x76d, 0x770, 0x773,
    0x77b, 0x780, 0x789, 0x78c, 0x791, 0x79b, 0x79f, 0x7a4, 0x7a8, 0x7ac,
    0x7af, 0x7b2, 0x7b6, 0x7c5, 0x7d1, 0x7d5, 0x7da, 0x7df, 0x7e4, 0x7e8,
    0x7ed, 0x7f6, 0x7fb, 0x7ff, 0x805, 0x80b, 0x810, 0x816, 0x81c, 0x823,
    0x830, 0x83a, 0x840, 0x849, 0x84c, 0x84f, 0x853, 0x857, 0x85b, 0x861,
    0x867, 0x86c, 0x86f, 0x87f, 0x886, 0x88d, 0x891, 0x897, 0x89e, 0x8a3,
    0x8aa, 0x8ae, 0x8b9, 0x8bd, 0x8cb, 0x8ce, 0x8d2, 0x8d6, 0x8da, 0x8dd,
    0x8e1, 0x8e4, 0x8e9, 0x8eb, 0x8ed,
};

const IdnaValueRange burrow__idna_sparse_values[2288] = {
    {0x0000, 0x07, 0x00}, {0xe105, 0x80, 0x96}, {0x0018, 0x97, 0x97}, {0xe105, 0x98, 0x9e},
    {0x001f, 0x9f, 0x9f}, {0x0008, 0xa0, 0xb6}, {0x0018, 0xb7, 0xb7}, {0x0008, 0xb8, 0xbf},
    {0x0000, 0x10, 0x00}, {0x0008, 0x80, 0x80}, {0xe01d, 0x81, 0x81}, {0x0008, 0x82, 0x82},
    {0x0335, 0x83, 0x83}, {0x034d, 0x84, 0x84}, {0x0365, 0x85, 0x85}, {0xe00d, 0x86, 0x86},
    {0x0008, 0x87, 0x87}, {0xe00d, 0x88, 0x88}, {0x0008, 0x89, 0x89}, {0xe00d, 0x8a, 0x8a},
    {0x0008, 0x8b, 0x8b}, {0xe00d, 0x8c, 0x8c}, {0x0008, 0x8d, 0x8d}, {0xe00d, 0x8e, 0x8e},
    {0x0008, 0x8f, 0xbf}, {0x0000, 0x0b, 0x00}, {0x0008, 0x80, 0xaf}, {0x00a9, 0xb0, 0xb0},
    {0x037d, 0xb1, 0xb1}, {0x00b1, 0xb2, 0xb2}, {0x00b9, 0xb3, 0xb3}, {0x034d, 0xb4, 0xb4},
    {0x0395, 0xb5, 0xb5}, {0xe1bd, 0xb6, 0xb6}, {0x00c1, 0xb7, 0xb7}, {0x00c9, 0xb8, 0xb8},
    {0x0008, 0xb9, 0xbf}, {0x0000, 0x01, 0x00}, {0x3308, 0x80, 0xbf}, {0x0000, 0x04, 0x00},
    {0x03f5, 0x80, 0x8f}, {0xe105, 0x90, 0x9f}, {0x049d, 0xa0, 0xaf}, {0x0008, 0xb0, 0xbf},
    {0x0000, 0x06, 0x00}, {0xe185, 0x80, 0x8f}, {0x0545, 0x90, 0x96}, {0x0040, 0x97, 0x98},
    {0x0008, 0x99, 0x99}, {0x0018, 0x9a, 0x9f}, {0x0008, 0xa0, 0xbf}, {0x0000, 0x0a, 0x00},
    {0x0008, 0x80, 0x86}, {0x0131, 0x87, 0x87}, {0x0008, 0x88, 0x88}, {0x0018, 0x89, 0x8a},
    {0x0040, 0x8b, 0x8c}, {0x0018, 0x8d, 0x8f}, {0x0040, 0x90, 0x90}, {0x3308, 0x91, 0xbd},
    {0x0818, 0xbe, 0xbe}, {0x3308, 0xbf, 0xbf}, {0x0000, 0x0b, 0x00}, {0x0818, 0x80, 0x80},
    {0x3308, 0x81, 0x82}, {0x0818, 0x83, 0x83}, {0x3308, 0x84, 0x85}, {0x0818, 0x86, 0x86},
    {0x3308, 0x87, 0x87}, {0x0040, 0x88, 0x8f}, {0x0808, 0x90, 0xaa}, {0x0040, 0xab, 0xae},
    {0x0808, 0xaf, 0xb4}, {0x0040, 0xb5, 0xbf}, {0x0000, 0x03, 0x00}, {0x0a08, 0x80, 0x87},
    {0x0c08, 0x88, 0x99}, {0x0a08, 0x9a, 0xbf}, {0x0000, 0x0e, 0x00}, {0x3308, 0x80, 0x8a},
    {0x0040, 0x8b, 0x8c}, {0x0c08, 0x8d, 0x8d}, {0x0a08, 0x8e, 0x98}, {0x0c08, 0x99, 0x9b},
    {0x0a08, 0x9c, 0xaa}, {0x0c08, 0xab, 0xac}, {0x0a08, 0xad, 0xb0}, {0x0c08, 0xb1, 0xb1},
    {0x0a08, 0xb2, 0xb2}, {0x0c08, 0xb3, 0xb4}, {0x0a08, 0xb5, 0xb7}, {0x0c08, 0xb8, 0xb9},
    {0x0a08, 0xba, 0xbf}, {0x0000, 0x04, 0x00}, {0x0808, 0x80, 0xa5}, {0x3308, 0xa6, 0xb0},
    {0x0808, 0xb1, 0xb1}, {0x0040, 0xb2, 0xbf}, {0x0000, 0x09, 0x00}, {0x0808, 0x80, 0x89},
    {0x0a08, 0x8a, 0xaa}, {0x3308, 0xab, 0xb3}, {0x0808, 0xb4, 0xb5}, {0x0018, 0xb6, 0xb9},
    {0x0818, 0xba, 0xba}, {0x0040, 0xbb, 0xbc}, {0x3308, 0xbd, 0xbd}, {0x0818, 0xbe, 0xbf},
    {0x0000, 0x0b, 0x00}, {0x0808, 0x80, 0x95}, {0x3308, 0x96, 0x99}, {0x0808, 0x9a, 0x9a},
    {0x3308, 0x9b, 0xa3}, {0x0808, 0xa4, 0xa4}, {0x3308, 0xa5, 0xa7}, {0x0808, 0xa8, 0xa8},
    {0x3308, 0xa9, 0xad}, {0x0040, 0xae, 0xaf}, {0x0818, 0xb0, 0xbe}, {0x0040, 0xbf, 0xbf},
    {0x0000, 0x05, 0x00}, {0x0a08, 0x80, 0x88}, {0x0808, 0x89, 0x89}, {0x3308, 0x8a, 0xa1},
    {0x0840, 0xa2, 0xa2}, {0x3308, 0xa3, 0xbf}, {0x0000, 0x08, 0x00}, {0x3308, 0x80, 0x82},
    {0x3008, 0x83, 0x83}, {0x0008, 0x84, 0xb9}, {0x3308, 0xba, 0xba}, {0x3008, 0xbb, 0xbb},
    {0x3308, 0xbc, 0xbc}, {0x0008, 0xbd, 0xbd}, {0x3008, 0xbe, 0xbf}, {0x0000, 0x0f, 0x00},
    {0x3308, 0x80, 0x80}, {0x3008, 0x81, 0x82}, {0x0040, 0x83, 0x85}, {0x3008, 0x86, 0x88},
    {0x0040, 0x89, 0x89}, {0x3008, 0x8a, 0x8c}, {0x3b08, 0x8d, 0x8d}, {0x0040, 0x8e, 0x8f},
    {0x0008, 0x90, 0x90}, {0x0040, 0x91, 0x96}, {0x3008, 0x97, 0x97}, {0x0040, 0x98, 0xa5},
    {0x0008, 0xa6, 0xaf}, {0x0018, 0xb0, 0xba}, {0x0040, 0xbb, 0xbf}, {0x0000, 0x0e, 0x00},
    {0x3308, 0x80, 0x80}, {0x3008, 0x81, 0x83}, {0x3308, 0x84, 0x84}, {0x0008, 0x85, 0x8c},
    {0x0040, 0x8d, 0x8d}, {0x0008, 0x8e, 0x90}, {0x0040, 0x91, 0x91}, {0x0008, 0x92, 0xa8},
    {0x0040, 0xa9, 0xa9}, {0x0008, 0xaa, 0xb9}, {0x0040, 0xba, 0xbb}, {0x3308, 0xbc, 0xbc},
    {0x0008, 0xbd, 0xbd}, {0x3308, 0xbe, 0xbf}, {0x0000, 0x0a, 0x00}, {0x3308, 0x80, 0x81},
    {0x3008, 0x82, 0x83}, {0x0008, 0x84, 0x8c}, {0x0040, 0x8d, 0x8d}, {0x0008, 0x8e, 0x90},
    {0x0040, 0x91, 0x91}, {0x0008, 0x92, 0xba}, {0x3b08, 0xbb, 0xbc}, {0x0008, 0xbd, 0xbd},
    {0x3008, 0xbe, 0xbf}, {0x0000, 0x0c, 0x00}, {0x0040, 0x80, 0x80}, {0x3308, 0x81, 0x81},
    {0x3008, 0x82, 0x83}, {0x0040, 0x84, 0x84}, {0x0008, 0x85, 0x96}, {0x0040, 0x97, 0x99},
    {0x0008, 0x9a, 0xb1}, {0x0040, 0xb2, 0xb2}, {0x0008, 0xb3, 0xbb}, {0x0040, 0xbc, 0xbc},
    {0x0008, 0xbd, 0xbd}, {0x0040, 0xbe, 0xbf}, {0x0000, 0x10, 0x00}, {0x0008, 0x80, 0x86},
    {0x0040, 0x87, 0x89}, {0x3b08, 0x8a, 0x8a}, {0x0040, 0x8b, 0x8e}, {0x3008, 0x8f, 0x91},
    {0x3308, 0x92, 0x94}, {0x0040, 0x95, 0x95}, {0x3308, 0x96, 0x96}, {0x0040, 0x97, 0x97},
    {0x3008, 0x98, 0x9f}, {0x0040, 0xa0, 0xa5}, {0x0008, 0xa6, 0xaf}, {0x0040, 0xb0, 0xb1},
    {0x3008, 0xb2, 0xb3}, {0x0018, 0xb4, 0xb4}, {0x0040, 0xb5, 0xbf}, {0x0000, 0x09, 0x00},
    {0x0040, 0x80, 0x80}, {0x0008, 0x81, 0xb0}, {0x3308, 0xb1, 0xb1}, {0x0008, 0xb2, 0xb2},
    {0x01f1, 0xb3, 0xb3}, {0x3308, 0xb4, 0xb9}, {0x3b08, 0xba, 0xba}, {0x0040, 0xbb, 0xbe},
    {0x0018, 0xbf, 0xbf}, {0x0000, 0x06, 0x00}, {0x0008, 0x80, 0x86}, {0x3308, 0x87, 0x8e},
    {0x0018, 0x8f, 0x8f}, {0x0008, 0x90, 0x99}, {0x0018, 0x9a, 0x9b}, {0x0040, 0x9c, 0xbf},
    {0x0000, 0x0c, 0x00}, {0x0008, 0x80, 0x84}, {0x0040, 0x85, 0x85}, {0x0008, 0x86, 0x86},
    {0x0040, 0x87, 0x87}, {0x3308, 0x88, 0x8e}, {0x0040, 0x8f, 0x8f}, {0x0008, 0x90, 0x99},
    {0x0040, 0x9a, 0x9b}, {0x0201, 0x9c, 0x9c}, {0x0209, 0x9d, 0x9d}, {0x0008, 0x9e, 0x9f},
    {0x0040, 0xa0, 0xbf}, {0x0000, 0x10, 0x00}, {0x0008, 0x80, 0x80}, {0x0018, 0x81, 0x8a},
    {0x0008, 0x8b, 0x8b}, {0xe03d, 0x8c, 0x8c}, {0x0018, 0x8d, 0x97}, {0x3308, 0x98, 0x99},
    {0x0018, 0x9a, 0x9f}, {0x0008, 0xa0, 0xa9}, {0x0018, 0xaa, 0xb4}, {0x3308, 0xb5, 0xb5},
    {0x0018, 0xb6, 0xb6}, {0x3308, 0xb7, 0xb7}, {0x0018, 0xb8, 0xb8}, {0x3308, 0xb9, 0xb9},
    {0x0018, 0xba, 0xbd}, {0x3008, 0xbe, 0xbf}, {0x0000, 0x06, 0x00}, {0x0018, 0x80, 0x85},
    {0x3308, 0x86, 0x86}, {0x0018, 0x87, 0x8c}, {0x0040, 0x8d, 0x8d}, {0x0018, 0x8e, 0x9a},
    {0x0040, 0x9b, 0xbf}, {0x0000, 0x0a, 0x00}, {0x0008, 0x80, 0xaa}, {0x3008, 0xab, 0xac},
    {0x3308, 0xad, 0xb0}, {0x3008, 0xb1, 0xb1}, {0x3308, 0xb2, 0xb7}, {0x3008, 0xb8, 0xb8},
    {0x3b08, 0xb9, 0xba}, {0x3008, 0xbb, 0xbc}, {0x3308, 0xbd, 0xbe}, {0x0008, 0xbf, 0xbf},
    {0x0000, 0x0e, 0x00}, {0x0008, 0x80, 0x89}, {0x0018, 0x8a, 0x8f}, {0x0008, 0x90, 0x95},
    {0x3008, 0x96, 0x97}, {0x3308, 0x98, 0x99}, {0x0008, 0x9a, 0x9d}, {0x3308, 0x9e, 0xa0},
    {0x0008, 0xa1, 0xa1}, {0x3008, 0xa2, 0xa4}, {0x0008, 0xa5, 0xa6}, {0x3008, 0xa7, 0xad},
    {0x0008, 0xae, 0xb0}, {0x3308, 0xb1, 0xb4}, {0x0008, 0xb5, 0xbf}, {0x0000, 0x0d, 0x00},
    {0x0008, 0x80, 0x81}, {0x3308, 0x82, 0x82}, {0x3008, 0x83, 0x84}, {0x3308, 0x85, 0x86},
    {0x3008, 0x87, 0x8c}, {0x3308, 0x8d, 0x8d}, {0x0008, 0x8e, 0x8e}, {0x3008, 0x8f, 0x8f},
    {0x0008, 0x90, 0x99}, {0x3008, 0x9a, 0x9c}, {0x3308, 0x9d, 0x9d}, {0x0018, 0x9e, 0x9f},
    {0x055d, 0xa0, 0xbf}, {0x0000, 0x0a, 0x00}, {0x057d, 0x80, 0x85}, {0x0040, 0x86, 0x86},
    {0x057d, 0x87, 0x87}, {0x0040, 0x88, 0x8c}, {0x057d, 0x8d, 0x8d}, {0x0040, 0x8e, 0x8f},
    {0x0008, 0x90, 0xba}, {0x0018, 0xbb, 0xbb}, {0xe105, 0xbc, 0xbc}, {0x0008, 0xbd, 0xbf},
    {0x0000, 0x01, 0x00}, {0x0018, 0x80, 0xbf}, {0x0000, 0x04, 0x00}, {0x0018, 0x80, 0x9e},
    {0x00c0, 0x9f, 0xa0}, {0x2018, 0xa1, 0xb5}, {0x0018, 0xb6, 0xbf}, {0x0000, 0x02, 0x00},
    {0x0018, 0x80, 0xa7}, {0x2018, 0xa8, 0xbf}, {0x0000, 0x02, 0x00}, {0x2018, 0x80, 0x82},
    {0x0018, 0x83, 0xbf}, {0x0000, 0x01, 0x00}, {0x0008, 0x80, 0xbf}, {0x0000, 0x0b, 0x00},
    {0x0008, 0x80, 0x88}, {0x0040, 0x89, 0x89}, {0x0008, 0x8a, 0x8d}, {0x0040, 0x8e, 0x8f},
    {0x0008, 0x90, 0x96}, {0x0040, 0x97, 0x97}, {0x0008, 0x98, 0x98}, {0x0040, 0x99, 0x99},
    {0x0008, 0x9a, 0x9d}, {0x0040, 0x9e, 0x9f}, {0x0008, 0xa0, 0xbf}, {0x0000, 0x0a, 0x00},
    {0x0008, 0x80, 0x88}, {0x0040, 0x89, 0x89}, {0x0008, 0x8a, 0x8d}, {0x0040, 0x8e, 0x8f},
    {0x0008, 0x90, 0xb0}, {0x0040, 0xb1, 0xb1}, {0x0008, 0xb2, 0xb5}, {0x0040, 0xb6, 0xb7},
    {0x0008, 0xb8, 0xbe}, {0x0040, 0xbf, 0xbf}, {0x0000, 0x07, 0x00}, {0x0008, 0x80, 0x80},
    {0x0040, 0x81, 0x81}, {0x0008, 0x82, 0x85}, {0x0040, 0x86, 0x87}, {0x0008, 0x88, 0x96},
    {0x0040, 0x97, 0x97}, {0x0008, 0x98, 0xbf}, {0x0000, 0x05, 0x00}, {0x0008, 0x80, 0x90},
    {0x0040, 0x91, 0x91}, {0x0008, 0x92, 0x95}, {0x0040, 0x96, 0x97}, {0x0008, 0x98, 0xbf},
    {0x0000, 0x05, 0x00}, {0x0008, 0x80, 0x9a}, {0x0040, 0x9b, 0x9c}, {0x3308, 0x9d, 0x9f},
    {0x0018, 0xa0, 0xbc}, {0x0040, 0xbd, 0xbf}, {0x0000, 0x04, 0x00}, {0x0008, 0x80, 0x8f},
    {0x0018, 0x90, 0x99}, {0x0040, 0x9a, 0x9f}, {0x0008, 0xa0, 0xbf}, {0x0000, 0x04, 0x00},
    {0x0008, 0x80, 0xb5}, {0x0040, 0xb6, 0xb7}, {0xe045, 0xb8, 0xbd}, {0x0040, 0xbe, 0xbf},
    {0x0000, 0x02, 0x00}, {0x0018, 0x80, 0x80}, {0x0008, 0x81, 0xbf}, {0x0000, 0x03, 0x00},
    {0x0008, 0x80, 0xac}, {0x0018, 0xad, 0xae}, {0x0008, 0xaf, 0xbf}, {0x0000, 0x05, 0x00},
    {0x0040, 0x80, 0x80}, {0x0008, 0x81, 0x9a}, {0x0018, 0x9b, 0x9c}, {0x0040, 0x9d, 0x9f},
    {0x0008, 0xa0, 0xbf}, {0x0000, 0x04, 0x00}, {0x0008, 0x80, 0xaa}, {0x0018, 0xab, 0xb0},
    {0x0008, 0xb1, 0xb8}, {0x0040, 0xb9, 0xbf}, {0x0000, 0x0a, 0x00}, {0x0008, 0x80, 0x91},
    {0x3308, 0x92, 0x93}, {0x3b08, 0x94, 0x94}, {0x3808, 0x95, 0x95}, {0x0040, 0x96, 0x9e},
    {0x0008, 0x9f, 0xb1}, {0x3308, 0xb2, 0xb3}, {0x3808, 0xb4, 0xb4}, {0x0018, 0xb5, 0xb6},
    {0x0040, 0xb7, 0xbf}, {0x0000, 0x09, 0x00}, {0x0008, 0x80, 0x91}, {0x3308, 0x92, 0x93},
    {0x0040, 0x94, 0x9f}, {0x0008, 0xa0, 0xac}, {0x0040, 0xad, 0xad}, {0x0008, 0xae, 0xb0},
    {0x0040, 0xb1, 0xb1}, {0x3308, 0xb2, 0xb3}, {0x0040, 0xb4, 0xbf}, {0x0000, 0x05, 0x00},
    {0x0008, 0x80, 0xb3}, {0x33c0, 0xb4, 0xb5}, {0x3008, 0xb6, 0xb6}, {0x3308, 0xb7, 0xbd},
    {0x3008, 0xbe, 0xbf}, {0x0000, 0x10, 0x00}, {0x3008, 0x80, 0x85}, {0x3308, 0x86, 0x86},
    {0x3008, 0x87, 0x88}, {0x3308, 0x89, 0x91}, {0x3b08, 0x92, 0x92}, {0x3308, 0x93, 0x93},
    {0x0018, 0x94, 0x96}, {0x0008, 0x97, 0x97}, {0x0018, 0x98, 0x9b}, {0x0008, 0x9c, 0x9c},
    {0x3308, 0x9d, 0x9d}, {0x0040, 0x9e, 0x9f}, {0x0008, 0xa0, 0xa9}, {0x0040, 0xaa, 0xaf},
    {0x0018, 0xb0, 0xb9}, {0x0040, 0xba, 0xbf}, {0x0000, 0x09, 0x00}, {0x0018, 0x80, 0x86},
    {0x0218, 0x87, 0x87}, {0x0018, 0x88, 0x8a}, {0x33c0, 0x8b, 0x8d}, {0x00c0, 0x8e, 0x8e},
    {0x33c0, 0x8f, 0x8f}, {0x0008, 0x90, 0x99}, {0x0040, 0x9a, 0x9f}, {0x0208, 0xa0, 0xbf},
    {0x0000, 0x02, 0x00}, {0x0208, 0x80, 0xb8}, {0x0040, 0xb9, 0xbf}, {0x0000, 0x07, 0x00},
    {0x0008, 0x80, 0x84}, {0x3308, 0x85, 0x86}, {0x0208, 0x87, 0xa8}, {0x3308, 0xa9, 0xa9},
    {0x0208, 0xaa, 0xaa}, {0x0040, 0xab, 0xaf}, {0x0008, 0xb0, 0xbf}, {0x0000, 0x02, 0x00},
    {0x0008, 0x80, 0xb5}, {0x0040, 0xb6, 0xbf}, {0x0000, 0x0c, 0x00}, {0x0008, 0x80, 0x9e},
    {0x0040, 0x9f, 0x9f}, {0x3308, 0xa0, 0xa2}, {0x3008, 0xa3, 0xa6}, {0x3308, 0xa7, 0xa8},
    {0x3008, 0xa9, 0xab}, {0x0040, 0xac, 0xaf}, {0x3008, 0xb0, 0xb1}, {0x3308, 0xb2, 0xb2},
    {0x3008, 0xb3, 0xb8}, {0x3308, 0xb9, 0xbb}, {0x0040, 0xbc, 0xbf}, {0x0000, 0x07, 0x00},
    {0x0018, 0x80, 0x80}, {0x0040, 0x81, 0x83}, {0x0018, 0x84, 0x85}, {0x0008, 0x86, 0xad},
    {0x0040, 0xae, 0xaf}, {0x0008, 0xb0, 0xb4}, {0x0040, 0xb5, 0xbf}, {0x0000, 0x03, 0x00},
    {0x0008, 0x80, 0xab}, {0x0040, 0xac, 0xaf}, {0x0008, 0xb0, 0xbf}, {0x0000, 0x06, 0x00},
    {0x0008, 0x80, 0x89}, {0x0040, 0x8a, 0x8f}, {0x0008, 0x90, 0x99}, {0x0028, 0x9a, 0x9a},
    {0x0040, 0x9b, 0x9d}, {0x0018, 0x9e, 0xbf}, {0x0000, 0x07, 0x00}, {0x0008, 0x80, 0x96},
    {0x3308, 0x97, 0x98}, {0x3008, 0x99, 0x9a}, {0x3308, 0x9b, 0x9b}, {0x0040, 0x9c, 0x9d},
    {0x0018, 0x9e, 0x9f}, {0x0008, 0xa0, 0xbf}, {0x0000, 0x0f, 0x00}, {0x0008, 0x80, 0x94},
    {0x3008, 0x95, 0x95}, {0x3308, 0x96, 0x96}, {0x3008, 0x97, 0x97}, {0x3308, 0x98, 0x9e},
    {0x0040, 0x9f, 0x9f}, {0x3b08, 0xa0, 0xa0}, {0x3008, 0xa1, 0xa1}, {0x3308, 0xa2, 0xa2},
    {0x3008, 0xa3, 0xa4}, {0x3308, 0xa5, 0xac}, {0x3008, 0xad, 0xb2}, {0x3308, 0xb3, 0xbc},
    {0x0040, 0xbd, 0xbe}, {0x3308, 0xbf, 0xbf}, {0x0000, 0x0b, 0x00}, {0x0008, 0x80, 0x89},
    {0x0040, 0x8a, 0x8f}, {0x0008, 0x90, 0x99}, {0x0040, 0x9a, 0x9f}, {0x0018, 0xa0, 0xa6},
    {0x0008, 0xa7, 0xa7}, {0x0018, 0xa8, 0xad}, {0x0040, 0xae, 0xaf}, {0x3308, 0xb0, 0xbd},
    {0x3318, 0xbe, 0xbe}, {0x3308, 0xbf, 0xbf}, {0x0000, 0x04, 0x00}, {0x3308, 0x80, 0x9d},
    {0x0040, 0x9e, 0x9f}, {0x3308, 0xa0, 0xab}, {0x0040, 0xac, 0xbf}, {0x0000, 0x09, 0x00},
    {0x3308, 0x80, 0x83}, {0x3008, 0x84, 0x84}, {0x0008, 0x85, 0xb3}, {0x3308, 0xb4, 0xb4},
    {0x3008, 0xb5, 0xb5}, {0x3308, 0xb6, 0xba}, {0x3008, 0xbb, 0xbb}, {0x3308, 0xbc, 0xbc},
    {0x3008, 0xbd, 0xbf}, {0x0000, 0x0b, 0x00}, {0x3008, 0x80, 0x81}, {0x3308, 0x82, 0x82},
    {0x3008, 0x83, 0x83}, {0x3808, 0x84, 0x84}, {0x0008, 0x85, 0x8c}, {0x0040, 0x8d, 0x8d},
    {0x0018, 0x8e, 0x8f}, {0x0008, 0x90, 0x99}, {0x0018, 0x9a, 0xaa}, {0x3308, 0xab, 0xb3},
    {0x0018, 0xb4, 0xbf}, {0x0000, 0x0b, 0x00}, {0x3308, 0x80, 0x81}, {0x3008, 0x82, 0x82},
    {0x0008, 0x83, 0xa0}, {0x3008, 0xa1, 0xa1}, {0x3308, 0xa2, 0xa5}, {0x3008, 0xa6, 0xa7},
    {0x3308, 0xa8, 0xa9}, {0x3808, 0xaa, 0xaa}, {0x3b08, 0xab, 0xab}, {0x3308, 0xac, 0xad},
    {0x0008, 0xae, 0xbf}, {0x0000, 0x0b, 0x00}, {0x0008, 0x80, 0xa5}, {0x3308, 0xa6, 0xa6},
    {0x3008, 0xa7, 0xa7}, {0x3308, 0xa8, 0xa9}, {0x3008, 0xaa, 0xac}, {0x3308, 0xad, 0xad},
    {0x3008, 0xae, 0xae}, {0x3308, 0xaf, 0xb1}, {0x3808, 0xb2, 0xb3}, {0x0040, 0xb4, 0xbb},
    {0x0018, 0xbc, 0xbf}, {0x0000, 0x07, 0x00}, {0x0008, 0x80, 0xa3}, {0x3008, 0xa4, 0xab},
    {0x3308, 0xac, 0xb3}, {0x3008, 0xb4, 0xb5}, {0x3308, 0xb6, 0xb7}, {0x0040, 0xb8, 0xba},
    {0x0018, 0xbb, 0xbf}, {0x0000, 0x04, 0x00}, {0x0008, 0x80, 0x89}, {0x0040, 0x8a, 0x8c},
    {0x0008, 0x8d, 0xbd}, {0x0018, 0xbe, 0xbf}, {0x0000, 0x0e, 0x00}, {0x02a9, 0x80, 0x80},
    {0x02b1, 0x81, 0x81}, {0x02b9, 0x82, 0x82}, {0x02c1, 0x83, 0x83}, {0x02c9, 0x84, 0x85},
    {0x02d1, 0x86, 0x86}, {0x02d9, 0x87, 0x87}, {0x059d, 0x88, 0x88}, {0xe01d, 0x89, 0x89},
    {0x0008, 0x8a, 0x8a}, {0x0040, 0x8b, 0x8f}, {0x05bd, 0x90, 0xba}, {0x0040, 0xbb, 0xbc},
    {0x05bd, 0xbd, 0xbf}, {0x0000, 0x10, 0x00}, {0x0018, 0x80, 0x87}, {0x0040, 0x88, 0x8f},
    {0x3308, 0x90, 0x92}, {0x0018, 0x93, 0x93}, {0x3308, 0x94, 0xa0}, {0x3008, 0xa1, 0xa1},
    {0x3308, 0xa2, 0xa8}, {0x0008, 0xa9, 0xac}, {0x3308, 0xad, 0xad}, {0x0008, 0xae, 0xb3},
    {0x3308, 0xb4, 0xb4}, {0x0008, 0xb5, 0xb6}, {0x3008, 0xb7, 0xb7}, {0x3308, 0xb8, 0xb9},
    {0x0008, 0xba, 0xba}, {0x0040, 0xbb, 0xbf}, {0x0000, 0x0a, 0x00}, {0x0008, 0x80, 0x87},
    {0xe045, 0x88, 0x8f}, {0x0008, 0x90, 0x95}, {0x0040, 0x96, 0x97}, {0xe045, 0x98, 0x9d},
    {0x0040, 0x9e, 0x9f}, {0x0008, 0xa0, 0xa7}, {0xe045, 0xa8, 0xaf}, {0x0008, 0xb0, 0xb7},
    {0xe045, 0xb8, 0xbf}, {0x0000, 0x04, 0x00}, {0x0018, 0x80, 0x81}, {0x0040, 0x82, 0x8f},
    {0x3318, 0x90, 0xb0}, {0x0040, 0xb1, 0xbf}, {0x0000, 0x08, 0x00}, {0x0018, 0x80, 0x82},
    {0xe03d, 0x83, 0x83}, {0x0008, 0x84, 0x84}, {0x0018, 0x85, 0x88}, {0x0851, 0x89, 0x89},
    {0x0018, 0x8a, 0x8b}, {0x0040, 0x8c, 0x8f}, {0x0018, 0x90, 0xbf}, {0x0000, 0x07, 0x00},
    {0x0018, 0x80, 0xab}, {0x0859, 0xac, 0xac}, {0x0861, 0xad, 0xad}, {0x0018, 0xae, 0xae},
    {0x0869, 0xaf, 0xaf}, {0x0871, 0xb0, 0xb0}, {0x0018, 0xb1, 0xbf}, {0x0000, 0x04, 0x00},
    {0x0018, 0x80, 0xa8}, {0x0a15, 0xa9, 0xa9}, {0x0a35, 0xaa, 0xaa}, {0x0018, 0xab, 0xbf},
    {0x0000, 0x02, 0x00}, {0x0018, 0x80, 0xa9}, {0x0040, 0xaa, 0xbf}, {0x0000, 0x03, 0x00},
    {0x0018, 0x80, 0x8b}, {0x0929, 0x8c, 0x8c}, {0x0018, 0x8d, 0xbf}, {0x0000, 0x05, 0x00},
    {0x0018, 0x80, 0xb3}, {0x0eb5, 0xb4, 0xb4}, {0x0931, 0xb5, 0xb5}, {0x0ed5, 0xb6, 0xb6},
    {0x0018, 0xb7, 0xbf}, {0x0000, 0x03, 0x00}, {0x0018, 0x80, 0x9b}, {0x0939, 0x9c, 0x9c},
    {0x0018, 0x9d, 0xbf}, {0x0000, 0x03, 0x00}, {0x0018, 0x80, 0xb3}, {0x0040, 0xb4, 0xb5},
    {0x0018, 0xb6, 0xbf}, {0x0000, 0x04, 0x00}, {0xe185, 0x80, 0x8f}, {0x03f5, 0x90, 0x9f},
    {0x0ef5, 0xa0, 0xaf}, {0x0008, 0xb0, 0xbf}, {0x0000, 0x07, 0x00}, {0x0008, 0x80, 0xa5},
    {0x0040, 0xa6, 0xa6}, {0x0008, 0xa7, 0xa7}, {0x0040, 0xa8, 0xac}, {0x0008, 0xad, 0xad},
    {0x0040, 0xae, 0xaf}, {0x0008, 0xb0, 0xbf}, {0x0000, 0x06, 0x00}, {0x0008, 0x80, 0xa7},
    {0x0040, 0xa8, 0xae}, {0xe075, 0xaf, 0xaf}, {0x0018, 0xb0, 0xb0}, {0x0040, 0xb1, 0xbe},
    {0x3b08, 0xbf, 0xbf}, {0x0000, 0x0a, 0x00}, {0x0008, 0x80, 0x96}, {0x0040, 0x97, 0x9f},
    {0x0008, 0xa0, 0xa6}, {0x0040, 0xa7, 0xa7}, {0x0008, 0xa8, 0xae}, {0x0040, 0xaf, 0xaf},
    {0x0008, 0xb0, 0xb6}, {0x0040, 0xb7, 0xb7}, {0x0008, 0xb8, 0xbe}, {0x0040, 0xbf, 0xbf},
    {0x0000, 0x09, 0x00}, {0x0008, 0x80, 0x86}, {0x0040, 0x87, 0x87}, {0x0008, 0x88, 0x8e},
    {0x0040, 0x8f, 0x8f}, {0x0008, 0x90, 0x96}, {0x0040, 0x97, 0x97}, {0x0008, 0x98, 0x9e},
    {0x0040, 0x9f, 0x9f}, {0x3308, 0xa0, 0xbf}, {0x0000, 0x03, 0x00}, {0x0018, 0x80, 0xae},
    {0x0008, 0xaf, 0xaf}, {0x0018, 0xb0, 0xbf}, {0x0000, 0x02, 0x00}, {0x0018, 0x80, 0x9d},
    {0x0040, 0x9e, 0xbf}, {0x0000, 0x05, 0x00}, {0x0018, 0x80, 0x99}, {0x0040, 0x9a, 0x9a},
    {0x0018, 0x9b, 0x9e}, {0x0f2d, 0x9f, 0x9f}, {0x0018, 0xa0, 0xbf}, {0x0000, 0x03, 0x00},
    {0x0018, 0x80, 0xb2}, {0x0f4d, 0xb3, 0xb3}, {0x0040, 0xb4, 0xbf}, {0x0020, 0x01, 0x00},
    {0x0f6d, 0x80, 0xbf}, {0x0020, 0x02, 0x00}, {0x176d, 0x80, 0x8f}, {0x194d, 0x90, 0xbf},
    {0x0020, 0x01, 0x00}, {0x1f4d, 0x80, 0xbf}, {0x0000, 0x02, 0x00}, {0x0040, 0x80, 0x80},
    {0x0008, 0x81, 0xbf}, {0x0000, 0x09, 0x00}, {0x0008, 0x80, 0x96}, {0x0040, 0x97, 0x98},
    {0x3308, 0x99, 0x9a}, {0x0969, 0x9b, 0x9b}, {0x0971, 0x9c, 0x9c}, {0x0008, 0x9d, 0x9e},
    {0x0979, 0x9f, 0x9f}, {0x0018, 0xa0, 0xa0}, {0x0008, 0xa1, 0xbf}, {0x0000, 0x02, 0x00},
    {0x0008, 0x80, 0xbe}, {0x0981, 0xbf, 0xbf}, {0x0000, 0x0e, 0x00}, {0x0040, 0x80, 0x84},
    {0x0008, 0x85, 0xaf}, {0x0040, 0xb0, 0xb0}, {0x2a6d, 0xb1, 0xb1}, {0x2a8d, 0xb2, 0xb2},
    {0x2aad, 0xb3, 0xb3}, {0x2acd, 0xb4, 0xb4}, {0x2aad, 0xb5, 0xb5}, {0x2aed, 0xb6, 0xb6},
    {0x2b0d, 0xb7, 0xb7}, {0x2b2d, 0xb8, 0xb9}, {0x2b4d, 0xba, 0xbb}, {0x2b6d, 0xbc, 0xbd},
    {0x2b4d, 0xbe, 0xbf}, {0x0000, 0x03, 0x00}, {0x0018, 0x80, 0xa5}, {0x0040, 0xa6, 0xaf},
    {0x0008, 0xb0, 0xbf}, {0x0008, 0x03, 0x00}, {0x0989, 0x80, 0x9e}, {0x0040, 0x9f, 0x9f},
    {0x0a81, 0xa0, 0xbf}, {0x0008, 0x01, 0x00}, {0x0d19, 0x80, 0xbf}, {0x0008, 0x08, 0x00},
    {0x0f19, 0x80, 0xb0}, {0x407d, 0xb1, 0xb1}, {0x10a1, 0xb2, 0xb3}, {0x409d, 0xb4, 0xb4},
    {0x10b1, 0xb5, 0xb7}, {0x40bd, 0xb8, 0xb8}, {0x40bd, 0xb9, 0xb9}, {0x10c9, 0xba, 0xbf},
    {0x0000, 0x03, 0x00}, {0x0008, 0x80, 0x8c}, {0x0040, 0x8d, 0x8f}, {0x0018, 0x90, 0xbf},
    {0x0000, 0x04, 0x00}, {0x0018, 0x80, 0x86}, {0x0040, 0x87, 0x8f}, {0x0008, 0x90, 0xbd},
    {0x0018, 0xbe, 0xbf}, {0x0000, 0x04, 0x00}, {0x0008, 0x80, 0x8c}, {0x0018, 0x8d, 0x8f},
    {0x0008, 0x90, 0xab}, {0x0040, 0xac, 0xbf}, {0x0000, 0x05, 0x00}, {0x0008, 0x80, 0xa5},
    {0x0018, 0xa6, 0xaf}, {0x3308, 0xb0, 0xb1}, {0x0018, 0xb2, 0xb7}, {0x0040, 0xb8, 0xbf},
    {0x0000, 0x0f, 0x00}, {0x0008, 0x80, 0x81}, {0x3308, 0x82, 0x82}, {0x0008, 0x83, 0x85},
    {0x3b08, 0x86, 0x86}, {0x0008, 0x87, 0x8a}, {0x3308, 0x8b, 0x8b}, {0x0008, 0x8c, 0xa2},
    {0x3008, 0xa3, 0xa4}, {0x3308, 0xa5, 0xa6}, {0x3008, 0xa7, 0xa7}, {0x0018, 0xa8, 0xab},
    {0x3b08, 0xac, 0xac}, {0x0040, 0xad, 0xaf}, {0x0018, 0xb0, 0xb9}, {0x0040, 0xba, 0xbf},
    {0x0000, 0x05, 0x00}, {0x0208, 0x80, 0xb1}, {0x0108, 0xb2, 0xb2}, {0x0008, 0xb3, 0xb3},
    {0x0018, 0xb4, 0xb7}, {0x0040, 0xb8, 0xbf}, {0x0000, 0x03, 0x00}, {0x3008, 0x80, 0x81},
    {0x0008, 0x82, 0xb3}, {0x3008, 0xb4, 0xbf}, {0x0000, 0x0e, 0x00}, {0x3008, 0x80, 0x83},
    {0x3b08, 0x84, 0x84}, {0x3308, 0x85, 0x85}, {0x0040, 0x86, 0x8d}, {0x0018, 0x8e, 0x8f},
    {0x0008, 0x90, 0x99}, {0x0040, 0x9a, 0x9f}, {0x3308, 0xa0, 0xb1}, {0x0008, 0xb2, 0xb7},
    {0x0018, 0xb8, 0xba}, {0x0008, 0xbb, 0xbb}, {0x0018, 0xbc, 0xbc}, {0x0008, 0xbd, 0xbe},
    {0x3308, 0xbf, 0xbf}, {0x0000, 0x04, 0x00}, {0x0008, 0x80, 0xa5}, {0x3308, 0xa6, 0xad},
    {0x0018, 0xae, 0xaf}, {0x0008, 0xb0, 0xbf}, {0x0000, 0x07, 0x00}, {0x0008, 0x80, 0x86},
    {0x3308, 0x87, 0x91}, {0x3008, 0x92, 0x92}, {0x3808, 0x93, 0x93}, {0x0040, 0x94, 0x9e},
    {0x0018, 0x9f, 0xbc}, {0x0040, 0xbd, 0xbf}, {0x0000, 0x09, 0x00}, {0x3308, 0x80, 0x82},
    {0x3008, 0x83, 0x83}, {0x0008, 0x84, 0xb2}, {0x3308, 0xb3, 0xb3}, {0x3008, 0xb4, 0xb5},
    {0x3308, 0xb6, 0xb9}, {0x3008, 0xba, 0xbb}, {0x3308, 0xbc, 0xbd}, {0x3008, 0xbe, 0xbf},
    {0x0000, 0x0a, 0x00}, {0x3808, 0x80, 0x80}, {0x0018, 0x81, 0x8d}, {0x0040, 0x8e, 0x8e},
    {0x0008, 0x8f, 0x99}, {0x0040, 0x9a, 0x9d}, {0x0018, 0x9e, 0x9f}, {0x0008, 0xa0, 0xa4},
    {0x3308, 0xa5, 0xa5}, {0x0008, 0xa6, 0xbe}, {0x0040, 0xbf, 0xbf}, {0x0000, 0x07, 0x00},
    {0x0008, 0x80, 0xa8}, {0x3308, 0xa9, 0xae}, {0x3008, 0xaf, 0xb0}, {0x3308, 0xb1, 0xb2},
    {0x3008, 0xb3, 0xb4}, {0x3308, 0xb5, 0xb6}, {0x0040, 0xb7, 0xbf}, {0x0000, 0x10, 0x00},
    {0x0008, 0x80, 0x82}, {0x3308, 0x83, 0x83}, {0x0008, 0x84, 0x8b}, {0x3308, 0x8c, 0x8c},
    {0x3008, 0x8d, 0x8d}, {0x0040, 0x8e, 0x8f}, {0x0008, 0x90, 0x99}, {0x0040, 0x9a, 0x9b},
    {0x0018, 0x9c, 0x9f}, {0x0008, 0xa0, 0xb6}, {0x0018, 0xb7, 0xb9}, {0x0008, 0xba, 0xba},
    {0x3008, 0xbb, 0xbb}, {0x3308, 0xbc, 0xbc}, {0x3008, 0xbd, 0xbd}, {0x0008, 0xbe, 0xbf},
    {0x0000, 0x08, 0x00}, {0x0008, 0x80, 0xaf}, {0x3308, 0xb0, 0xb0}, {0x0008, 0xb1, 0xb1},
    {0x3308, 0xb2, 0xb4}, {0x0008, 0xb5, 0xb6}, {0x3308, 0xb7, 0xb8}, {0x0008, 0xb9, 0xbd},
    {0x3308, 0xbe, 0xbf}, {0x0000, 0x0f, 0x00}, {0x0008, 0x80, 0x80}, {0x3308, 0x81, 0x81},
    {0x0008, 0x82, 0x82}, {0x0040, 0x83, 0x9a}, {0x0008, 0x9b, 0x9d}, {0x0018, 0x9e, 0x9f},
    {0x0008, 0xa0, 0xaa}, {0x3008, 0xab, 0xab}, {0x3308, 0xac, 0xad}, {0x3008, 0xae, 0xaf},
    {0x0018, 0xb0, 0xb1}, {0x0008, 0xb2, 0xb4}, {0x3008, 0xb5, 0xb5}, {0x3b08, 0xb6, 0xb6},
    {0x0040, 0xb7, 0xbf}, {0x0000, 0x0c, 0x00}, {0x0040, 0x80, 0x80}, {0x0008, 0x81, 0x86},
    {0x0040, 0x87, 0x88}, {0x0008, 0x89, 0x8e}, {0x0040, 0x8f, 0x90}, {0x0008, 0x91, 0x96},
    {0x0040, 0x97, 0x9f}, {0x0008, 0xa0, 0xa6}, {0x0040, 0xa7, 0xa7}, {0x0008, 0xa8, 0xae},
    {0x0040, 0xaf, 0xaf}, {0x0008, 0xb0, 0xbf}, {0x0000, 0x0b, 0x00}, {0x0008, 0x80, 0x9a},
    {0x0018, 0x9b, 0x9b}, {0x44d5, 0x9c, 0x9c}, {0x44ed, 0x9d, 0x9d}, {0x0941, 0x9e, 0x9e},
    {0xe06d, 0x9f, 0x9f}, {0x0008, 0xa0, 0xa8}, {0x1409, 0xa9, 0xa9}, {0x0018, 0xaa, 0xab},
    {0x0040, 0xac, 0xaf}, {0x4505, 0xb0, 0xbf}, {0x0000, 0x04, 0x00}, {0x4525, 0x80, 0x8f},
    {0x4545, 0x90, 0x9f}, {0x4565, 0xa0, 0xaf}, {0x4545, 0xb0, 0xbf}, {0x0000, 0x0c, 0x00},
    {0x0008, 0x80, 0xa2}, {0x3008, 0xa3, 0xa4}, {0x3308, 0xa5, 0xa5}, {0x3008, 0xa6, 0xa7},
    {0x3308, 0xa8, 0xa8}, {0x3008, 0xa9, 0xaa}, {0x0018, 0xab, 0xab}, {0x3008, 0xac, 0xac},
    {0x3b08, 0xad, 0xad}, {0x0040, 0xae, 0xaf}, {0x0008, 0xb0, 0xb9}, {0x0040, 0xba, 0xbf},
    {0x0000, 0x03, 0x00}, {0x0008, 0x80, 0xa3}, {0x0040, 0xa4, 0xaf}, {0x0018, 0xb0, 0xbf},
    {0x0000, 0x04, 0x00}, {0x0018, 0x80, 0x86}, {0x0040, 0x87, 0x8a}, {0x0018, 0x8b, 0xbb},
    {0x0040, 0xbc, 0xbf}, {0x0000, 0x01, 0x00}, {0x0040, 0x80, 0xbf}, {0x0020, 0x01, 0x00},
    {0x4585, 0x80, 0xbf}, {0x0020, 0x03, 0x00}, {0x4d85, 0x80, 0x94}, {0x4b45, 0x95, 0x95},
    {0x5025, 0x96, 0xbf}, {0x0020, 0x01, 0x00}, {0x5565, 0x80, 0xbf}, {0x0020, 0x03, 0x00},
    {0x5d65, 0x80, 0x84}, {0x56c5, 0x85, 0x85}, {0x5e05, 0x86, 0xbf}, {0x0020, 0x08, 0x00},
    {0x6bc5, 0x80, 0x8f}, {0x6d85, 0x90, 0x90}, {0x6dc5, 0x91, 0xab}, {0x1411, 0xac, 0xac},
    {0x7125, 0xad, 0xad}, {0x0040, 0xae, 0xae}, {0x0040, 0xaf, 0xaf}, {0x7145, 0xb0, 0xbf},
    {0x0020, 0x05, 0x00}, {0x7345, 0x80, 0xad}, {0x65a5, 0xae, 0xae}, {0x7905, 0xaf, 0xb5},
    {0x6fc5, 0xb6, 0xb6}, {0x79e5, 0xb7, 0xbf}, {0x0008, 0x03, 0x00}, {0x1761, 0x80, 0x82},
    {0x1751, 0x83, 0x83}, {0x1779, 0x84, 0xbf}, {0x0008, 0x0f, 0x00}, {0x1d91, 0x80, 0x83},
    {0x1da9, 0x84, 0x85}, {0x1db1, 0x86, 0x87}, {0x1db9, 0x88, 0x8f}, {0x0018, 0x90, 0x90},
    {0x0018, 0x91, 0x91}, {0x1df9, 0x92, 0x97}, {0x1e21, 0x98, 0x9c}, {0x1e41, 0x9d, 0xb3},
    {0x1d81, 0xb4, 0xb4}, {0x1d91, 0xb5, 0xb5}, {0x1ef9, 0xb6, 0xbb}, {0x1f19, 0xbc, 0xbc},
    {0x1f09, 0xbd, 0xbd}, {0x1f29, 0xbe, 0xbf}, {0x0000, 0x09, 0x00}, {0x0008, 0x80, 0x8b},
    {0x0040, 0x8c, 0x8c}, {0x0008, 0x8d, 0xa6}, {0x0040, 0xa7, 0xa7}, {0x0008, 0xa8, 0xba},
    {0x0040, 0xbb, 0xbb}, {0x0008, 0xbc, 0xbd}, {0x0040, 0xbe, 0xbe}, {0x0008, 0xbf, 0xbf},
    {0x0000, 0x04, 0x00}, {0x0008, 0x80, 0x8d}, {0x0040, 0x8e, 0x8f}, {0x0008, 0x90, 0x9d},
    {0x0040, 0x9e, 0xbf}, {0x0000, 0x02, 0x00}, {0x0008, 0x80, 0xba}, {0x0040, 0xbb, 0xbf},
    {0x0000, 0x05, 0x00}, {0x0018, 0x80, 0x82}, {0x0040, 0x83, 0x86}, {0x0018, 0x87, 0xb3},
    {0x0040, 0xb4, 0xb6}, {0x0018, 0xb7, 0xbf}, {0x0000, 0x06, 0x00}, {0x0018, 0x80, 0x8e},
    {0x0040, 0x8f, 0x8f}, {0x0018, 0x90, 0x9c}, {0x0040, 0x9d, 0x9f}, {0x0018, 0xa0, 0xa0},
    {0x0040, 0xa1, 0xbf}, {0x0000, 0x04, 0x00}, {0x0040, 0x80, 0x8f}, {0x0018, 0x90, 0xbc},
    {0x3308, 0xbd, 0xbd}, {0x0040, 0xbe, 0xbf}, {0x0000, 0x03, 0x00}, {0x0008, 0x80, 0x9c},
    {0x0040, 0x9d, 0x9f}, {0x0008, 0xa0, 0xbf}, {0x0000, 0x05, 0x00}, {0x0008, 0x80, 0x90},
    {0x0040, 0x91, 0x9f}, {0x3308, 0xa0, 0xa0}, {0x0018, 0xa1, 0xbb}, {0x0040, 0xbc, 0xbf},
    {0x0000, 0x04, 0x00}, {0x0008, 0x80, 0x9f}, {0x0018, 0xa0, 0xa3}, {0x0040, 0xa4, 0xac},
    {0x0008, 0xad, 0xbf}, {0x0000, 0x08, 0x00}, {0x0008, 0x80, 0x80}, {0x0018, 0x81, 0x81},
    {0x0008, 0x82, 0x89}, {0x0018, 0x8a, 0x8a}, {0x0040, 0x8b, 0x8f}, {0x0008, 0x90, 0xb5},
    {0x3308, 0xb6, 0xba}, {0x0040, 0xbb, 0xbf}, {0x0000, 0x04, 0x00}, {0x0008, 0x80, 0x9d},
    {0x0040, 0x9e, 0x9e}, {0x0018, 0x9f, 0x9f}, {0x0008, 0xa0, 0xbf}, {0x0000, 0x05, 0x00},
    {0x0008, 0x80, 0x83}, {0x0040, 0x84, 0x87}, {0x0008, 0x88, 0x8f}, {0x0018, 0x90, 0x95},
    {0x0040, 0x96, 0xbf}, {0x0000, 0x06, 0x00}, {0xe145, 0x80, 0x87}, {0xe1c5, 0x88, 0x8f},
    {0xe145, 0x90, 0x97}, {0x8b45, 0x98, 0x9f}, {0x8b5d, 0xa0, 0xa7}, {0x0008, 0xa8, 0xbf},
    {0x0000, 0x06, 0x00}, {0x0008, 0x80, 0x9d}, {0x0040, 0x9e, 0x9f}, {0x0008, 0xa0, 0xa9},
    {0x0040, 0xaa, 0xaf}, {0x8b5d, 0xb0, 0xb7}, {0x8b45, 0xb8, 0xbf}, {0x0000, 0x06, 0x00},
    {0xe145, 0x80, 0x87}, {0xe1c5, 0x88, 0x8f}, {0xe145, 0x90, 0x93}, {0x0040, 0x94, 0x97},
    {0x0008, 0x98, 0xbb}, {0x0040, 0xbc, 0xbf}, {0x0000, 0x03, 0x00}, {0x0008, 0x80, 0xa7},
    {0x0040, 0xa8, 0xaf}, {0x0008, 0xb0, 0xbf}, {0x0000, 0x02, 0x00}, {0x0008, 0x80, 0xb3},
    {0x0040, 0xb4, 0xbf}, {0x0000, 0x02, 0x00}, {0x0008, 0x80, 0xb6}, {0x0040, 0xb7, 0xbf},
    {0x0000, 0x04, 0x00}, {0x0008, 0x80, 0x95}, {0x0040, 0x96, 0x9f}, {0x0008, 0xa0, 0xa7},
    {0x0040, 0xa8, 0xbf}, {0x0000, 0x0b, 0x00}, {0x0808, 0x80, 0x85}, {0x0040, 0x86, 0x87},
    {0x0808, 0x88, 0x88}, {0x0040, 0x89, 0x89}, {0x0808, 0x8a, 0xb5}, {0x0040, 0xb6, 0xb6},
    {0x0808, 0xb7, 0xb8}, {0x0040, 0xb9, 0xbb}, {0x0808, 0xbc, 0xbc}, {0x0040, 0xbd, 0xbe},
    {0x0808, 0xbf, 0xbf}, {0x0000, 0x05, 0x00}, {0x0808, 0x80, 0x95}, {0x0040, 0x96, 0x96},
    {0x0818, 0x97, 0x9f}, {0x0808, 0xa0, 0xb6}, {0x0818, 0xb7, 0xbf}, {0x0000, 0x04, 0x00},
    {0x0808, 0x80, 0x9e}, {0x0040, 0x9f, 0xa6}, {0x0818, 0xa7, 0xaf}, {0x0040, 0xb0, 0xbf},
    {0x0000, 0x06, 0x00}, {0x0040, 0x80, 0x9f}, {0x0808, 0xa0, 0xb2}, {0x0040, 0xb3, 0xb3},
    {0x0808, 0xb4, 0xb5}, {0x0040, 0xb6, 0xba}, {0x0818, 0xbb, 0xbf}, {0x0000, 0x07, 0x00},
    {0x0808, 0x80, 0x95}, {0x0818, 0x96, 0x9b}, {0x0040, 0x9c, 0x9e}, {0x0018, 0x9f, 0x9f},
    {0x0808, 0xa0, 0xb9}, {0x0040, 0xba, 0xbe}, {0x0818, 0xbf, 0xbf}, {0x0000, 0x02, 0x00},
    {0x0808, 0x80, 0x99}, {0x0040, 0x9a, 0xbf}, {0x0000, 0x04, 0x00}, {0x0808, 0x80, 0xb7},
    {0x0040, 0xb8, 0xbb}, {0x0818, 0xbc, 0xbd}, {0x0808, 0xbe, 0xbf}, {0x0000, 0x03, 0x00},
    {0x0818, 0x80, 0x8f}, {0x0040, 0x90, 0x91}, {0x0818, 0x92, 0xbf}, {0x0000, 0x0f, 0x00},
    {0x0808, 0x80, 0x80}, {0x3308, 0x81, 0x83}, {0x0040, 0x84, 0x84}, {0x3308, 0x85, 0x86},
    {0x0040, 0x87, 0x8b}, {0x3308, 0x8c, 0x8f}, {0x0808, 0x90, 0x93}, {0x0040, 0x94, 0x94},
    {0x0808, 0x95, 0x97}, {0x0040, 0x98, 0x98}, {0x0808, 0x99, 0xb5}, {0x0040, 0xb6, 0xb7},
    {0x3308, 0xb8, 0xba}, {0x0040, 0xbb, 0xbe}, {0x3b08, 0xbf, 0xbf}, {0x0000, 0x06, 0x00},
    {0x0818, 0x80, 0x88}, {0x0040, 0x89, 0x8f}, {0x0818, 0x90, 0x98}, {0x0040, 0x99, 0x9f},
    {0x0808, 0xa0, 0xbc}, {0x0818, 0xbd, 0xbf}, {0x0000, 0x03, 0x00}, {0x0808, 0x80, 0x9c},
    {0x0818, 0x9d, 0x9f}, {0x0040, 0xa0, 0xbf}, {0x0000, 0x03, 0x00}, {0x0808, 0x80, 0xb5},
    {0x0040, 0xb6, 0xb8}, {0x0018, 0xb9, 0xbf}, {0x0000, 0x06, 0x00}, {0x0808, 0x80, 0x95},
    {0x0040, 0x96, 0x97}, {0x0818, 0x98, 0x9f}, {0x0808, 0xa0, 0xb2}, {0x0040, 0xb3, 0xb7},
    {0x0818, 0xb8, 0xbf}, {0x0000, 0x01, 0x00}, {0x0808, 0x80, 0xbf}, {0x0000, 0x02, 0x00},
    {0x0808, 0x80, 0x88}, {0x0040, 0x89, 0xbf}, {0x0000, 0x02, 0x00}, {0x03dd, 0x80, 0xb2},
    {0x0040, 0xb3, 0xbf}, {0x0000, 0x03, 0x00}, {0x0808, 0x80, 0xb2}, {0x0040, 0xb3, 0xb9},
    {0x0818, 0xba, 0xbf}, {0x0000, 0x08, 0x00}, {0x0908, 0x80, 0x80}, {0x0a08, 0x81, 0xa1},
    {0x0c08, 0xa2, 0xa2}, {0x0a08, 0xa3, 0xa3}, {0x3308, 0xa4, 0xa7}, {0x0040, 0xa8, 0xaf},
    {0x0808, 0xb0, 0xb9}, {0x0040, 0xba, 0xbf}, {0x0000, 0x07, 0x00}, {0x0808, 0x80, 0x8f},
    {0xe105, 0x90, 0x9f}, {0x8cdd, 0xa0, 0xa5}, {0x0040, 0xa6, 0xa8}, {0x3308, 0xa9, 0xad},
    {0x0018, 0xae, 0xae}, {0x0808, 0xaf, 0xbf}, {0x0000, 0x04, 0x00}, {0x0808, 0x80, 0x85},
    {0x0040, 0x86, 0x8d}, {0x0818, 0x8e, 0x8f}, {0x0040, 0x90, 0xbf}, {0x0000, 0x03, 0x00},
    {0x0040, 0x80, 0x9f}, {0x0818, 0xa0, 0xbe}, {0x0040, 0xbf, 0xbf}, {0x0000, 0x07, 0x00},
    {0x0808, 0x80, 0xa9}, {0x0040, 0xaa, 0xaa}, {0x3308, 0xab, 0xac}, {0x0818, 0xad, 0xad},
    {0x0040, 0xae, 0xaf}, {0x0808, 0xb0, 0xb1}, {0x0040, 0xb2, 0xbf}, {0x0000, 0x09, 0x00},
    {0x0040, 0x80, 0x81}, {0x0c08, 0x82, 0x82}, {0x0a08, 0x83, 0x84}, {0x0808, 0x85, 0x85},
    {0x0a08, 0x86, 0x87}, {0x0040, 0x88, 0x8f}, {0x0018, 0x90, 0x98}, {0x0040, 0x99, 0xb9},
    {0x3308, 0xba, 0xbf}, {0x0000, 0x07, 0x00}, {0x0808, 0x80, 0x9c}, {0x0818, 0x9d, 0xa6},
    {0x0808, 0xa7, 0xa7}, {0x0040, 0xa8, 0xaf}, {0x0a08, 0xb0, 0xb2}, {0x0c08, 0xb3, 0xb3},
    {0x0a08, 0xb4, 0xbf}, {0x0000, 0x0a, 0x00}, {0x0a08, 0x80, 0x84}, {0x0808, 0x85, 0x85},
    {0x3308, 0x86, 0x90}, {0x0a18, 0x91, 0x93}, {0x0c18, 0x94, 0x94}, {0x0818, 0x95, 0x99},
    {0x0040, 0x9a, 0xaf}, {0x0a08, 0xb0, 0xb3}, {0x0c08, 0xb4, 0xb5}, {0x0a08, 0xb6, 0xbf},
    {0x0000, 0x0e, 0x00}, {0x0a08, 0x80, 0x81}, {0x3308, 0x82, 0x85}, {0x0818, 0x86, 0x89},
    {0x0040, 0x8a, 0xaf}, {0x0a08, 0xb0, 0xb0}, {0x0808, 0xb1, 0xb1}, {0x0a08, 0xb2, 0xb3},
    {0x0c08, 0xb4, 0xb6}, {0x0808, 0xb7, 0xb7}, {0x0a08, 0xb8, 0xb8}, {0x0c08, 0xb9, 0xba},
    {0x0a08, 0xbb, 0xbc}, {0x0c08, 0xbd, 0xbd}, {0x0a08, 0xbe, 0xbf}, {0x0000, 0x0b, 0x00},
    {0x0808, 0x80, 0x80}, {0x0a08, 0x81, 0x81}, {0x0c08, 0x82, 0x83}, {0x0a08, 0x84, 0x84},
    {0x0818, 0x85, 0x88}, {0x0c18, 0x89, 0x89}, {0x0a18, 0x8a, 0x8a}, {0x0918, 0x8b, 0x8b},
    {0x0040, 0x8c, 0x9f}, {0x0808, 0xa0, 0xb6}, {0x0040, 0xb7, 0xbf}, {0x0000, 0x05, 0x00},
    {0x3008, 0x80, 0x80}, {0x3308, 0x81, 0x81}, {0x3008, 0x82, 0x82}, {0x0008, 0x83, 0xb7},
    {0x3308, 0xb8, 0xbf}, {0x0000, 0x0c, 0x00}, {0x3308, 0x80, 0x85}, {0x3b08, 0x86, 0x86},
    {0x0018, 0x87, 0x8d}, {0x0040, 0x8e, 0x91}, {0x0018, 0x92, 0xa5}, {0x0008, 0xa6, 0xaf},
    {0x3b08, 0xb0, 0xb0}, {0x0008, 0xb1, 0xb2}, {0x3308, 0xb3, 0xb4}, {0x0008, 0xb5, 0xb5},
    {0x0040, 0xb6, 0xbe}, {0x3b08, 0xbf, 0xbf}, {0x0000, 0x0b, 0x00}, {0x3308, 0x80, 0x81},
    {0x3008, 0x82, 0x82}, {0x0008, 0x83, 0xaf}, {0x3008, 0xb0, 0xb2}, {0x3308, 0xb3, 0xb6},
    {0x3008, 0xb7, 0xb8}, {0x3b08, 0xb9, 0xb9}, {0x3308, 0xba, 0xba}, {0x0018, 0xbb, 0xbc},
    {0x0040, 0xbd, 0xbd}, {0x0018, 0xbe, 0xbf}, {0x0000, 0x07, 0x00}, {0x0018, 0x80, 0x81},
    {0x3308, 0x82, 0x82}, {0x0040, 0x83, 0x8f}, {0x0008, 0x90, 0xa8}, {0x0040, 0xa9, 0xaf},
    {0x0008, 0xb0, 0xb9}, {0x0040, 0xba, 0xbf}, {0x0000, 0x08, 0x00}, {0x3308, 0x80, 0x82},
    {0x0008, 0x83, 0xa6}, {0x3308, 0xa7, 0xab}, {0x3008, 0xac, 0xac}, {0x3308, 0xad, 0xb2},
    {0x3b08, 0xb3, 0xb4}, {0x0040, 0xb5, 0xb5}, {0x0008, 0xb6, 0xbf}, {0x0000, 0x0a, 0x00},
    {0x0018, 0x80, 0x83}, {0x0008, 0x84, 0x84}, {0x3008, 0x85, 0x86}, {0x0008, 0x87, 0x87},
    {0x0040, 0x88, 0x8f}, {0x0008, 0x90, 0xb2}, {0x3308, 0xb3, 0xb3}, {0x0018, 0xb4, 0xb5},
    {0x0008, 0xb6, 0xb6}, {0x0040, 0xb7, 0xbf}, {0x0000, 0x06, 0x00}, {0x3308, 0x80, 0x81},
    {0x3008, 0x82, 0x82}, {0x0008, 0x83, 0xb2}, {0x3008, 0xb3, 0xb5}, {0x3308, 0xb6, 0xbe},
    {0x3008, 0xbf, 0xbf}, {0x0000, 0x0e, 0x00}, {0x3808, 0x80, 0x80}, {0x0008, 0x81, 0x84},
    {0x0018, 0x85, 0x88}, {0x3308, 0x89, 0x8c}, {0x0018, 0x8d, 0x8d}, {0x3008, 0x8e, 0x8e},
    {0x3308, 0x8f, 0x8f}, {0x0008, 0x90, 0x9a}, {0x0018, 0x9b, 0x9b}, {0x0008, 0x9c, 0x9c},
    {0x0018, 0x9d, 0x9f}, {0x0040, 0xa0, 0xa0}, {0x0018, 0xa1, 0xb4}, {0x0040, 0xb5, 0xbf},
    {0x0000, 0x0c, 0x00}, {0x0008, 0x80, 0x91}, {0x0040, 0x92, 0x92}, {0x0008, 0x93, 0xab},
    {0x3008, 0xac, 0xae}, {0x3308, 0xaf, 0xb1}, {0x3008, 0xb2, 0xb3}, {0x3308, 0xb4, 0xb4},
    {0x3808, 0xb5, 0xb5}, {0x3308, 0xb6, 0xb7}, {0x0018, 0xb8, 0xbd}, {0x3308, 0xbe, 0xbe},
    {0x0008, 0xbf, 0xbf}, {0x0000, 0x03, 0x00}, {0x0008, 0x80, 0x80}, {0x3308, 0x81, 0x81},
    {0x0040, 0x82, 0xbf}, {0x0000, 0x0c, 0x00}, {0x0008, 0x80, 0x86}, {0x0040, 0x87, 0x87},
    {0x0008, 0x88, 0x88}, {0x0040, 0x89, 0x89}, {0x0008, 0x8a, 0x8d}, {0x0040, 0x8e, 0x8e},
    {0x0008, 0x8f, 0x9d}, {0x0040, 0x9e, 0x9e}, {0x0008, 0x9f, 0xa8}, {0x0018, 0xa9, 0xa9},
    {0x0040, 0xaa, 0xaf}, {0x0008, 0xb0, 0xbf}, {0x0000, 0x08, 0x00}, {0x0008, 0x80, 0x9e},
    {0x3308, 0x9f, 0x9f}, {0x3008, 0xa0, 0xa2}, {0x3308, 0xa3, 0xa9}, {0x3b08, 0xaa, 0xaa},
    {0x0040, 0xab, 0xaf}, {0x0008, 0xb0, 0xb9}, {0x0040, 0xba, 0xbf}, {0x0000, 0x0b, 0x00},
    {0x0008, 0x80, 0x89}, {0x0040, 0x8a, 0x8a}, {0x0008, 0x8b, 0x8b}, {0x0040, 0x8c, 0x8d},
    {0x0008, 0x8e, 0x8e}, {0x0040, 0x8f, 0x8f}, {0x0008, 0x90, 0xb5}, {0x0040, 0xb6, 0xb6},
    {0x0008, 0xb7, 0xb7}, {0x3008, 0xb8, 0xba}, {0x3308, 0xbb, 0xbf}, {0x0000, 0x03, 0x00},
    {0x0008, 0x80, 0xb4}, {0x3008, 0xb5, 0xb7}, {0x3308, 0xb8, 0xbf}, {0x0000, 0x0e, 0x00},
    {0x3008, 0x80, 0x81}, {0x3b08, 0x82, 0x82}, {0x3308, 0x83, 0x84}, {0x3008, 0x85, 0x85},
    {0x3308, 0x86, 0x86}, {0x0008, 0x87, 0x8a}, {0x0018, 0x8b, 0x8f}, {0x0008, 0x90, 0x99},
    {0x0018, 0x9a, 0x9b}, {0x0040, 0x9c, 0x9c}, {0x0018, 0x9d, 0x9d}, {0x3308, 0x9e, 0x9e},
    {0x0008, 0x9f, 0xa1}, {0x0040, 0xa2, 0xbf}, {0x0000, 0x07, 0x00}, {0x0008, 0x80, 0xaf},
    {0x3008, 0xb0, 0xb2}, {0x3308, 0xb3, 0xb8}, {0x3008, 0xb9, 0xb9}, {0x3308, 0xba, 0xba},
    {0x3008, 0xbb, 0xbe}, {0x3308, 0xbf, 0xbf}, {0x0000, 0x0a, 0x00}, {0x3308, 0x80, 0x80},
    {0x3008, 0x81, 0x81}, {0x3b08, 0x82, 0x82}, {0x3308, 0x83, 0x83}, {0x0008, 0x84, 0x85},
    {0x0018, 0x86, 0x86}, {0x0008, 0x87, 0x87}, {0x0040, 0x88, 0x8f}, {0x0008, 0x90, 0x99},
    {0x0040, 0x9a, 0xbf}, {0x0000, 0x08, 0x00}, {0x0008, 0x80, 0xae}, {0x3008, 0xaf, 0xb1},
    {0x3308, 0xb2, 0xb5}, {0x0040, 0xb6, 0xb7}, {0x3008, 0xb8, 0xbb}, {0x3308, 0xbc, 0xbd},
    {0x3008, 0xbe, 0xbe}, {0x3b08, 0xbf, 0xbf}, {0x0000, 0x05, 0x00}, {0x3308, 0x80, 0x80},
    {0x0018, 0x81, 0x97}, {0x0008, 0x98, 0x9b}, {0x3308, 0x9c, 0x9d}, {0x0040, 0x9e, 0xbf},
    {0x0000, 0x07, 0x00}, {0x0008, 0x80, 0xaf}, {0x3008, 0xb0, 0xb2}, {0x3308, 0xb3, 0xba},
    {0x3008, 0xbb, 0xbc}, {0x3308, 0xbd, 0xbd}, {0x3008, 0xbe, 0xbe}, {0x3b08, 0xbf, 0xbf},
    {0x0000, 0x08, 0x00}, {0x3308, 0x80, 0x80}, {0x0018, 0x81, 0x83}, {0x0008, 0x84, 0x84},
    {0x0040, 0x85, 0x8f}, {0x0008, 0x90, 0x99}, {0x0040, 0x9a, 0x9f}, {0x0018, 0xa0, 0xac},
    {0x0040, 0xad, 0xbf}, {0x0000, 0x0b, 0x00}, {0x0008, 0x80, 0xaa}, {0x3308, 0xab, 0xab},
    {0x3008, 0xac, 0xac}, {0x3308, 0xad, 0xad}, {0x3008, 0xae, 0xaf}, {0x3308, 0xb0, 0xb5},
    {0x3808, 0xb6, 0xb6}, {0x3308, 0xb7, 0xb7}, {0x0008, 0xb8, 0xb8}, {0x0018, 0xb9, 0xb9},
    {0x0040, 0xba, 0xbf}, {0x0000, 0x04, 0x00}, {0x0008, 0x80, 0x89}, {0x0040, 0x8a, 0x8f},
    {0x0008, 0x90, 0xa3}, {0x0040, 0xa4, 0xbf}, {0x0000, 0x0d, 0x00}, {0x0008, 0x80, 0x9a},
    {0x0040, 0x9b, 0x9c}, {0x3308, 0x9d, 0x9d}, {0x3008, 0x9e, 0x9e}, {0x3308, 0x9f, 0x9f},
    {0x3008, 0xa0, 0xa1}, {0x3308, 0xa2, 0xa5}, {0x3008, 0xa6, 0xa6}, {0x3308, 0xa7, 0xaa},
    {0x3b08, 0xab, 0xab}, {0x0040, 0xac, 0xaf}, {0x0008, 0xb0, 0xb9}, {0x0018, 0xba, 0xbf},
    {0x0000, 0x02, 0x00}, {0x0008, 0x80, 0x86}, {0x0040, 0x87, 0xbf}, {0x0000, 0x08, 0x00},
    {0x0008, 0x80, 0xab}, {0x3008, 0xac, 0xae}, {0x3308, 0xaf, 0xb7}, {0x3008, 0xb8, 0xb8},
    {0x3b08, 0xb9, 0xb9}, {0x3308, 0xba, 0xba}, {0x0018, 0xbb, 0xbb}, {0x0040, 0xbc, 0xbf},
    {0x0000, 0x02, 0x00}, {0x0040, 0x80, 0x9f}, {0x049d, 0xa0, 0xbf}, {0x0000, 0x04, 0x00},
    {0x0008, 0x80, 0xa9}, {0x0018, 0xaa, 0xb2}, {0x0040, 0xb3, 0xbe}, {0x0008, 0xbf, 0xbf},
    {0x0000, 0x08, 0x00}, {0x3008, 0x80, 0x80}, {0x0008, 0x81, 0x81}, {0x3008, 0x82, 0x82},
    {0x3308, 0x83, 0x83}, {0x0018, 0x84, 0x86}, {0x0040, 0x87, 0x8f}, {0x0008, 0x90, 0x99},
    {0x0040, 0x9a, 0xbf}, {0x0000, 0x04, 0x00}, {0x0040, 0x80, 0x9f}, {0x0008, 0xa0, 0xa7},
    {0x0040, 0xa8, 0xa9}, {0x0008, 0xaa, 0xbf}, {0x0000, 0x0c, 0x00}, {0x0008, 0x80, 0x90},
    {0x3008, 0x91, 0x93}, {0x3308, 0x94, 0x97}, {0x0040, 0x98, 0x99}, {0x3308, 0x9a, 0x9b},
    {0x3008, 0x9c, 0x9f}, {0x3b08, 0xa0, 0xa0}, {0x0008, 0xa1, 0xa1}, {0x0018, 0xa2, 0xa2},
    {0x0008, 0xa3, 0xa3}, {0x3008, 0xa4, 0xa4}, {0x0040, 0xa5, 0xbf}, {0x0000, 0x0a, 0x00},
    {0x0008, 0x80, 0x80}, {0x3308, 0x81, 0x8a}, {0x0008, 0x8b, 0xb2}, {0x3308, 0xb3, 0xb3},
    {0x3b08, 0xb4, 0xb4}, {0x3308, 0xb5, 0xb8}, {0x3008, 0xb9, 0xb9}, {0x0008, 0xba, 0xba},
    {0x3308, 0xbb, 0xbe}, {0x0018, 0xbf, 0xbf}, {0x0000, 0x08, 0x00}, {0x0018, 0x80, 0x86},
    {0x3b08, 0x87, 0x87}, {0x0040, 0x88, 0x8f}, {0x0008, 0x90, 0x90}, {0x3308, 0x91, 0x96},
    {0x3008, 0x97, 0x98}, {0x3308, 0x99, 0x9b}, {0x0008, 0x9c, 0xbf}, {0x0000, 0x0a, 0x00},
    {0x0008, 0x80, 0x89}, {0x3308, 0x8a, 0x96}, {0x3008, 0x97, 0x97}, {0x3308, 0x98, 0x98},
    {0x3b08, 0x99, 0x99}, {0x0018, 0x9a, 0x9c}, {0x0008, 0x9d, 0x9d}, {0x0018, 0x9e, 0xa2},
    {0x0040, 0xa3, 0xaf}, {0x0008, 0xb0, 0xbf}, {0x0000, 0x02, 0x00}, {0x0008, 0x80, 0xb8},
    {0x0040, 0xb9, 0xbf}, {0x0000, 0x02, 0x00}, {0x0018, 0x80, 0x89}, {0x0040, 0x8a, 0xbf},
    {0x0000, 0x08, 0x00}, {0x0040, 0x80, 0x9f}, {0x3308, 0xa0, 0xa0}, {0x3008, 0xa1, 0xa1},
    {0x3308, 0xa2, 0xa4}, {0x3008, 0xa5, 0xa5}, {0x3308, 0xa6, 0xa6}, {0x3008, 0xa7, 0xa7},
    {0x0040, 0xa8, 0xbf}, {0x0000, 0x05, 0x00}, {0x0008, 0x80, 0xa0}, {0x0018, 0xa1, 0xa1},
    {0x0040, 0xa2, 0xaf}, {0x0008, 0xb0, 0xb9}, {0x0040, 0xba, 0xbf}, {0x0000, 0x09, 0x00},
    {0x0008, 0x80, 0x88}, {0x0040, 0x89, 0x89}, {0x0008, 0x8a, 0xae}, {0x3008, 0xaf, 0xaf},
    {0x3308, 0xb0, 0xb6}, {0x0040, 0xb7, 0xb7}, {0x3308, 0xb8, 0xbd}, {0x3008, 0xbe, 0xbe},
    {0x3b08, 0xbf, 0xbf}, {0x0000, 0x08, 0x00}, {0x0008, 0x80, 0x80}, {0x0018, 0x81, 0x85},
    {0x0040, 0x86, 0x8f}, {0x0008, 0x90, 0x99}, {0x0018, 0x9a, 0xac}, {0x0040, 0xad, 0xaf},
    {0x0018, 0xb0, 0xb1}, {0x0008, 0xb2, 0xbf}, {0x0000, 0x0b, 0x00}, {0x0008, 0x80, 0x8f},
    {0x0040, 0x90, 0x91}, {0x3308, 0x92, 0xa7}, {0x0040, 0xa8, 0xa8}, {0x3008, 0xa9, 0xa9},
    {0x3308, 0xaa, 0xb0}, {0x3008, 0xb1, 0xb1}, {0x3308, 0xb2, 0xb3}, {0x3008, 0xb4, 0xb4},
    {0x3308, 0xb5, 0xb6}, {0x0040, 0xb7, 0xbf}, {0x0000, 0x0c, 0x00}, {0x0008, 0x80, 0x86},
    {0x0040, 0x87, 0x87}, {0x0008, 0x88, 0x89}, {0x0040, 0x8a, 0x8a}, {0x0008, 0x8b, 0xb0},
    {0x3308, 0xb1, 0xb6}, {0x0040, 0xb7, 0xb9}, {0x3308, 0xba, 0xba}, {0x0040, 0xbb, 0xbb},
    {0x3308, 0xbc, 0xbd}, {0x0040, 0xbe, 0xbe}, {0x3308, 0xbf, 0xbf}, {0x0000, 0x0c, 0x00},
    {0x3308, 0x80, 0x83}, {0x3b08, 0x84, 0x85}, {0x0008, 0x86, 0x86}, {0x3308, 0x87, 0x87},
    {0x0040, 0x88, 0x8f}, {0x0008, 0x90, 0x99}, {0x0040, 0x9a, 0x9f}, {0x0008, 0xa0, 0xa5},
    {0x0040, 0xa6, 0xa6}, {0x0008, 0xa7, 0xa8}, {0x0040, 0xa9, 0xa9}, {0x0008, 0xaa, 0xbf},
    {0x0000, 0x0e, 0x00}, {0x0008, 0x80, 0x89}, {0x3008, 0x8a, 0x8e}, {0x0040, 0x8f, 0x8f},
    {0x3308, 0x90, 0x91}, {0x0040, 0x92, 0x92}, {0x3008, 0x93, 0x94}, {0x3308, 0x95, 0x95},
    {0x3008, 0x96, 0x96}, {0x3b08, 0x97, 0x97}, {0x0008, 0x98, 0x98}, {0x0040, 0x99, 0x9f},
    {0x0008, 0xa0, 0xa9}, {0x0040, 0xaa, 0xaf}, {0x0008, 0xb0, 0xbf}, {0x0000, 0x04, 0x00},
    {0x0008, 0x80, 0x9b}, {0x0040, 0x9c, 0x9f}, {0x0008, 0xa0, 0xa9}, {0x0040, 0xaa, 0xbf},
    {0x0000, 0x06, 0x00}, {0x0040, 0x80, 0x9f}, {0x0008, 0xa0, 0xb2}, {0x3308, 0xb3, 0xb4},
    {0x3008, 0xb5, 0xb6}, {0x0018, 0xb7, 0xb8}, {0x0040, 0xb9, 0xbf}, {0x0000, 0x0a, 0x00},
    {0x3308, 0x80, 0x81}, {0x0008, 0x82, 0x82}, {0x3008, 0x83, 0x83}, {0x0008, 0x84, 0x90},
    {0x0040, 0x91, 0x91}, {0x0008, 0x92, 0xb3}, {0x3008, 0xb4, 0xb5}, {0x3308, 0xb6, 0xba},
    {0x0040, 0xbb, 0xbd}, {0x3008, 0xbe, 0xbf}, {0x0000, 0x07, 0x00}, {0x3308, 0x80, 0x80},
    {0x3808, 0x81, 0x81}, {0x3b08, 0x82, 0x82}, {0x0018, 0x83, 0x8f}, {0x0008, 0x90, 0x99},
    {0x3308, 0x9a, 0x9a}, {0x0040, 0x9b, 0xbf}, {0x0000, 0x03, 0x00}, {0x0040, 0x80, 0xaf},
    {0x0008, 0xb0, 0xb0}, {0x0040, 0xb1, 0xbf}, {0x0000, 0x03, 0x00}, {0x0018, 0x80, 0xb1},
    {0x0040, 0xb2, 0xbe}, {0x0018, 0xbf, 0xbf}, {0x0000, 0x02, 0x00}, {0x0008, 0x80, 0x99},
    {0x0040, 0x9a, 0xbf}, {0x0000, 0x04, 0x00}, {0x0018, 0x80, 0xae}, {0x0040, 0xaf, 0xaf},
    {0x0018, 0xb0, 0xb4}, {0x0040, 0xb5, 0xbf}, {0x0000, 0x02, 0x00}, {0x0008, 0x80, 0x83},
    {0x0040, 0x84, 0xbf}, {0x0000, 0x02, 0x00}, {0x0040, 0x80, 0x8f}, {0x0008, 0x90, 0xbf},
    {0x0000, 0x03, 0x00}, {0x0008, 0x80, 0xb0}, {0x0018, 0xb1, 0xb2}, {0x0040, 0xb3, 0xbf},
    {0x0000, 0x02, 0x00}, {0x0008, 0x80, 0xaf}, {0x0340, 0xb0, 0xbf}, {0x0000, 0x05, 0x00},
    {0x3308, 0x80, 0x80}, {0x0008, 0x81, 0x86}, {0x3308, 0x87, 0x95}, {0x0040, 0x96, 0x9f},
    {0x0008, 0xa0, 0xbf}, {0x0000, 0x07, 0x00}, {0x0008, 0x80, 0x9d}, {0x3308, 0x9e, 0xa9},
    {0x3008, 0xaa, 0xac}, {0x3308, 0xad, 0xae}, {0x3b08, 0xaf, 0xaf}, {0x0008, 0xb0, 0xb9},
    {0x0040, 0xba, 0xbf}, {0x0000, 0x06, 0x00}, {0x0008, 0x80, 0x9e}, {0x0040, 0x9f, 0x9f},
    {0x0008, 0xa0, 0xa9}, {0x0040, 0xaa, 0xad}, {0x0018, 0xae, 0xaf}, {0x0008, 0xb0, 0xbf},
    {0x0000, 0x02, 0x00}, {0x0008, 0x80, 0xbe}, {0x0040, 0xbf, 0xbf}, {0x0000, 0x07, 0x00},
    {0x0008, 0x80, 0x89}, {0x0040, 0x8a, 0x8f}, {0x0008, 0x90, 0xad}, {0x0040, 0xae, 0xaf},
    {0x3308, 0xb0, 0xb4}, {0x0018, 0xb5, 0xb5}, {0x0040, 0xb6, 0xbf}, {0x0000, 0x03, 0x00},
    {0x0008, 0x80, 0xaf}, {0x3308, 0xb0, 0xb6}, {0x0018, 0xb7, 0xbf}, {0x0000, 0x0a, 0x00},
    {0x0008, 0x80, 0x83}, {0x0018, 0x84, 0x85}, {0x0040, 0x86, 0x8f}, {0x0008, 0x90, 0x99},
    {0x0040, 0x9a, 0x9a}, {0x0018, 0x9b, 0xa1}, {0x0040, 0xa2, 0xa2}, {0x0008, 0xa3, 0xb7},
    {0x0040, 0xb8, 0xbc}, {0x0008, 0xbd, 0xbf}, {0x0000, 0x02, 0x00}, {0x0008, 0x80, 0x8f},
    {0x0040, 0x90, 0xbf}, {0x0000, 0x06, 0x00}, {0x0008, 0x80, 0xa6}, {0x2008, 0xa7, 0xa8},
    {0x0008, 0xa9, 0xac}, {0x0018, 0xad, 0xaf}, {0x0008, 0xb0, 0xb9}, {0x0040, 0xba, 0xbf},
    {0x0000, 0x02, 0x00}, {0xe105, 0x80, 0x9f}, {0x0008, 0xa0, 0xbf}, {0x0000, 0x02, 0x00},
    {0x0008, 0x80, 0x93}, {0x0040, 0x94, 0xbf}, {0x0000, 0x05, 0x00}, {0x0008, 0x80, 0x8a},
    {0x0040, 0x8b, 0x8e}, {0x3308, 0x8f, 0x8f}, {0x0008, 0x90, 0x90}, {0x3008, 0x91, 0xbf},
    {0x0000, 0x05, 0x00}, {0x3008, 0x80, 0x87}, {0x0040, 0x88, 0x8e}, {0x3308, 0x8f, 0x92},
    {0x0008, 0x93, 0x9f}, {0x0040, 0xa0, 0xbf}, {0x0000, 0x0a, 0x00}, {0x0040, 0x80, 0x9f},
    {0x0008, 0xa0, 0xa1}, {0x0018, 0xa2, 0xa2}, {0x0008, 0xa3, 0xa3}, {0x3308, 0xa4, 0xa4},
    {0x0040, 0xa5, 0xaf}, {0x3008, 0xb0, 0xb1}, {0x0008, 0xb2, 0xb3}, {0x0018, 0xb4, 0xb6},
    {0x0040, 0xb7, 0xbf}, {0x0000, 0x03, 0x00}, {0x0008, 0x80, 0x95}, {0x0040, 0x96, 0xbe},
    {0x0008, 0xbf, 0xbf}, {0x0000, 0x02, 0x00}, {0x0008, 0x80, 0x9e}, {0x0040, 0x9f, 0xbf},
    {0x0000, 0x02, 0x00}, {0x0008, 0x80, 0xb2}, {0x0040, 0xb3, 0xbf}, {0x0000, 0x07, 0x00},
    {0x0040, 0x80, 0xaf}, {0x0008, 0xb0, 0xb3}, {0x0040, 0xb4, 0xb4}, {0x0008, 0xb5, 0xbb},
    {0x0040, 0xbc, 0xbc}, {0x0008, 0xbd, 0xbe}, {0x0040, 0xbf, 0xbf}, {0x0000, 0x04, 0x00},
    {0x0008, 0x80, 0xa2}, {0x0040, 0xa3, 0xb1}, {0x0008, 0xb2, 0xb2}, {0x0040, 0xb3, 0xbf},
    {0x0000, 0x08, 0x00}, {0x0040, 0x80, 0x8f}, {0x0008, 0x90, 0x92}, {0x0040, 0x93, 0x94},
    {0x0008, 0x95, 0x95}, {0x0040, 0x96, 0xa3}, {0x0008, 0xa4, 0xa7}, {0x0040, 0xa8, 0xaf},
    {0x0008, 0xb0, 0xbf}, {0x0000, 0x02, 0x00}, {0x0008, 0x80, 0xbb}, {0x0040, 0xbc, 0xbf},
    {0x0000, 0x04, 0x00}, {0x0008, 0x80, 0xaa}, {0x0040, 0xab, 0xaf}, {0x0008, 0xb0, 0xbc},
    {0x0040, 0xbd, 0xbf}, {0x0000, 0x09, 0x00}, {0x0008, 0x80, 0x88}, {0x0040, 0x89, 0x8f},
    {0x0008, 0x90, 0x99}, {0x0040, 0x9a, 0x9b}, {0x0018, 0x9c, 0x9c}, {0x3308, 0x9d, 0x9e},
    {0x0018, 0x9f, 0x9f}, {0x03c0, 0xa0, 0xa3}, {0x0040, 0xa4, 0xbf}, {0x0000, 0x03, 0x00},
    {0x0018, 0x80, 0xb3}, {0x0040, 0xb4, 0xb9}, {0x0018, 0xba, 0xbf}, {0x0000, 0x04, 0x00},
    {0x0018, 0x80, 0x90}, {0x0040, 0x91, 0x9f}, {0x0018, 0xa0, 0xb0}, {0x0040, 0xb1, 0xbf},
    {0x0000, 0x03, 0x00}, {0x3308, 0x80, 0xad}, {0x0040, 0xae, 0xaf}, {0x3308, 0xb0, 0xbf},
    {0x0000, 0x03, 0x00}, {0x3308, 0x80, 0x86}, {0x0040, 0x87, 0x8f}, {0x0018, 0x90, 0xbf},
    {0x0000, 0x02, 0x00}, {0x0018, 0x80, 0x83}, {0x0040, 0x84, 0xbf}, {0x0000, 0x02, 0x00},
    {0x0018, 0x80, 0xb5}, {0x0040, 0xb6, 0xbf}, {0x0000, 0x03, 0x00}, {0x0018, 0x80, 0xa6},
    {0x0040, 0xa7, 0xa8}, {0x0018, 0xa9, 0xbf}, {0x0000, 0x0e, 0x00}, {0x0018, 0x80, 0x9d},
    {0x2381, 0x9e, 0x9e}, {0x2389, 0x9f, 0x9f}, {0x2391, 0xa0, 0xa0}, {0x2399, 0xa1, 0xa1},
    {0x23a1, 0xa2, 0xa2}, {0x23a9, 0xa3, 0xa3}, {0x23b1, 0xa4, 0xa4}, {0x3018, 0xa5, 0xa6},
    {0x3318, 0xa7, 0xa9}, {0x0018, 0xaa, 0xac}, {0x3018, 0xad, 0xb2}, {0x03c0, 0xb3, 0xba},
    {0x3318, 0xbb, 0xbf}, {0x0000, 0x0b, 0x00}, {0x3318, 0x80, 0x82}, {0x0018, 0x83, 0x84},
    {0x3318, 0x85, 0x8b}, {0x0018, 0x8c, 0xa9}, {0x3318, 0xaa, 0xad}, {0x0018, 0xae, 0xba},
    {0x23b9, 0xbb, 0xbb}, {0x23c1, 0xbc, 0xbc}, {0x23c9, 0xbd, 0xbd}, {0x23d1, 0xbe, 0xbe},
    {0x23d9, 0xbf, 0xbf}, {0x0000, 0x03, 0x00}, {0x23e1, 0x80, 0x80}, {0x0018, 0x81, 0xaa},
    {0x0040, 0xab, 0xbf}, {0x0000, 0x04, 0x00}, {0x0018, 0x80, 0x81}, {0x3318, 0x82, 0x84},
    {0x0018, 0x85, 0x85}, {0x0040, 0x86, 0xbf}, {0x0000, 0x04, 0x00}, {0x0018, 0x80, 0x93},
    {0x0040, 0x94, 0x9f}, {0x0018, 0xa0, 0xb3}, {0x0040, 0xb4, 0xbf}, {0x0000, 0x04, 0x00},
    {0x0018, 0x80, 0x96}, {0x0040, 0x97, 0x9f}, {0x0018, 0xa0, 0xb8}, {0x0040, 0xb9, 0xbf},
    {0x0000, 0x03, 0x00}, {0x3308, 0x80, 0xb6}, {0x0018, 0xb7, 0xba}, {0x3308, 0xbb, 0xbf},
    {0x0000, 0x04, 0x00}, {0x3308, 0x80, 0xac}, {0x0018, 0xad, 0xb4}, {0x3308, 0xb5, 0xb5},
    {0x0018, 0xb6, 0xbf}, {0x0000, 0x08, 0x00}, {0x0018, 0x80, 0x83}, {0x3308, 0x84, 0x84},
    {0x0018, 0x85, 0x8b}, {0x0040, 0x8c, 0x9a}, {0x3308, 0x9b, 0x9f}, {0x0040, 0xa0, 0xa0},
    {0x3308, 0xa1, 0xaf}, {0x0040, 0xb0, 0xbf}, {0x0000, 0x04, 0x00}, {0x0008, 0x80, 0x9e},
    {0x0040, 0x9f, 0xa4}, {0x0008, 0xa5, 0xaa}, {0x0040, 0xab, 0xbf}, {0x0000, 0x03, 0x00},
    {0x0040, 0x80, 0x8e}, {0x3308, 0x8f, 0x8f}, {0x0040, 0x90, 0xbf}, {0x0000, 0x05, 0x00},
    {0x0008, 0x80, 0xac}, {0x0040, 0xad, 0xaf}, {0x3308, 0xb0, 0xb6}, {0x0008, 0xb7, 0xbd},
    {0x0040, 0xbe, 0xbf}, {0x0000, 0x05, 0x00}, {0x0008, 0x80, 0x89}, {0x0040, 0x8a, 0x8d},
    {0x0008, 0x8e, 0x8e}, {0x0018, 0x8f, 0x8f}, {0x0040, 0x90, 0xbf}, {0x0000, 0x04, 0x00},
    {0x0040, 0x80, 0x8f}, {0x0008, 0x90, 0xad}, {0x3308, 0xae, 0xae}, {0x0040, 0xaf, 0xbf},
    {0x0000, 0x05, 0x00}, {0x0008, 0x80, 0xab}, {0x3308, 0xac, 0xaf}, {0x0008, 0xb0, 0xb9},
    {0x0040, 0xba, 0xbe}, {0x0018, 0xbf, 0xbf}, {0x0000, 0x05, 0x00}, {0x0040, 0x80, 0x8f},
    {0x0008, 0x90, 0xab}, {0x3308, 0xac, 0xaf}, {0x0008, 0xb0, 0xb9}, {0x0040, 0xba, 0xbf},
    {0x0000, 0x06, 0x00}, {0x0040, 0x80, 0x8f}, {0x0008, 0x90, 0xad}, {0x3308, 0xae, 0xaf},
    {0x0008, 0xb0, 0xba}, {0x0040, 0xbb, 0xbe}, {0x0018, 0xbf, 0xbf}, {0x0000, 0x0c, 0x00},
    {0x0008, 0x80, 0x9e}, {0x0040, 0x9f, 0x9f}, {0x0008, 0xa0, 0xa2}, {0x3308, 0xa3, 0xa3},
    {0x0008, 0xa4, 0xa5}, {0x3308, 0xa6, 0xa6}, {0x0008, 0xa7, 0xad}, {0x3308, 0xae, 0xaf},
    {0x0008, 0xb0, 0xb4}, {0x3308, 0xb5, 0xb5}, {0x0040, 0xb6, 0xbd}, {0x0008, 0xbe, 0xbf},
    {0x0000, 0x09, 0x00}, {0x0040, 0x80, 0x9f}, {0x0008, 0xa0, 0xa6}, {0x0040, 0xa7, 0xa7},
    {0x0008, 0xa8, 0xab}, {0x0040, 0xac, 0xac}, {0x0008, 0xad, 0xae}, {0x0040, 0xaf, 0xaf},
    {0x0008, 0xb0, 0xbe}, {0x0040, 0xbf, 0xbf}, {0x0000, 0x05, 0x00}, {0x0808, 0x80, 0x84},
    {0x0040, 0x85, 0x86}, {0x0818, 0x87, 0x8f}, {0x3308, 0x90, 0x96}, {0x0040, 0x97, 0xbf},
    {0x0000, 0x08, 0x00}, {0x0a08, 0x80, 0x83}, {0x3308, 0x84, 0x8a}, {0x0b08, 0x8b, 0x8b},
    {0x0040, 0x8c, 0x8f}, {0x0808, 0x90, 0x99}, {0x0040, 0x9a, 0x9d}, {0x0818, 0x9e, 0x9f},
    {0x0040, 0xa0, 0xbf}, {0x0000, 0x02, 0x00}, {0x0040, 0x80, 0xb0}, {0x0818, 0xb1, 0xbf},
    {0x0000, 0x02, 0x00}, {0x0818, 0x80, 0xb4}, {0x0040, 0xb5, 0xbf}, {0x0000, 0x03, 0x00},
    {0x0040, 0x80, 0x80}, {0x0818, 0x81, 0xbd}, {0x0040, 0xbe, 0xbf}, {0x0000, 0x03, 0x00},
    {0x0040, 0x80, 0xaf}, {0x0018, 0xb0, 0xb1}, {0x0040, 0xb2, 0xbf}, {0x0000, 0x03, 0x00},
    {0x0018, 0x80, 0xab}, {0x0040, 0xac, 0xaf}, {0x0018, 0xb0, 0xbf}, {0x0000, 0x05, 0x00},
    {0x0018, 0x80, 0x93}, {0x0040, 0x94, 0x9f}, {0x0018, 0xa0, 0xae}, {0x0040, 0xaf, 0xb0},
    {0x0018, 0xb1, 0xbf}, {0x0000, 0x05, 0x00}, {0x0040, 0x80, 0x80}, {0x0018, 0x81, 0x8f},
    {0x0040, 0x90, 0x90}, {0x0018, 0x91, 0xb5}, {0x0040, 0xb6, 0xbf}, {0x0000, 0x04, 0x00},
    {0x0018, 0x80, 0x8f}, {0x2719, 0x90, 0x90}, {0x0018, 0x91, 0xad}, {0x0040, 0xae, 0xbf},
    {0x0000, 0x02, 0x00}, {0x0040, 0x80, 0xa5}, {0x0018, 0xa6, 0xbf}, {0x0000, 0x0f, 0x00},
    {0x2899, 0x80, 0x80}, {0x28a1, 0x81, 0x81}, {0x28a9, 0x82, 0x82}, {0x28b1, 0x83, 0x83},
    {0x28b9, 0x84, 0x84}, {0x28c1, 0x85, 0x85}, {0x28c9, 0x86, 0x86}, {0x28d1, 0x87, 0x87},
    {0x28d9, 0x88, 0x88}, {0x0040, 0x89, 0x8f}, {0x28e1, 0x90, 0x90}, {0x28e9, 0x91, 0x91},
    {0x0040, 0x92, 0x9f}, {0x0018, 0xa0, 0xa5}, {0x0040, 0xa6, 0xbf}, {0x0000, 0x06, 0x00},
    {0x0018, 0x80, 0x98}, {0x0040, 0x99, 0x9b}, {0x0018, 0x9c, 0xac}, {0x0040, 0xad, 0xaf},
    {0x0018, 0xb0, 0xbc}, {0x0040, 0xbd, 0xbf}, {0x0000, 0x06, 0x00}, {0x0018, 0x80, 0x99},
    {0x0040, 0x9a, 0x9f}, {0x0018, 0xa0, 0xab}, {0x0040, 0xac, 0xaf}, {0x0018, 0xb0, 0xb0},
    {0x0040, 0xb1, 0xbf}, {0x0000, 0x03, 0x00}, {0x0018, 0x80, 0x8b}, {0x0040, 0x8c, 0x8f},
    {0x0018, 0x90, 0xbf}, {0x0000, 0x05, 0x00}, {0x0018, 0x80, 0x87}, {0x0040, 0x88, 0x8f},
    {0x0018, 0x90, 0x99}, {0x0040, 0x9a, 0x9f}, {0x0018, 0xa0, 0xbf}, {0x0000, 0x06, 0x00},
    {0x0018, 0x80, 0x87}, {0x0040, 0x88, 0x8f}, {0x0018, 0x90, 0xad}, {0x0040, 0xae, 0xaf},
    {0x0018, 0xb0, 0xbb}, {0x0040, 0xbc, 0xbf}, {0x0000, 0x04, 0x00}, {0x0018, 0x80, 0x81},
    {0x0040, 0x82, 0x8f}, {0x0018, 0x90, 0x98}, {0x0040, 0x99, 0xbf}, {0x0000, 0x06, 0x00},
    {0x0018, 0x80, 0x97}, {0x0040, 0x98, 0x9f}, {0x0018, 0xa0, 0xad}, {0x0040, 0xae, 0xaf},
    {0x0018, 0xb0, 0xbc}, {0x0040, 0xbd, 0xbf}, {0x0000, 0x03, 0x00}, {0x0018, 0x80, 0x8a},
    {0x0040, 0x8b, 0x8d}, {0x0018, 0x8e, 0xbf}, {0x0000, 0x0a, 0x00}, {0x0018, 0x80, 0x86},
    {0x0040, 0x87, 0x87}, {0x0018, 0x88, 0x88}, {0x0040, 0x89, 0x8c}, {0x0018, 0x8d, 0x9c},
    {0x0040, 0x9d, 0x9e}, {0x0018, 0x9f, 0xaa}, {0x0040, 0xab, 0xae}, {0x0018, 0xaf, 0xb8},
    {0x0040, 0xb9, 0xbf}, {0x0000, 0x03, 0x00}, {0x0018, 0x80, 0x92}, {0x0040, 0x93, 0x93},
    {0x0018, 0x94, 0xbf}, {0x0000, 0x0d, 0x00}, {0x0018, 0x80, 0xaf}, {0x06e1, 0xb0, 0xb0},
    {0x0049, 0xb1, 0xb1}, {0x0029, 0xb2, 0xb2}, {0x0031, 0xb3, 0xb3}, {0x06e9, 0xb4, 0xb4},
    {0x06f1, 0xb5, 0xb5}, {0x06f9, 0xb6, 0xb6}, {0x0701, 0xb7, 0xb7}, {0x0709, 0xb8, 0xb8},
    {0x0711, 0xb9, 0xb9}, {0x0018, 0xba, 0xba}, {0x0040, 0xbb, 0xbf}, {0x0000, 0x02, 0x00},
    {0x0008, 0x80, 0x9f}, {0x0040, 0xa0, 0xbf}, {0x0000, 0x03, 0x00}, {0x0008, 0x80, 0x9d},
    {0x0040, 0x9e, 0x9f}, {0x0008, 0xa0, 0xbf}, {0x0000, 0x03, 0x00}, {0x0008, 0x80, 0xad},
    {0x0040, 0xae, 0xaf}, {0x0008, 0xb0, 0xbf}, {0x0000, 0x03, 0x00}, {0x0008, 0x80, 0xa0},
    {0x0040, 0xa1, 0xaf}, {0x0008, 0xb0, 0xbf}, {0x0000, 0x02, 0x00}, {0x0008, 0x80, 0x9d},
    {0x0040, 0x9e, 0xbf}, {0x0000, 0x03, 0x00}, {0x0008, 0x80, 0x8a}, {0x0040, 0x8b, 0x8f},
    {0x0008, 0x90, 0xbf}, {0x0000, 0x02, 0x00}, {0x0008, 0x80, 0xb9}, {0x0040, 0xba, 0xbf},
    {0x0000, 0x04, 0x00}, {0x0040, 0x80, 0x80}, {0x0340, 0x81, 0x81}, {0x0040, 0x82, 0x9f},
    {0x0340, 0xa0, 0xbf}, {0x0000, 0x01, 0x00}, {0x0340, 0x80, 0xbf}, {0x0000, 0x01, 0x00},
    {0x33c0, 0x80, 0xbf}, {0x0000, 0x02, 0x00}, {0x33c0, 0x80, 0xaf}, {0x0040, 0xb0, 0xbf},
};

/* clang-format on */
